{"type": "FeatureCollection", "features": [{"type": "Feature", "properties": {"route_number": "I-10"}, "geometry": {"type": "MultiLineString", "coordinates": [[[-118.48596, 34.014898], [-118.476047, 34.022356], [-118.474691, 34.023048], [-118.458049, 34.02743], [-118.455221, 34.027883], [-118.451303, 34.027858], [-118.441938, 34.030194], [-118.429059, 34.031829], [-118.415271, 34.031891], [-118.395277, 34.029284], [-118.381829, 34.036326], [-118.379003, 34.037063], [-118.376908, 34.036931], [-118.363726, 34.034155], [-118.360453, 34.033911], [-118.313225, 34.037214], [-118.286199, 34.037002], [-118.27934, 34.038143], [-118.274253, 34.038436], [-118.271843, 34.037672], [-118.246237, 34.024416], [-118.243302, 34.023783], [-118.240838, 34.024147], [-118.230944, 34.028167], [-118.224375, 34.029897], [-118.221462, 34.034604]], [[-118.485796, 34.014755], [-118.474733, 34.022867], [-118.460676, 34.026671], [-118.451462, 34.027654], [-118.429552, 34.031652], [-118.415076, 34.031695], [-118.395255, 34.02911], [-118.378756, 34.036896], [-118.364309, 34.034056], [-118.36022, 34.033746], [-118.313815, 34.036982], [-118.28629, 34.036801], [-118.274207, 34.03811], [-118.246543, 34.024342], [-118.243299, 34.023603], [-118.240713, 34.024004], [-118.230184, 34.028231], [-118.224348, 34.029629], [-118.220971, 34.033673]], [[-118.237851, 34.054483], [-118.236184, 34.054062], [-118.224756, 34.052865], [-118.22415, 34.052919], [-118.223501, 34.053144], [-118.220794, 34.055212], [-118.217814, 34.055739], [-118.214612, 34.056713], [-118.213112, 34.056516], [-118.208559, 34.054515], [-118.206509, 34.054081], [-118.205244, 34.054248], [-118.201573, 34.055538], [-118.19891, 34.055872], [-118.188427, 34.055624], [-118.18612, 34.055738], [-118.184407, 34.056091], [-118.183044, 34.05657], [-118.169264, 34.062619]], [[-118.237791, 34.05478], [-118.224643, 34.052944], [-118.220772, 34.055299], [-118.214626, 34.056778], [-118.212957, 34.056576], [-118.206529, 34.054172], [-118.201478, 34.055634], [-118.199206, 34.055921], [-118.186253, 34.055806], [-118.169264, 34.062619]], [[-118.224545, 34.052665], [-118.22338, 34.052988], [-118.22092, 34.054847], [-118.218823, 34.055386], [-118.213049, 34.055301], [-118.206458, 34.053743], [-118.197982, 34.055599], [-118.186131, 34.055499], [-118.183539, 34.056168], [-118.171397, 34.061454], [-118.169492, 34.061698], [-118.165204, 34.061276], [-118.162301, 34.062618]], [[-118.224511, 34.052405], [-118.218813, 34.055144], [-118.206148, 34.053535], [-118.197722, 34.055361], [-118.185106, 34.055382], [-118.171576, 34.061216], [-118.165192, 34.061121], [-118.163585, 34.061415], [-118.143826, 34.071235], [-118.053394, 34.072262], [-118.044067, 34.068985], [-118.034886, 34.067902], [-118.022875, 34.067904], [-118.015385, 34.065226], [-118.008503, 34.063954], [-117.940789, 34.072304], [-117.871587, 34.071701], [-117.859538, 34.068088], [-117.846762, 34.068154], [-117.840219, 34.068836], [-117.826515, 34.064041], [-117.820508, 34.063573], [-117.812413, 34.063756], [-117.806531, 34.065099], [-117.789136, 34.072503], [-117.776997, 34.072763], [-117.764386, 34.070909], [-117.761983, 34.070806], [-117.760579, 34.070943], [-117.75665, 34.072007], [-117.73351, 34.08125], [-117.700282, 34.081691], [-117.695514, 34.082859], [-117.686658, 34.086594], [-117.683111, 34.087132], [-117.640326, 34.086597], [-117.610364, 34.070129], [-117.604588, 34.068228], [-117.599399, 34.067609], [-117.531834, 34.067245], [-117.517239, 34.06756], [-117.506335, 34.065652], [-117.502317, 34.065468], [-117.353006, 34.068897], [-117.339151, 34.068231], [-117.333376, 34.066711], [-117.314891, 34.064899], [-117.290475, 34.063329], [-117.265127, 34.063831], [-117.250491, 34.066523], [-117.203537, 34.066381], [-117.196051, 34.062858], [-117.192559, 34.061748], [-117.176498, 34.060976], [-117.165365, 34.055622], [-117.159269, 34.049336], [-117.15452, 34.039966], [-117.152311, 34.038157], [-117.148513, 34.036161], [-117.12734, 34.028236], [-117.107069, 34.023344], [-117.095954, 34.016525], [-117.09392, 34.015638], [-117.070345, 34.010991], [-117.067597, 34.008322], [-117.061744, 33.997657], [-117.05467, 33.987364], [-117.050303, 33.979018], [-117.048438, 33.976706], [-117.007973, 33.949272], [-116.996957, 33.937692], [-116.990609, 33.933179], [-116.981208, 33.927468], [-116.978622, 33.926911], [-116.920786, 33.925793], [-116.90991, 33.924192], [-116.862186, 33.924256], [-116.855908, 33.925204], [-116.832296, 33.931079], [-116.825422, 33.931344], [-116.819593, 33.930094], [-116.808373, 33.921967], [-116.801015, 33.919125], [-116.795547, 33.918576], [-116.771591, 33.918691], [-116.747579, 33.921303], [-116.736862, 33.924722], [-116.711525, 33.920917], [-116.706516, 33.921465], [-116.694496, 33.924559], [-116.682091, 33.922478], [-116.657122, 33.921811], [-116.640894, 33.923566], [-116.625358, 33.918588], [-116.559224, 33.905162], [-116.544738, 33.904491], [-116.531879, 33.900515], [-116.523374, 33.895924], [-116.489514, 33.867665], [-116.411052, 33.821148], [-116.39903, 33.812431], [-116.391485, 33.807726], [-116.320034, 33.765615], [-116.274874, 33.750582], [-116.268677, 33.749305], [-116.262837, 33.745191], [-116.250401, 33.739132], [-116.243291, 33.738095], [-116.233924, 33.739328], [-116.216566, 33.737765], [-116.193872, 33.718199], [-116.189054, 33.715638], [-116.185961, 33.715024], [-116.16685, 33.714594], [-116.133363, 33.704465]], [[-118.169264, 34.062619], [-118.169262, 34.062619]], [[-118.169262, 34.062619], [-118.162064, 34.062875]], [[-118.169262, 34.062619], [-118.162301, 34.062618]], [[-118.162301, 34.062618], [-118.144692, 34.071257], [-118.051842, 34.072395]], [[-118.162301, 34.062618], [-118.162064, 34.062875]], [[-118.162064, 34.062875], [-118.144325, 34.071735], [-118.141179, 34.071475], [-118.052247, 34.072525]], [[-118.162064, 34.062875], [-118.144476, 34.071834], [-118.052247, 34.072525]], [[-118.052247, 34.072525], [-118.047196, 34.072575]], [[-118.052247, 34.072525], [-118.051842, 34.072395]], [[-118.051842, 34.072395], [-118.047196, 34.072575]], [[-118.051842, 34.072395], [-118.043339, 34.069042], [-118.02283, 34.068072], [-118.008865, 34.064143], [-117.938971, 34.072545], [-117.870027, 34.071873], [-117.859391, 34.068245], [-117.839948, 34.068973], [-117.827295, 34.064401], [-117.817265, 34.063817], [-117.807828, 34.064924], [-117.791745, 34.07203], [-117.78806, 34.072824], [-117.777058, 34.072908], [-117.759305, 34.071298], [-117.735478, 34.080831], [-117.732678, 34.081544], [-117.699508, 34.082064], [-117.686752, 34.086814], [-117.683692, 34.087339], [-117.644709, 34.087496], [-117.640028, 34.086761], [-117.636282, 34.08524], [-117.609421, 34.070005], [-117.596398, 34.067747], [-117.517725, 34.067901], [-117.502948, 34.065669], [-117.353012, 34.069167], [-117.338479, 34.068361], [-117.319154, 34.065439], [-117.290293, 34.063599], [-117.264525, 34.064109], [-117.250619, 34.066724], [-117.202958, 34.066495], [-117.192919, 34.062077], [-117.176413, 34.061238], [-117.164774, 34.055607], [-117.158676, 34.048951], [-117.15434, 34.040234], [-117.148566, 34.036449], [-117.127485, 34.028458], [-117.106877, 34.023448], [-117.094074, 34.015956], [-117.069833, 34.01097], [-117.067197, 34.008179], [-117.048203, 33.976782], [-117.006773, 33.948715], [-116.996287, 33.93743], [-116.981355, 33.927756], [-116.920383, 33.926004], [-116.909371, 33.924372], [-116.863099, 33.924455], [-116.832801, 33.931296], [-116.824527, 33.931547], [-116.819119, 33.930107], [-116.807255, 33.921799], [-116.796774, 33.918903], [-116.771801, 33.918937], [-116.747117, 33.921712], [-116.736784, 33.924979], [-116.711619, 33.921229], [-116.695323, 33.924821], [-116.682127, 33.922648], [-116.65672, 33.922039], [-116.640493, 33.923797], [-116.625705, 33.918934], [-116.558827, 33.905348], [-116.547296, 33.904974], [-116.543019, 33.904347], [-116.531717, 33.900732], [-116.523554, 33.896319], [-116.489864, 33.86822], [-116.410385, 33.821115], [-116.396015, 33.810706], [-116.321698, 33.766672], [-116.268729, 33.749591], [-116.249111, 33.739144], [-116.233002, 33.739657], [-116.215415, 33.737755], [-116.194706, 33.719971], [-116.187832, 33.715842], [-116.167117, 33.714933], [-116.13328, 33.705071]], [[-118.047196, 34.072575], [-118.04223, 34.071166]], [[-116.133347, 33.70446], [-116.126825, 33.70247], [-116.102277, 33.697925], [-116.082236, 33.70018], [-116.06695, 33.699287], [-116.049833, 33.691872], [-115.996276, 33.679156], [-115.972473, 33.679646], [-115.888033, 33.66522], [-115.810006, 33.660047], [-115.72794, 33.659779], [-115.719125, 33.660275], [-115.683697, 33.665842], [-115.582598, 33.673279], [-115.416537, 33.709897], [-115.380443, 33.71048], [-115.306926, 33.700897], [-115.115759, 33.64442], [-115.083294, 33.636097], [-115.075827, 33.631327], [-115.072583, 33.630028], [-114.984745, 33.606211], [-114.925996, 33.605796], [-114.841814, 33.609605], [-114.778126, 33.609807], [-114.770516, 33.608648], [-114.724223, 33.609139], [-114.711586, 33.606646], [-114.619746, 33.606431], [-114.546022, 33.607742], [-114.530848, 33.604641]], [[-116.133263, 33.705066], [-116.102489, 33.698552], [-116.080752, 33.700863], [-116.066501, 33.699831], [-116.048972, 33.692247], [-115.996202, 33.679735], [-115.973616, 33.680268], [-115.88791, 33.665608], [-115.810722, 33.660476], [-115.725314, 33.660196], [-115.683105, 33.666324], [-115.582217, 33.673773], [-115.417078, 33.710213], [-115.379449, 33.710814], [-115.306753, 33.701293], [-115.11574, 33.644845], [-115.08268, 33.636352], [-115.072821, 33.630512], [-114.98487, 33.606718], [-114.925639, 33.606214], [-114.841396, 33.610009], [-114.779031, 33.610239], [-114.769743, 33.60904], [-114.725048, 33.609524], [-114.710654, 33.606871], [-114.545031, 33.607951], [-114.530698, 33.60476]]]}}, {"type": "Feature", "properties": {"route_number": "I-105"}, "geometry": {"type": "MultiLineString", "coordinates": [[[-118.404928, 33.931501], [-118.381698, 33.931317], [-118.368762, 33.93023], [-118.356588, 33.933591], [-118.352481, 33.933792], [-118.347327, 33.932289], [-118.337787, 33.926067], [-118.332514, 33.925039], [-118.3098, 33.925757], [-118.293768, 33.928896], [-118.278367, 33.928903], [-118.259822, 33.92765], [-118.247532, 33.928946], [-118.232766, 33.928208], [-118.225978, 33.929614], [-118.222694, 33.929774], [-118.217994, 33.928639], [-118.189842, 33.916341], [-118.174002, 33.911353], [-118.148852, 33.913039], [-118.09918, 33.914381]], [[-118.404907, 33.93135], [-118.369279, 33.929839], [-118.352646, 33.933416], [-118.346223, 33.931304], [-118.338, 33.925765], [-118.332956, 33.924701], [-118.309526, 33.925395], [-118.292987, 33.928494], [-118.260006, 33.927313], [-118.248093, 33.928614], [-118.232534, 33.927881], [-118.22324, 33.929513], [-118.190941, 33.916374], [-118.174499, 33.911093], [-118.09918, 33.914266]]]}}, {"type": "Feature", "properties": {"route_number": "I-110"}, "geometry": {"type": "MultiLineString", "coordinates": [[[-118.292389, 33.746688], [-118.291004, 33.748385], [-118.291246, 33.754573], [-118.290442, 33.757545], [-118.288618, 33.759985], [-118.283686, 33.764028], [-118.27989, 33.772668], [-118.282055, 33.79041], [-118.288167, 33.799137], [-118.289108, 33.801746], [-118.287457, 33.81092], [-118.287466, 33.836786], [-118.285163, 33.84643], [-118.284753, 33.857451], [-118.286749, 33.898929], [-118.286692, 33.913344], [-118.286407, 33.915182], [-118.285634, 33.917077], [-118.281604, 33.922683], [-118.280201, 33.93664], [-118.279685, 33.947575], [-118.28092, 33.955222], [-118.281066, 34.014617], [-118.280135, 34.017956], [-118.274645, 34.027656], [-118.274669, 34.034213], [-118.273427, 34.041837], [-118.272539, 34.043519], [-118.271054, 34.045161], [-118.259706, 34.05225], [-118.253306, 34.058878], [-118.247304, 34.064032], [-118.237178, 34.068554], [-118.234177, 34.073446], [-118.224202, 34.08188], [-118.218716, 34.085143], [-118.210666, 34.087263], [-118.207675, 34.090045], [-118.205941, 34.094817], [-118.203118, 34.099073], [-118.200353, 34.10164], [-118.197063, 34.102958], [-118.192205, 34.103309], [-118.185616, 34.108278], [-118.184696, 34.110629], [-118.184117, 34.111227], [-118.182921, 34.111584], [-118.179812, 34.111419], [-118.169234, 34.117628], [-118.161852, 34.119261], [-118.147918, 34.119649], [-118.14605, 34.121956], [-118.147337, 34.127525]], [[-118.292184, 33.746624], [-118.290847, 33.748223], [-118.290282, 33.757456], [-118.283539, 33.763957], [-118.279719, 33.77266], [-118.281977, 33.790694], [-118.288887, 33.801972], [-118.287292, 33.810253], [-118.287157, 33.837141], [-118.284929, 33.846244], [-118.284469, 33.858802], [-118.286481, 33.913348], [-118.281439, 33.922437], [-118.27975, 33.936023], [-118.279372, 33.948014], [-118.280708, 33.955224], [-118.280835, 34.014809], [-118.274452, 34.027577], [-118.273265, 34.041643], [-118.270782, 34.045142], [-118.259664, 34.052102], [-118.247327, 34.06384], [-118.242927, 34.065423], [-118.235989, 34.069139], [-118.234224, 34.072804], [-118.225391, 34.080702], [-118.218888, 34.084933], [-118.210652, 34.087126], [-118.207567, 34.089995], [-118.205914, 34.09465], [-118.200222, 34.101593], [-118.192133, 34.103219], [-118.185456, 34.108261], [-118.183994, 34.111145], [-118.179749, 34.111312], [-118.168869, 34.117642], [-118.147853, 34.119564], [-118.145919, 34.121921], [-118.147206, 34.127525]]]}}, {"type": "Feature", "properties": {"route_number": "I-15"}, "geometry": {"type": "MultiLineString", "coordinates": [[[-117.332772, 33.686608], [-117.340194, 33.694158], [-117.357123, 33.705986], [-117.359524, 33.709392], [-117.363347, 33.718522], [-117.370677, 33.724922], [-117.388675, 33.729648], [-117.398511, 33.730394], [-117.405731, 33.733015], [-117.415095, 33.733158], [-117.419573, 33.734033], [-117.430759, 33.740512], [-117.440689, 33.742994], [-117.450816, 33.747484], [-117.453808, 33.749626], [-117.458948, 33.755361], [-117.473956, 33.763068], [-117.48469, 33.772299], [-117.504676, 33.801533], [-117.511951, 33.814999], [-117.527596, 33.828619], [-117.533763, 33.838509], [-117.535157, 33.843238], [-117.534645, 33.850188], [-117.536523, 33.859143], [-117.543294, 33.867042], [-117.544483, 33.869646], [-117.547189, 33.881283], [-117.558405, 33.894954], [-117.559802, 33.897838], [-117.560451, 33.90119], [-117.557104, 33.919321], [-117.555423, 33.94462], [-117.548992, 33.957934], [-117.549094, 33.984983], [-117.550511, 33.994212], [-117.550391, 34.046316], [-117.549624, 34.049931], [-117.5452, 34.060581], [-117.544898, 34.086667], [-117.544574, 34.090136], [-117.543233, 34.094521], [-117.541589, 34.097461], [-117.538799, 34.100867], [-117.535237, 34.103997], [-117.456287, 34.169422], [-117.441277, 34.178292], [-117.43157, 34.18639], [-117.421396, 34.193684], [-117.413383, 34.207951], [-117.410177, 34.22234], [-117.411042, 34.225141], [-117.43286, 34.242338], [-117.438028, 34.247096], [-117.447281, 34.252084], [-117.449741, 34.255217], [-117.450313, 34.257344], [-117.449824, 34.273722], [-117.452318, 34.279826], [-117.452396, 34.291238], [-117.460505, 34.302113], [-117.468539, 34.306266], [-117.477204, 34.313679], [-117.480399, 34.317813], [-117.481878, 34.321472], [-117.482366, 34.324409], [-117.482513, 34.340532], [-117.481583, 34.343149], [-117.477995, 34.346565], [-117.473054, 34.347921], [-117.461172, 34.344077], [-117.452974, 34.345177], [-117.440763, 34.35334], [-117.434421, 34.361244], [-117.42285, 34.374015], [-117.403335, 34.397552], [-117.339789, 34.478834], [-117.324537, 34.502998], [-117.318883, 34.523036], [-117.310921, 34.538421], [-117.308726, 34.54059], [-117.291004, 34.551912], [-117.284902, 34.562723], [-117.260169, 34.590402], [-117.217462, 34.645315], [-117.210147, 34.668382], [-117.213237, 34.682784], [-117.212816, 34.687549], [-117.196156, 34.719201], [-117.19335, 34.723705], [-117.166671, 34.753145], [-117.098454, 34.809092], [-117.082242, 34.863735], [-117.080962, 34.866315], [-117.079012, 34.868725], [-117.063752, 34.882175], [-117.060506, 34.883961], [-117.046282, 34.886255], [-117.009302, 34.886485], [-116.983232, 34.904485], [-116.980242, 34.905795], [-116.971631, 34.908321], [-116.967842, 34.908437], [-116.936534, 34.903764], [-116.924435, 34.901599], [-116.897322, 34.901295], [-116.824953, 34.911199], [-116.805792, 34.911164], [-116.724795, 34.927874], [-116.682092, 34.947575], [-116.560172, 35.000765], [-116.471772, 35.032595], [-116.399952, 35.078845], [-116.396952, 35.079415], [-116.387262, 35.079735], [-116.379782, 35.082905], [-116.375782, 35.083935], [-116.345058, 35.087452], [-116.337069, 35.088246], [-116.324591, 35.087394], [-116.293902, 35.098185], [-116.264432, 35.101875], [-116.214722, 35.130825], [-116.164402, 35.185175], [-116.154368, 35.193124], [-116.149952, 35.194785], [-116.127932, 35.197475], [-116.121652, 35.200595], [-116.092092, 35.249535], [-116.088462, 35.253885], [-116.051952, 35.277045], [-116.046202, 35.283415], [-116.043832, 35.285445], [-115.917582, 35.364955], [-115.912112, 35.367945], [-115.830982, 35.393155], [-115.791442, 35.402875], [-115.594592, 35.472295], [-115.589062, 35.473875], [-115.571602, 35.475485], [-115.553592, 35.471205], [-115.525192, 35.468055], [-115.503362, 35.471105], [-115.487832, 35.467795], [-115.471972, 35.461335], [-115.465382, 35.462485], [-115.453792, 35.468995], [-115.448242, 35.474785], [-115.39144, 35.607481]], [[-117.092983, 33.104826], [-117.097701, 33.112591], [-117.103363, 33.122624], [-117.10503, 33.127053], [-117.105407, 33.131866], [-117.104224, 33.155476], [-117.105545, 33.161482], [-117.128425, 33.201474], [-117.142593, 33.22164], [-117.156583, 33.253661], [-117.158763, 33.260888], [-117.158622, 33.266674], [-117.157531, 33.270319], [-117.149865, 33.2857], [-117.150567, 33.306643], [-117.152171, 33.312809], [-117.15734, 33.3212], [-117.159271, 33.327016], [-117.159927, 33.361343], [-117.162804, 33.367092], [-117.169219, 33.373572], [-117.172367, 33.377949], [-117.174407, 33.383158], [-117.174851, 33.388266], [-117.173798, 33.393874], [-117.170551, 33.399859], [-117.15101, 33.425978], [-117.141106, 33.435859], [-117.135907, 33.448591], [-117.136846, 33.468889], [-117.144968, 33.491873], [-117.151547, 33.500748], [-117.158429, 33.515384], [-117.179977, 33.54736], [-117.196399, 33.557184], [-117.241078, 33.591366], [-117.270816, 33.624005], [-117.297175, 33.660572], [-117.306937, 33.668524], [-117.323199, 33.676811], [-117.325782, 33.678961], [-117.332761, 33.686597]], [[-117.332604, 33.686907], [-117.338567, 33.69331], [-117.356747, 33.70609], [-117.362919, 33.718456], [-117.370537, 33.725191], [-117.38839, 33.729913], [-117.39853, 33.730725], [-117.405591, 33.733318], [-117.419361, 33.734255], [-117.430913, 33.740878], [-117.450326, 33.747552], [-117.458369, 33.75534], [-117.473442, 33.763042], [-117.484605, 33.772737], [-117.504835, 33.802414], [-117.512182, 33.815867], [-117.527146, 33.828621], [-117.533405, 33.83859], [-117.534142, 33.849483], [-117.536218, 33.85948], [-117.543149, 33.86745], [-117.547086, 33.881851], [-117.55802, 33.895091], [-117.560072, 33.901664], [-117.556578, 33.920823], [-117.55525, 33.943654], [-117.548699, 33.958011], [-117.548766, 33.985455], [-117.550156, 33.993294], [-117.55013, 34.046386], [-117.544874, 34.060243], [-117.544288, 34.090299], [-117.541334, 34.097252], [-117.535027, 34.103784], [-117.456054, 34.169182], [-117.440291, 34.178523], [-117.421074, 34.193487], [-117.413273, 34.207356], [-117.409705, 34.222499], [-117.410516, 34.225388], [-117.437601, 34.247167], [-117.448532, 34.253912], [-117.44991, 34.257343], [-117.449431, 34.273555], [-117.451966, 34.279904], [-117.451999, 34.291342], [-117.460442, 34.302557], [-117.468157, 34.306411], [-117.478961, 34.316069], [-117.481956, 34.323419], [-117.481426, 34.335252], [-117.476052, 34.339727], [-117.458532, 34.340709], [-117.441237, 34.348017], [-117.435396, 34.359751], [-117.422221, 34.3742], [-117.404398, 34.395745], [-117.338766, 34.479791], [-117.324166, 34.503211], [-117.318505, 34.523207], [-117.310511, 34.538591], [-117.290827, 34.551884], [-117.284736, 34.562638], [-117.261879, 34.587861], [-117.216993, 34.645482], [-117.209825, 34.66829], [-117.212894, 34.68264], [-117.212465, 34.687588], [-117.193393, 34.723138], [-117.165638, 34.753695], [-117.098283, 34.808891], [-117.081923, 34.863861], [-117.078973, 34.868381], [-117.060752, 34.883609], [-117.044893, 34.885901], [-117.009393, 34.886211], [-116.983743, 34.903911], [-116.971343, 34.908181], [-116.925043, 34.901451], [-116.897493, 34.901041], [-116.824873, 34.910971], [-116.806273, 34.910761], [-116.725143, 34.927401], [-116.560035, 35.00046], [-116.471109, 35.032477], [-116.400043, 35.078441], [-116.387543, 35.079331], [-116.374713, 35.083731], [-116.337323, 35.087941], [-116.324013, 35.087171], [-116.293643, 35.097892], [-116.263653, 35.101912], [-116.213873, 35.131042], [-116.163415, 35.18564], [-116.154576, 35.192559], [-116.149976, 35.194463], [-116.127733, 35.197152], [-116.121163, 35.200512], [-116.087623, 35.254042], [-116.051783, 35.276752], [-116.044183, 35.284832], [-115.912613, 35.367382], [-115.829853, 35.393142], [-115.791301, 35.402582], [-115.590253, 35.473232], [-115.573067, 35.474739], [-115.560343, 35.471772], [-115.524199, 35.467733], [-115.502903, 35.470162], [-115.471863, 35.460972], [-115.465033, 35.462242], [-115.453853, 35.468532], [-115.447633, 35.475172], [-115.391069, 35.607186]], [[-117.079101, 33.089282], [-117.089536, 33.099792], [-117.103114, 33.122767], [-117.105109, 33.130201], [-117.103909, 33.155321], [-117.10519, 33.161438], [-117.1281, 33.201608], [-117.142224, 33.221935], [-117.158289, 33.26028], [-117.157487, 33.269254], [-117.149321, 33.286621], [-117.150287, 33.307048], [-117.151915, 33.31301], [-117.158874, 33.326932], [-117.159405, 33.360992], [-117.16303, 33.367964], [-117.172284, 33.378469], [-117.174471, 33.388316], [-117.173363, 33.393938], [-117.169548, 33.40067], [-117.151104, 33.425269], [-117.139511, 33.43743], [-117.135511, 33.448468], [-117.136461, 33.469134], [-117.144376, 33.491336], [-117.150644, 33.499806], [-117.158159, 33.51562], [-117.179666, 33.547528], [-117.197048, 33.558165], [-117.240343, 33.591203], [-117.270035, 33.623713], [-117.295831, 33.659575], [-117.30519, 33.667736], [-117.324011, 33.677786], [-117.332594, 33.686895]], [[-117.123164, 32.691125], [-117.121261, 32.694293], [-117.120684, 32.705499], [-117.117694, 32.719587], [-117.116965, 32.721277], [-117.112597, 32.727822], [-117.111864, 32.730095], [-117.113715, 32.739437], [-117.108985, 32.747833], [-117.109207, 32.76164], [-117.112805, 32.770775], [-117.111917, 32.776711], [-117.114487, 32.785349], [-117.112385, 32.797422], [-117.115417, 32.816833], [-117.121198, 32.839456], [-117.120523, 32.842727], [-117.113072, 32.860057], [-117.109031, 32.866819], [-117.107676, 32.872847], [-117.108676, 32.879831], [-117.115136, 32.891998], [-117.116582, 32.897133], [-117.116748, 32.913032], [-117.116053, 32.919304], [-117.114154, 32.928365], [-117.109311, 32.94333], [-117.083397, 32.984591], [-117.083956, 32.994846], [-117.083461, 32.997946], [-117.080915, 33.006344], [-117.078788, 33.03049], [-117.078238, 33.032597], [-117.073362, 33.044676], [-117.072939, 33.052499], [-117.069137, 33.064022], [-117.07259, 33.081115], [-117.076169, 33.086155], [-117.085531, 33.094899], [-117.088408, 33.097922], [-117.089639, 33.09946], [-117.090535, 33.100769]], [[-117.123077, 32.691081], [-117.120529, 32.695208], [-117.120446, 32.705779], [-117.117569, 32.719522], [-117.112789, 32.72686], [-117.11161, 32.729624], [-117.113157, 32.739846], [-117.108579, 32.747171], [-117.109159, 32.763813], [-117.112374, 32.770673], [-117.111613, 32.77625], [-117.114259, 32.785391], [-117.111921, 32.793957], [-117.112697, 32.802779], [-117.116362, 32.823417], [-117.120751, 32.839458], [-117.108466, 32.866713], [-117.107387, 32.870123], [-117.106936, 32.873209], [-117.108158, 32.880428], [-117.116006, 32.897133], [-117.115863, 32.917064], [-117.108707, 32.943472], [-117.087129, 32.977233], [-117.083878, 32.982461], [-117.082848, 32.985022], [-117.082522, 32.987914], [-117.083411, 32.995861], [-117.080536, 33.005344], [-117.080095, 33.00762], [-117.078582, 33.021435], [-117.078296, 33.030529], [-117.072821, 33.044669], [-117.072366, 33.052718], [-117.06967, 33.059233], [-117.068805, 33.062822], [-117.068704, 33.065377], [-117.070162, 33.075715], [-117.070768, 33.077726], [-117.071506, 33.079597], [-117.072345, 33.081264], [-117.07294, 33.082311], [-117.073263, 33.08278]], [[-117.112181, 32.860823], [-117.111464, 32.861848]], [[-117.112093, 32.860785], [-117.111464, 32.861848]], [[-117.111464, 32.861848], [-117.107975, 32.868746], [-117.10738, 32.875153], [-117.108736, 32.880771], [-117.116098, 32.895864], [-117.115929, 32.917822], [-117.109683, 32.94184], [-117.10803, 32.945124], [-117.100082, 32.957413]], [[-117.092983, 33.104826], [-117.100345, 33.11754]], [[-117.079101, 33.089282], [-117.089867, 33.100093], [-117.100183, 33.117594]], [[-117.100082, 32.957413], [-117.097375, 32.961437], [-117.084124, 32.98241], [-117.083398, 32.983839], [-117.082925, 32.985341], [-117.082726, 32.987967], [-117.083631, 32.995629], [-117.081015, 33.004315], [-117.080417, 33.007208], [-117.078796, 33.021542], [-117.078491, 33.030448], [-117.073127, 33.044365], [-117.072756, 33.046475], [-117.072568, 33.052546], [-117.069676, 33.059659], [-117.069198, 33.061357], [-117.068927, 33.063088], [-117.068914, 33.066327], [-117.070377, 33.076065], [-117.071436, 33.079246], [-117.073263, 33.08278]], [[-117.100082, 32.957413], [-117.08319, 32.984769], [-117.083741, 32.995556], [-117.08055, 33.006898], [-117.078537, 33.030662], [-117.073227, 33.044433], [-117.072658, 33.052548], [-117.068989, 33.063491], [-117.070325, 33.075197], [-117.07277, 33.081645], [-117.075985, 33.086046], [-117.086919, 33.096388], [-117.090535, 33.100769]], [[-117.090535, 33.100769], [-117.090799, 33.101166], [-117.091674, 33.102586], [-117.092983, 33.104826]], [[-117.090535, 33.100769], [-117.092983, 33.104826]], [[-117.077263, 33.087563], [-117.079101, 33.089282]], [[-117.077263, 33.087563], [-117.0786, 33.088814], [-117.079101, 33.089282]], [[-117.073784, 33.083561], [-117.077263, 33.087563]], [[-117.073784, 33.083561], [-117.075637, 33.086032], [-117.077263, 33.087563]], [[-117.073508, 33.083159], [-117.073784, 33.083561]], [[-117.073508, 33.083159], [-117.073651, 33.083372], [-117.073784, 33.083561]], [[-117.073457, 33.083083], [-117.073508, 33.083159]], [[-117.073457, 33.083083], [-117.073473, 33.083108], [-117.073508, 33.083159]], [[-117.073263, 33.08278], [-117.073454, 33.083078], [-117.073457, 33.083083]], [[-117.073263, 33.08278], [-117.073457, 33.083083]]]}}, {"type": "Feature", "properties": {"route_number": "I-205"}, "geometry": {"type": "MultiLineString", "coordinates": [[[-121.573376, 37.741991], [-121.549687, 37.743698], [-121.498161, 37.740824], [-121.492557, 37.742218], [-121.444835, 37.761763], [-121.440972, 37.762792], [-121.409369, 37.764996], [-121.354141, 37.765145], [-121.33503, 37.767037], [-121.329442, 37.769296]], [[-121.571773, 37.741926], [-121.549761, 37.743529], [-121.497356, 37.740623], [-121.492523, 37.741914], [-121.440905, 37.762501], [-121.410329, 37.764669], [-121.351415, 37.765095], [-121.329775, 37.7675], [-121.322319, 37.773744]]]}}, {"type": "Feature", "properties": {"route_number": "I-210"}, "geometry": {"type": "MultiLineString", "coordinates": [[[-118.490799, 34.316671], [-118.487065, 34.316889], [-118.478893, 34.32292], [-118.448965, 34.322889], [-118.430818, 34.309367], [-118.397358, 34.278532], [-118.395114, 34.277695], [-118.378217, 34.274402], [-118.341909, 34.270242], [-118.337774, 34.267837], [-118.324535, 34.25416]], [[-118.490286, 34.317449], [-118.486616, 34.317682], [-118.478821, 34.323097], [-118.448858, 34.323037], [-118.430488, 34.309367], [-118.397012, 34.278618], [-118.378237, 34.274601], [-118.342408, 34.270639], [-118.337318, 34.267673], [-118.324355, 34.254259]], [[-118.324524, 34.254149], [-118.321522, 34.246948], [-118.319699, 34.244651], [-118.316568, 34.242746], [-118.309397, 34.240685], [-118.303092, 34.236341], [-118.301092, 34.235326], [-118.297397, 34.234581], [-118.280176, 34.234236], [-118.261219, 34.229951], [-118.230337, 34.212804], [-118.220743, 34.208715], [-118.217057, 34.207329], [-118.214957, 34.206956], [-118.200141, 34.206531], [-118.190156, 34.202125], [-118.182249, 34.193712], [-118.180619, 34.188803], [-118.178768, 34.18628], [-118.176439, 34.184536], [-118.168859, 34.180953], [-118.158927, 34.173117], [-118.158737, 34.158225], [-118.155659, 34.149613]], [[-118.324344, 34.254247], [-118.319113, 34.244456], [-118.309277, 34.240849], [-118.301141, 34.235532], [-118.280751, 34.234473], [-118.260576, 34.229973], [-118.229124, 34.212485], [-118.218093, 34.20789], [-118.200359, 34.206757], [-118.190313, 34.202453], [-118.182402, 34.194295], [-118.17833, 34.186096], [-118.168911, 34.181261], [-118.158768, 34.173262], [-118.158488, 34.158257], [-118.155485, 34.149844]], [[-118.155618, 34.149784], [-118.155485, 34.149844]], [[-118.155532, 34.14952], [-118.14921, 34.151725], [-118.128353, 34.151649], [-118.095287, 34.15241], [-118.091461, 34.151649], [-118.086602, 34.148513], [-118.083043, 34.147568], [-118.033072, 34.148018], [-118.018525, 34.141709], [-118.014884, 34.138395], [-118.013715, 34.137668], [-118.007094, 34.135534], [-117.977157, 34.135272], [-117.962657, 34.135374], [-117.94024, 34.128749], [-117.937502, 34.128809], [-117.929649, 34.130674], [-117.926829, 34.130502], [-117.922709, 34.128822], [-117.917791, 34.127486], [-117.911491, 34.121766], [-117.908475, 34.120603], [-117.871337, 34.120487], [-117.863767, 34.117642], [-117.860617, 34.117041], [-117.844592, 34.117555], [-117.83223, 34.121032], [-117.815205, 34.119745], [-117.773989, 34.119404], [-117.752492, 34.119398], [-117.743864, 34.120599], [-117.719972, 34.119976], [-117.701035, 34.120048], [-117.698477, 34.120523], [-117.696329, 34.121541], [-117.681023, 34.132249], [-117.672703, 34.134522], [-117.593525, 34.134995], [-117.565784, 34.136557], [-117.514482, 34.136161], [-117.418515, 34.136318], [-117.38807, 34.135675], [-117.367585, 34.135905]], [[-118.155485, 34.149844], [-118.149183, 34.151977], [-118.09521, 34.152712], [-118.091216, 34.151911], [-118.08305, 34.147953], [-118.039619, 34.148918], [-118.032465, 34.148088], [-118.030412, 34.147546], [-118.018428, 34.14181], [-118.013669, 34.137838], [-118.007313, 34.135708], [-117.962782, 34.135558], [-117.940673, 34.129054], [-117.929811, 34.130818], [-117.926658, 34.130636], [-117.91734, 34.127392], [-117.908557, 34.120791], [-117.87078, 34.120598], [-117.860279, 34.117155], [-117.844187, 34.117793], [-117.83212, 34.121193], [-117.77377, 34.119575], [-117.743911, 34.120799], [-117.701174, 34.120223], [-117.696396, 34.121763], [-117.681032, 34.132511], [-117.672199, 34.134797], [-117.593509, 34.135219], [-117.563632, 34.136805], [-117.418514, 34.136564], [-117.389086, 34.135904], [-117.367462, 34.136128]], [[-118.155485, 34.149844], [-118.155432, 34.149698]], [[-117.440235, 34.1335], [-117.434974, 34.133526], [-117.430561, 34.135883], [-117.418516, 34.134197], [-117.398149, 34.135399], [-117.391856, 34.133533], [-117.375073, 34.134549]], [[-117.375073, 34.134549], [-117.374874, 34.134551]], [[-117.375073, 34.134549], [-117.374898, 34.134551], [-117.374874, 34.134551]], [[-117.374874, 34.134551], [-117.372992, 34.134115]], [[-117.372992, 34.134115], [-117.372663, 34.134029], [-117.370464, 34.134008], [-117.368882, 34.134105], [-117.368295, 34.134546], [-117.367532, 34.135908]], [[-117.372992, 34.134115], [-117.370449, 34.134075], [-117.368883, 34.134196], [-117.367585, 34.135905]], [[-117.367585, 34.135905], [-117.367532, 34.135908]], [[-117.367585, 34.135905], [-117.367462, 34.136128]], [[-117.367532, 34.135908], [-117.351461, 34.134218], [-117.334482, 34.134478], [-117.328838, 34.136108]], [[-117.367532, 34.135908], [-117.36741, 34.136131]], [[-117.367462, 34.136128], [-117.36741, 34.136131]], [[-117.367462, 34.136128], [-117.367174, 34.136667], [-117.366654, 34.137187], [-117.365609, 34.13753], [-117.361915, 34.13713], [-117.356205, 34.135982]], [[-117.36741, 34.136131], [-117.351431, 34.134455], [-117.329564, 34.136102]], [[-117.36741, 34.136131], [-117.365662, 34.137393], [-117.356205, 34.135982]], [[-117.356205, 34.135982], [-117.339866, 34.136093]], [[-117.339866, 34.136093], [-117.329343, 34.136211]], [[-117.339866, 34.136093], [-117.339695, 34.136028], [-117.329564, 34.136102]], [[-117.329564, 34.136102], [-117.328838, 34.136108]], [[-117.329564, 34.136102], [-117.329343, 34.136211]], [[-117.329343, 34.136211], [-117.328653, 34.136212]], [[-117.329343, 34.136211], [-117.320899, 34.143736], [-117.318999, 34.144815], [-117.316365, 34.145643], [-117.300852, 34.145799], [-117.278619, 34.145282], [-117.265297, 34.144569], [-117.253844, 34.143066], [-117.22726, 34.132557], [-117.210659, 34.131996], [-117.205548, 34.130426], [-117.202543, 34.127938], [-117.200814, 34.124709], [-117.198877, 34.108995], [-117.200451, 34.093049], [-117.200514, 34.068779], [-117.201247, 34.067093]], [[-117.328838, 34.136108], [-117.327119, 34.136182], [-117.327234, 34.136215], [-117.328653, 34.136212]], [[-117.328838, 34.136108], [-117.328653, 34.136212]], [[-117.328653, 34.136212], [-117.320689, 34.14355], [-117.315578, 34.145513], [-117.267719, 34.144535], [-117.253007, 34.142593], [-117.227289, 34.132279], [-117.210678, 34.131711], [-117.205808, 34.130213], [-117.201157, 34.124655], [-117.199187, 34.109106], [-117.200762, 34.0918], [-117.201247, 34.067093]], [[-117.201247, 34.067093], [-117.2025, 34.066266]], [[-117.201247, 34.067093], [-117.200575, 34.065578]], [[-117.759419, 34.121664], [-117.757423, 34.121655], [-117.755859, 34.120748], [-117.751096, 34.120676], [-117.755854, 34.120651], [-117.759419, 34.121664]]]}}, {"type": "Feature", "properties": {"route_number": "I-215"}, "geometry": {"type": "MultiLineString", "coordinates": [[[-117.175828, 33.541352], [-117.181622, 33.549078], [-117.181042, 33.586295], [-117.180352, 33.589771], [-117.179394, 33.592128], [-117.171692, 33.60402], [-117.17105, 33.682922], [-117.172796, 33.687912], [-117.18725, 33.709179], [-117.188873, 33.712805], [-117.189636, 33.764983], [-117.192154, 33.768029], [-117.227621, 33.791385], [-117.228685, 33.792165], [-117.229807, 33.793408], [-117.23208, 33.798698], [-117.233386, 33.804452], [-117.237243, 33.811116], [-117.239351, 33.815754], [-117.241722, 33.823789], [-117.245498, 33.829624], [-117.268569, 33.882663], [-117.270282, 33.888015], [-117.273248, 33.893334], [-117.27914, 33.906584], [-117.285872, 33.913842], [-117.287781, 33.917052], [-117.288576, 33.919761], [-117.289045, 33.931126], [-117.29219, 33.942253], [-117.30175, 33.94833], [-117.302926, 33.949886], [-117.304434, 33.953583], [-117.310329, 33.959419], [-117.318847, 33.961059], [-117.32243, 33.962408], [-117.325404, 33.964005], [-117.333118, 33.9734], [-117.34806, 33.987816], [-117.354893, 33.991864], [-117.356222, 33.994121], [-117.355627, 33.996629], [-117.342661, 34.015507], [-117.339756, 34.019422], [-117.335003, 34.024654], [-117.33192, 34.027855], [-117.317034, 34.041005], [-117.30167, 34.051964], [-117.298404, 34.056613], [-117.295676, 34.074561], [-117.296662, 34.078285], [-117.301123, 34.085151], [-117.301975, 34.087539], [-117.302996, 34.127493], [-117.315452, 34.138125], [-117.326781, 34.156671], [-117.348544, 34.18181], [-117.365055, 34.193567], [-117.400648, 34.221268], [-117.40853, 34.224426], [-117.411231, 34.226002], [-117.423781, 34.235434]], [[-117.177772, 33.545404], [-117.180715, 33.553233], [-117.180749, 33.586554], [-117.179259, 33.591745], [-117.17154, 33.603568], [-117.170761, 33.681951], [-117.171275, 33.685043], [-117.172508, 33.6878], [-117.188591, 33.713022], [-117.189408, 33.765167], [-117.191353, 33.767706], [-117.229579, 33.793429], [-117.233188, 33.804622], [-117.269896, 33.887921], [-117.278563, 33.90616], [-117.287564, 33.91725], [-117.288782, 33.931256], [-117.292452, 33.943812], [-117.301378, 33.948303], [-117.303981, 33.953323], [-117.306389, 33.956453], [-117.310644, 33.959878], [-117.325244, 33.964123], [-117.333822, 33.974433], [-117.34846, 33.988606], [-117.355993, 33.994397], [-117.340723, 34.017952], [-117.33314, 34.026381], [-117.316295, 34.041385], [-117.301278, 34.052007], [-117.298547, 34.055672], [-117.295429, 34.075395], [-117.296334, 34.078203], [-117.301747, 34.087556], [-117.302453, 34.126906], [-117.304382, 34.130189], [-117.315243, 34.138269], [-117.326372, 34.156563], [-117.348558, 34.182137], [-117.400047, 34.22108], [-117.414893, 34.229137]]]}}, {"type": "Feature", "properties": {"route_number": "I-238"}, "geometry": {"type": "MultiLineString", "coordinates": [[[-122.098156, 37.690177], [-122.112257, 37.688694], [-122.127919, 37.690855], [-122.137407, 37.69078]], [[-122.097742, 37.689897], [-122.111895, 37.688417], [-122.128144, 37.690712], [-122.137066, 37.690049]], [[-122.091965, 37.684884], [-122.096307, 37.688024]], [[-122.091895, 37.684974], [-122.096207, 37.688114]], [[-121.92462, 37.540646], [-121.939924, 37.549748], [-121.95726, 37.560801], [-121.97258, 37.577123], [-121.987364, 37.579617], [-121.989791, 37.580303], [-121.991417, 37.581195], [-121.999977, 37.588123], [-122.02826, 37.613313]], [[-121.92454, 37.540712], [-121.956772, 37.560582], [-121.972427, 37.577187], [-121.991199, 37.581198], [-122.028147, 37.613383]]]}}, {"type": "Feature", "properties": {"route_number": "I-280"}, "geometry": {"type": "MultiLineString", "coordinates": [[[-122.446188, 37.643133], [-122.449411, 37.645072], [-122.453806, 37.651679], [-122.463737, 37.659474], [-122.465828, 37.662226], [-122.466427, 37.670485], [-122.471032, 37.676934], [-122.47178, 37.678989], [-122.471535, 37.686304], [-122.470524, 37.692223], [-122.472075, 37.701449], [-122.471811, 37.704861], [-122.470648, 37.706624], [-122.467757, 37.709299], [-122.466358, 37.710051], [-122.453758, 37.71213], [-122.449151, 37.716413], [-122.447924, 37.722923], [-122.446786, 37.725298], [-122.444669, 37.727577], [-122.441981, 37.729172], [-122.436801, 37.731067], [-122.431452, 37.732343], [-122.41542, 37.732155], [-122.401091, 37.738394], [-122.394624, 37.745637], [-122.391567, 37.752525], [-122.392453, 37.756357], [-122.393117, 37.764532], [-122.397439, 37.768649], [-122.400876, 37.774774], [-122.392941, 37.764661], [-122.391233, 37.752069], [-122.394041, 37.746068], [-122.401089, 37.738392], [-122.415282, 37.732017], [-122.431739, 37.732113], [-122.443141, 37.72841], [-122.447343, 37.72397], [-122.449032, 37.71627], [-122.45322, 37.712372], [-122.456656, 37.710607], [-122.466274, 37.709884], [-122.471038, 37.705133], [-122.470225, 37.690267], [-122.471504, 37.678817], [-122.465908, 37.670049], [-122.465376, 37.66208], [-122.453745, 37.652043], [-122.449242, 37.645421], [-122.44589, 37.643351]], [[-122.431857, 37.627896], [-122.437242, 37.632184], [-122.446173, 37.643125]], [[-122.431758, 37.628112], [-122.437242, 37.632466], [-122.445875, 37.643343]], [[-121.85193, 37.339548], [-121.869657, 37.328922], [-121.896901, 37.322778], [-121.904205, 37.317273], [-121.908772, 37.315133], [-121.911428, 37.314626], [-121.913612, 37.314818], [-121.920211, 37.316739], [-121.97008, 37.31626], [-121.989096, 37.318109], [-121.992742, 37.319224], [-122.018781, 37.332719], [-122.023718, 37.334205], [-122.046585, 37.334086], [-122.058035, 37.332082], [-122.066785, 37.334119], [-122.075052, 37.333301], [-122.079361, 37.334299], [-122.103342, 37.348337], [-122.108101, 37.353289], [-122.116671, 37.356499], [-122.122531, 37.363239], [-122.132436, 37.365295], [-122.137759, 37.366961], [-122.139774, 37.367995], [-122.150351, 37.378249], [-122.151331, 37.380039], [-122.152591, 37.384949], [-122.155041, 37.387389], [-122.174821, 37.392849], [-122.176761, 37.394049], [-122.190471, 37.407329], [-122.207346, 37.41306], [-122.214167, 37.417883], [-122.220245, 37.419004], [-122.222812, 37.419899], [-122.238169, 37.430992], [-122.252937, 37.442675], [-122.256686, 37.443917], [-122.265114, 37.443541], [-122.269921, 37.444535], [-122.272345, 37.445784], [-122.287957, 37.456292], [-122.289565, 37.458019], [-122.290482, 37.459833], [-122.292193, 37.467974], [-122.297871, 37.474049], [-122.29929, 37.476433], [-122.299635, 37.479625], [-122.298401, 37.487277], [-122.300908, 37.492039], [-122.303464, 37.493772], [-122.312165, 37.496327], [-122.318625, 37.499553], [-122.330185, 37.501423], [-122.344599, 37.510519], [-122.352845, 37.517789], [-122.359193, 37.526938], [-122.366077, 37.539681], [-122.377559, 37.55258], [-122.381608, 37.558532], [-122.388054, 37.56495], [-122.393187, 37.56713], [-122.395147, 37.568579], [-122.400272, 37.573965], [-122.406316, 37.583681], [-122.410849, 37.587339], [-122.427201, 37.60281], [-122.428307, 37.605237], [-122.428406, 37.607417], [-122.424396, 37.617085], [-122.431845, 37.627888]], [[-121.852115, 37.339738], [-121.869857, 37.329103], [-121.897101, 37.322959], [-121.904405, 37.317454], [-121.911628, 37.314807], [-121.920411, 37.31692], [-121.97028, 37.316441], [-121.989296, 37.31829], [-122.018991, 37.33313], [-122.023781, 37.33449], [-122.047081, 37.33437], [-122.058239, 37.33233], [-122.067318, 37.334534], [-122.075171, 37.333581], [-122.079412, 37.334676], [-122.102594, 37.348221], [-122.108328, 37.353757], [-122.116291, 37.35669], [-122.122371, 37.36362], [-122.139931, 37.3684], [-122.150211, 37.37869], [-122.152561, 37.385344], [-122.154711, 37.38752], [-122.175465, 37.393548], [-122.189741, 37.407244], [-122.207476, 37.413387], [-122.213518, 37.41789], [-122.222731, 37.42026], [-122.252703, 37.442827], [-122.256273, 37.44409], [-122.270343, 37.444979], [-122.287882, 37.456557], [-122.290148, 37.459669], [-122.291914, 37.467939], [-122.29893, 37.476784], [-122.29792, 37.487068], [-122.299294, 37.490672], [-122.302726, 37.49387], [-122.31891, 37.500054], [-122.330745, 37.502436], [-122.343886, 37.510585], [-122.352476, 37.518008], [-122.366887, 37.542269], [-122.375668, 37.55089], [-122.381273, 37.558488], [-122.387715, 37.565024], [-122.393901, 37.56791], [-122.399558, 37.573657], [-122.405796, 37.583775], [-122.426938, 37.602953], [-122.428042, 37.607546], [-122.424642, 37.613828], [-122.424211, 37.617616], [-122.431742, 37.6281]]]}}, {"type": "Feature", "properties": {"route_number": "I-380"}, "geometry": {"type": "LineString", "coordinates": [[-122.432, 37.628188], [-122.416647, 37.634086], [-122.414379, 37.634427], [-122.40702, 37.634407], [-122.401252, 37.638194], [-122.399786, 37.638604], [-122.397689, 37.638597], [-122.40072, 37.63825], [-122.407257, 37.633973], [-122.417132, 37.633683], [-122.43081, 37.627221]]}}, {"type": "Feature", "properties": {"route_number": "I-40"}, "geometry": {"type": "MultiLineString", "coordinates": [[[-117.006812, 34.886396], [-116.99388, 34.886341]], [[-117.006206, 34.887188], [-116.993878, 34.886578]], [[-116.993878, 34.886578], [-116.99388, 34.886341]], [[-116.99388, 34.886341], [-116.993812, 34.885505], [-116.993776, 34.886327]], [[-116.99388, 34.886341], [-116.993776, 34.886327]], [[-116.993878, 34.886578], [-117.003081, 34.893488], [-116.993775, 34.886566]], [[-116.993878, 34.886578], [-116.993775, 34.886566]], [[-116.993775, 34.886566], [-116.993776, 34.886327]], [[-116.993776, 34.886327], [-116.972412, 34.880885], [-116.957792, 34.870245], [-116.952202, 34.867705], [-116.855479, 34.847693], [-116.759922, 34.835515], [-116.673129, 34.827391], [-116.510624, 34.798317], [-116.486152, 34.791725], [-116.416554, 34.783533], [-116.366012, 34.771735], [-116.337812, 34.751815], [-116.315212, 34.740095], [-116.308832, 34.737835], [-116.276012, 34.730335], [-116.243372, 34.726375], [-116.197292, 34.723855], [-116.083432, 34.727385], [-116.062189, 34.71927], [-116.042754, 34.714348], [-116.028182, 34.715405], [-116.00105, 34.722422], [-115.987042, 34.720265], [-115.956502, 34.723435], [-115.924142, 34.724435], [-115.88478, 34.734494], [-115.825902, 34.726785], [-115.801502, 34.719895], [-115.770862, 34.716985], [-115.742862, 34.716355], [-115.673572, 34.721125], [-115.654292, 34.723655], [-115.637072, 34.723365], [-115.582932, 34.730875], [-115.563462, 34.731975], [-115.555962, 34.733615], [-115.484232, 34.760725], [-115.464422, 34.771945], [-115.422982, 34.786285], [-115.409432, 34.793365], [-115.386546, 34.798114], [-115.367732, 34.803305], [-115.346982, 34.803255], [-115.321342, 34.800795], [-115.309879, 34.801366]], [[-116.993775, 34.886566], [-116.971812, 34.880875], [-116.952472, 34.868125], [-116.855237, 34.848], [-116.758502, 34.835705], [-116.671616, 34.82752], [-116.510302, 34.798615], [-116.485962, 34.792035], [-116.416892, 34.783955], [-116.365792, 34.772025], [-116.337297, 34.751912], [-116.315312, 34.740545], [-116.275152, 34.730525], [-116.242442, 34.726655], [-116.196932, 34.724185], [-116.082762, 34.727705], [-116.063181, 34.720366], [-116.045562, 34.715945], [-116.031672, 34.718275], [-116.019102, 34.717945], [-116.002442, 34.723192], [-115.990542, 34.720965], [-115.981302, 34.721175], [-115.931332, 34.727465], [-115.914762, 34.728025], [-115.880912, 34.736624], [-115.825965, 34.727449], [-115.80335, 34.720806], [-115.769752, 34.717305], [-115.739102, 34.716945], [-115.654322, 34.724015], [-115.637692, 34.723875], [-115.583022, 34.731485], [-115.557612, 34.733745], [-115.484312, 34.761365], [-115.464452, 34.772625], [-115.422882, 34.786995], [-115.410602, 34.793645], [-115.372812, 34.803045], [-115.366452, 34.803995], [-115.351762, 34.804045], [-115.321942, 34.801435], [-115.310049, 34.801985]], [[-115.310032, 34.801987], [-115.198712, 34.811515], [-115.049412, 34.830675], [-115.027485, 34.829645], [-114.924552, 34.858035], [-114.918611, 34.858257], [-114.887682, 34.855435], [-114.877012, 34.858505], [-114.860032, 34.860665], [-114.846982, 34.867395], [-114.823652, 34.871665], [-114.787692, 34.882685], [-114.777622, 34.883025], [-114.754542, 34.878345], [-114.702265, 34.891384], [-114.697532, 34.891685], [-114.672682, 34.883975], [-114.667462, 34.881655], [-114.614604, 34.846314], [-114.609272, 34.835985], [-114.601532, 34.830915], [-114.596841, 34.824228], [-114.57821, 34.76814], [-114.542612, 34.725775], [-114.525412, 34.717455], [-114.500792, 34.718115], [-114.487861, 34.717228]], [[-115.309862, 34.801368], [-115.200192, 34.810715], [-115.048975, 34.830356], [-115.027093, 34.829336], [-114.924906, 34.857615], [-114.887048, 34.855151], [-114.859542, 34.860095], [-114.845462, 34.866415], [-114.832982, 34.868055], [-114.787742, 34.882025], [-114.778122, 34.882425], [-114.762082, 34.878385], [-114.753733, 34.878007], [-114.696932, 34.891205], [-114.667298, 34.88114], [-114.614661, 34.846024], [-114.609652, 34.836045], [-114.601712, 34.830765], [-114.597062, 34.824175], [-114.578325, 34.767532], [-114.543279, 34.725807], [-114.525562, 34.717115], [-114.487829, 34.717148]]]}}, {"type": "Feature", "properties": {"route_number": "I-405"}, "geometry": {"type": "MultiLineString", "coordinates": [[[-118.182854, 33.814485], [-118.187566, 33.816191], [-118.205921, 33.826161], [-118.209376, 33.826447], [-118.21601, 33.825262], [-118.222677, 33.825152], [-118.247226, 33.82576], [-118.250012, 33.82632], [-118.252273, 33.82783], [-118.270202, 33.845888], [-118.280368, 33.853056], [-118.285659, 33.85738], [-118.29231, 33.859661], [-118.308112, 33.85972], [-118.311579, 33.860096], [-118.33599, 33.867326], [-118.338361, 33.868439], [-118.340647, 33.870449], [-118.349255, 33.881953], [-118.368099, 33.895655], [-118.369689, 33.897257], [-118.370515, 33.899541], [-118.370579, 33.914471], [-118.368586, 33.924928], [-118.368492, 33.948063], [-118.369468, 33.953153], [-118.369529, 33.9616], [-118.371213, 33.967079], [-118.37341, 33.969355], [-118.391251, 33.978406], [-118.392821, 33.979625], [-118.437566, 34.034636], [-118.448234, 34.048692], [-118.450587, 34.053766], [-118.472983, 34.080274], [-118.474609, 34.083365], [-118.47809, 34.09859], [-118.477618, 34.10431], [-118.482111, 34.111304], [-118.481916, 34.117517], [-118.481575, 34.118803], [-118.474153, 34.128954], [-118.471495, 34.1376], [-118.471301, 34.144548], [-118.468117, 34.15335], [-118.469522, 34.158633], [-118.469711, 34.165762], [-118.46789, 34.174936], [-118.474069, 34.185659], [-118.474449, 34.195929], [-118.472227, 34.271259], [-118.467707, 34.287949], [-118.468481, 34.291448]], [[-118.182834, 33.814728], [-118.20614, 33.826385], [-118.210261, 33.826575], [-118.220012, 33.825325], [-118.249992, 33.826537], [-118.269748, 33.845871], [-118.285609, 33.857588], [-118.29228, 33.859852], [-118.311325, 33.860265], [-118.337591, 33.868268], [-118.348613, 33.881708], [-118.369394, 33.897178], [-118.370272, 33.915045], [-118.368214, 33.925296], [-118.368239, 33.946585], [-118.369319, 33.961973], [-118.371092, 33.967367], [-118.37324, 33.969531], [-118.392753, 33.979874], [-118.437282, 34.034635], [-118.450348, 34.053848], [-118.473006, 34.080661], [-118.477892, 34.09879], [-118.477339, 34.10416], [-118.481883, 34.11134], [-118.481454, 34.118496], [-118.474012, 34.128619], [-118.471106, 34.137531], [-118.470689, 34.145601], [-118.467893, 34.152382], [-118.469506, 34.16522], [-118.46766, 34.174957], [-118.473807, 34.185583], [-118.474217, 34.196259], [-118.471995, 34.27125], [-118.467519, 34.287906], [-118.467884, 34.291388]], [[-117.735563, 33.643982], [-117.757321, 33.650926], [-117.770012, 33.65329], [-117.787045, 33.662028], [-117.813139, 33.666137], [-117.839905, 33.675085], [-117.867692, 33.686835], [-117.914032, 33.687875], [-117.919332, 33.688975], [-117.947332, 33.700585], [-117.951542, 33.702815], [-117.975632, 33.722915], [-117.996872, 33.737895], [-118.039927, 33.773525], [-118.044426, 33.774673], [-118.053264, 33.774225], [-118.082232, 33.774285], [-118.085662, 33.774585], [-118.087922, 33.775705], [-118.089492, 33.777435], [-118.092605, 33.785321], [-118.115339, 33.802043], [-118.136312, 33.802847], [-118.138216, 33.803442], [-118.142879, 33.805736], [-118.154272, 33.807592], [-118.169025, 33.813841], [-118.170776, 33.81416], [-118.181047, 33.81418], [-118.182837, 33.814481]], [[-117.735261, 33.64482], [-117.758304, 33.651461], [-117.770054, 33.653555], [-117.787847, 33.662581], [-117.817256, 33.667747], [-117.84016, 33.675541], [-117.866943, 33.687025], [-117.914019, 33.688114], [-117.919912, 33.689545], [-117.951852, 33.703395], [-117.975922, 33.723465], [-117.996852, 33.738165], [-118.039795, 33.773765], [-118.043978, 33.77489], [-118.085342, 33.774755], [-118.089092, 33.777365], [-118.092559, 33.785575], [-118.115282, 33.802219], [-118.136298, 33.803005], [-118.142279, 33.805764], [-118.154287, 33.807802], [-118.169001, 33.814021], [-118.171001, 33.814386], [-118.182817, 33.814724]]]}}, {"type": "Feature", "properties": {"route_number": "I-5"}, "geometry": {"type": "MultiLineString", "coordinates": [[[-122.606176, 41.665147], [-122.622668, 41.675084], [-122.635144, 41.68489], [-122.637206, 41.688113], [-122.642743, 41.702433], [-122.643075, 41.706151], [-122.640682, 41.713921], [-122.63082, 41.736208], [-122.628952, 41.738844], [-122.620298, 41.747301], [-122.590075, 41.762341], [-122.583617, 41.771153], [-122.582911, 41.77793], [-122.585378, 41.786098], [-122.588446, 41.789606], [-122.588953, 41.792244], [-122.588461, 41.793566], [-122.587574, 41.794647], [-122.582885, 41.79795], [-122.582167, 41.802264], [-122.581563, 41.803577], [-122.580931, 41.804329], [-122.579184, 41.805546], [-122.574466, 41.807186], [-122.572379, 41.809647], [-122.572824, 41.81298], [-122.577162, 41.817831], [-122.578942, 41.820883], [-122.579676, 41.82408], [-122.58033, 41.830201], [-122.580232, 41.831289], [-122.579483, 41.832884], [-122.576645, 41.835976], [-122.57655, 41.840166], [-122.575854, 41.84188], [-122.574399, 41.843291], [-122.570152, 41.845373], [-122.568645, 41.847371], [-122.568674, 41.850055], [-122.571457, 41.854086], [-122.571863, 41.85544], [-122.571768, 41.85666], [-122.570856, 41.858628], [-122.566634, 41.862609], [-122.565042, 41.868504], [-122.560904, 41.87261], [-122.558349, 41.88555], [-122.565213, 41.898087], [-122.571733, 41.914999], [-122.58132, 41.92798], [-122.590406, 41.951347], [-122.603249, 41.970524], [-122.610575, 41.994239], [-122.610389, 41.998386], [-122.615657, 42.005466]], [[-122.605958, 41.665354], [-122.622224, 41.675144], [-122.6347, 41.684875], [-122.642775, 41.706261], [-122.628884, 41.738372], [-122.619407, 41.74739], [-122.590317, 41.761622], [-122.583519, 41.770507], [-122.58249, 41.77784], [-122.584934, 41.786024], [-122.588636, 41.792519], [-122.582671, 41.797999], [-122.580938, 41.804147], [-122.573944, 41.807364], [-122.572381, 41.80926], [-122.572049, 41.810608], [-122.572683, 41.813032], [-122.578782, 41.820852], [-122.580063, 41.831387], [-122.576451, 41.836088], [-122.575682, 41.841911], [-122.570189, 41.845198], [-122.568669, 41.846945], [-122.568445, 41.849865], [-122.571428, 41.856828], [-122.566471, 41.861778], [-122.559321, 41.871942], [-122.555902, 41.883077], [-122.564318, 41.89702], [-122.571422, 41.915245], [-122.580619, 41.929758], [-122.583374, 41.938884], [-122.589093, 41.94982], [-122.603109, 41.970937], [-122.610239, 41.99429], [-122.610108, 41.998883], [-122.615325, 42.005477]], [[-122.40032, 41.428007], [-122.408325, 41.430554], [-122.421675, 41.428711], [-122.424021, 41.429115], [-122.427536, 41.430496], [-122.428891, 41.431516], [-122.429587, 41.432556], [-122.430814, 41.437047], [-122.435242, 41.441831], [-122.437428, 41.446854], [-122.443121, 41.452094], [-122.4486, 41.466286], [-122.45785, 41.480329], [-122.460788, 41.486171], [-122.464263, 41.497042], [-122.469993, 41.502817], [-122.472204, 41.506489], [-122.478143, 41.535524], [-122.482249, 41.542696], [-122.484186, 41.550265], [-122.489894, 41.558365], [-122.498706, 41.574921], [-122.502338, 41.584156], [-122.502837, 41.591245], [-122.515692, 41.618689], [-122.534662, 41.645194], [-122.566715, 41.658494], [-122.59583, 41.661344], [-122.60103, 41.662711], [-122.606161, 41.665138]], [[-122.40024, 41.42812], [-122.408448, 41.430695], [-122.421914, 41.42882], [-122.427576, 41.430697], [-122.430607, 41.437116], [-122.434814, 41.441711], [-122.43696, 41.446812], [-122.442905, 41.45263], [-122.448288, 41.466397], [-122.460814, 41.487255], [-122.463886, 41.497072], [-122.471492, 41.506083], [-122.477681, 41.535623], [-122.481616, 41.542467], [-122.483822, 41.550386], [-122.498271, 41.575352], [-122.501808, 41.583874], [-122.502513, 41.591584], [-122.513394, 41.6148], [-122.517518, 41.6226], [-122.534188, 41.645132], [-122.537992, 41.647909], [-122.566289, 41.658872], [-122.595756, 41.66163], [-122.605943, 41.665345]], [[-122.409962, 41.009829], [-122.409507, 41.012014], [-122.408636, 41.013242], [-122.397081, 41.024094], [-122.397538, 41.033185], [-122.395459, 41.04173], [-122.394525, 41.043442], [-122.389762, 41.046874], [-122.381989, 41.049375], [-122.378912, 41.054677], [-122.377676, 41.055523], [-122.373198, 41.057431], [-122.368874, 41.063591], [-122.367684, 41.064331], [-122.36366, 41.065598], [-122.361713, 41.066955], [-122.356384, 41.074889], [-122.356169, 41.08038], [-122.355891, 41.081376], [-122.355192, 41.082198], [-122.352743, 41.083483], [-122.352016, 41.084497], [-122.352936, 41.089297], [-122.3525, 41.090653], [-122.351536, 41.091419], [-122.346571, 41.093622], [-122.344546, 41.098724], [-122.343588, 41.09984], [-122.334354, 41.106254], [-122.327749, 41.109904], [-122.326598, 41.111011], [-122.327951, 41.11659], [-122.328161, 41.118333], [-122.328009, 41.119537], [-122.323146, 41.128219], [-122.321554, 41.136705], [-122.321003, 41.137828], [-122.318363, 41.141429], [-122.317642, 41.146023], [-122.316827, 41.147734], [-122.315229, 41.149234], [-122.313292, 41.150146], [-122.307464, 41.15161], [-122.301838, 41.151571], [-122.294706, 41.154671], [-122.297648, 41.163001], [-122.297917, 41.170775], [-122.297708, 41.172246], [-122.296643, 41.174475], [-122.286926, 41.187201], [-122.284369, 41.194238], [-122.283719, 41.195446], [-122.277902, 41.201413], [-122.276988, 41.206055], [-122.275679, 41.209862], [-122.274181, 41.213093], [-122.275653, 41.223273], [-122.275581, 41.228738], [-122.275265, 41.230172], [-122.274547, 41.231328], [-122.271132, 41.234588], [-122.262295, 41.240419], [-122.258128, 41.247535], [-122.259999, 41.250941], [-122.270766, 41.257317], [-122.272714, 41.258917], [-122.279337, 41.270136], [-122.287486, 41.276517], [-122.306076, 41.287145], [-122.308408, 41.288923], [-122.332952, 41.332716], [-122.354671, 41.353557], [-122.364529, 41.359763], [-122.374046, 41.372069], [-122.375613, 41.375457], [-122.376151, 41.391398], [-122.381797, 41.397716], [-122.383035, 41.40055], [-122.382674, 41.40396], [-122.380063, 41.408685], [-122.380604, 41.412576], [-122.385272, 41.4199], [-122.396215, 41.422919], [-122.398467, 41.42483], [-122.400309, 41.427995]], [[-118.846478, 34.794191], [-118.869896, 34.797367], [-118.872305, 34.798786], [-118.877764, 34.80343], [-118.882504, 34.807582], [-118.884071, 34.809588], [-118.884551, 34.810865], [-118.884742, 34.812456], [-118.884338, 34.814547], [-118.883574, 34.816066], [-118.86417, 34.834994], [-118.863392, 34.839658], [-118.879474, 34.861856], [-118.899311, 34.880287], [-118.902189, 34.884919], [-118.914777, 34.890868], [-118.918746, 34.894068], [-118.922111, 34.898266], [-118.924012, 34.906083], [-118.92359, 34.913008], [-118.925604, 34.921621], [-118.928359, 34.924849], [-118.930811, 34.932345], [-118.93165, 34.942785], [-118.952826, 35.009691], [-118.95996, 35.021627], [-118.974472, 35.033949], [-118.98938, 35.049914], [-119.040809, 35.098019], [-119.151879, 35.198542], [-119.256278, 35.296595], [-119.527915, 35.493703], [-119.613405, 35.572063], [-119.646809, 35.607281], [-119.815273, 35.833326], [-119.830133, 35.851473], [-119.860631, 35.883705], [-119.986248, 36.006621], [-120.024316, 36.03126], [-120.052807, 36.046944], [-120.101674, 36.076371], [-120.106495, 36.080162], [-120.196897, 36.179277], [-120.27124, 36.297037], [-120.409235, 36.452227], [-120.435104, 36.479314], [-120.44963, 36.495733], [-120.47514, 36.520821], [-120.605811, 36.619547], [-120.611068, 36.623994], [-120.683571, 36.718425], [-120.801177, 36.889318], [-120.819062, 36.909764], [-120.838864, 36.928598], [-120.889646, 36.97063], [-120.917333, 37.002228], [-121.004779, 37.092622], [-121.021593, 37.113329], [-121.076588, 37.198071], [-121.106515, 37.314153], [-121.128811, 37.38257], [-121.148556, 37.412007], [-121.161183, 37.436972], [-121.178488, 37.461115], [-121.211551, 37.494263], [-121.224477, 37.503832], [-121.261718, 37.5353], [-121.342252, 37.597037], [-121.343033, 37.599796], [-121.343791, 37.756447], [-121.342917, 37.758563], [-121.34083, 37.760859], [-121.30166, 37.789772], [-121.300544, 37.798208], [-121.287573, 37.833271], [-121.282178, 37.855798], [-121.278168, 37.869976], [-121.279188, 37.883192], [-121.296923, 37.93298], [-121.300181, 37.947439], [-121.313107, 37.955018], [-121.32642, 37.956227], [-121.329437, 37.957021], [-121.332871, 37.959267], [-121.334599, 37.961815], [-121.354623, 38.012352], [-121.365644, 38.034911], [-121.382037, 38.086999], [-121.391852, 38.106918], [-121.396801, 38.11337], [-121.400124, 38.120313], [-121.400695, 38.124757], [-121.39944, 38.146137], [-121.400927, 38.182992], [-121.443774, 38.24408], [-121.456342, 38.276359], [-121.493671, 38.455385], [-121.498983, 38.470036], [-121.508841, 38.478642], [-121.510782, 38.48124], [-121.522298, 38.510425], [-121.521506, 38.525429], [-121.516797, 38.534912], [-121.509349, 38.544089], [-121.514714, 38.560653], [-121.514691, 38.563535], [-121.513325, 38.566194], [-121.509677, 38.569912], [-121.508762, 38.574731], [-121.507938, 38.576808], [-121.502982, 38.58488], [-121.504663, 38.590094], [-121.504503, 38.59929], [-121.514036, 38.617784], [-121.520778, 38.632736], [-121.53833, 38.665047], [-121.546174, 38.670458], [-121.599666, 38.671106], [-121.619322, 38.673108], [-121.738982, 38.673809], [-121.743049, 38.675125], [-121.745525, 38.676971], [-121.759062, 38.69373], [-121.778759, 38.699348], [-121.782465, 38.701529], [-121.800547, 38.71856], [-121.80814, 38.727777], [-121.815359, 38.732271], [-121.817405, 38.733988], [-121.825238, 38.744169], [-121.841009, 38.757174], [-121.851421, 38.769013], [-121.85921, 38.774486], [-121.869852, 38.786525], [-121.877442, 38.791923], [-121.888861, 38.803879], [-121.896029, 38.808896], [-121.901826, 38.816711], [-121.917968, 38.832106], [-121.921245, 38.834421], [-121.928167, 38.837474], [-121.931717, 38.839852], [-121.972837, 38.87974], [-121.979334, 38.893458], [-122.00102, 38.926498], [-122.004383, 38.936643], [-122.011456, 38.947387], [-122.018007, 38.953695], [-122.027017, 38.967485], [-122.029846, 38.975377], [-122.053649, 39.011531], [-122.057214, 39.014605], [-122.061524, 39.021059], [-122.065385, 39.029502], [-122.078524, 39.049377], [-122.084243, 39.054461], [-122.086292, 39.05689], [-122.09487, 39.074222], [-122.107919, 39.093976], [-122.113265, 39.098752], [-122.115154, 39.101078], [-122.118247, 39.109401], [-122.127398, 39.123278], [-122.134257, 39.130354], [-122.136228, 39.134825], [-122.137619, 39.145775], [-122.153819, 39.172652], [-122.164167, 39.1825], [-122.166345, 39.185285], [-122.172582, 39.194941], [-122.180413, 39.209819], [-122.181672, 39.22124], [-122.182718, 39.276991], [-122.187126, 39.304885], [-122.193408, 39.314539], [-122.194797, 39.318985], [-122.195114, 39.34984], [-122.192982, 39.358806], [-122.193285, 39.393543], [-122.195977, 39.407419], [-122.19344, 39.42011], [-122.193635, 39.44965], [-122.195948, 39.464827], [-122.19614, 39.49127], [-122.200674, 39.501665], [-122.213079, 39.516704], [-122.214565, 39.520085], [-122.214901, 39.522733], [-122.214923, 39.554563], [-122.208597, 39.604575], [-122.204349, 39.630787], [-122.206251, 39.715091], [-122.205492, 39.761429], [-122.204438, 39.785657], [-122.200035, 39.803073], [-122.200402, 39.963983], [-122.215705, 40.059723], [-122.219232, 40.127698], [-122.223847, 40.153486], [-122.221554, 40.17434], [-122.22348, 40.178505], [-122.242806, 40.201574], [-122.248072, 40.21044], [-122.254131, 40.223739], [-122.255646, 40.233366], [-122.264866, 40.25935], [-122.273531, 40.280851], [-122.278765, 40.288416], [-122.284343, 40.367621], [-122.285527, 40.390797], [-122.281037, 40.410913], [-122.283335, 40.426535], [-122.28756, 40.438944], [-122.289659, 40.448143], [-122.29242, 40.452661], [-122.32564, 40.486666], [-122.342652, 40.512217], [-122.360451, 40.567732], [-122.360921, 40.603583], [-122.368724, 40.62905], [-122.368812, 40.63131], [-122.362119, 40.649449], [-122.349119, 40.677913], [-122.34419, 40.694623], [-122.329185, 40.718857], [-122.314283, 40.740381], [-122.314937, 40.746336], [-122.321168, 40.752345], [-122.321697, 40.753104], [-122.321954, 40.754095], [-122.32154, 40.755492], [-122.319225, 40.75812], [-122.318738, 40.766081], [-122.318439, 40.767208], [-122.317342, 40.768272], [-122.314117, 40.769961], [-122.313235, 40.772691], [-122.314931, 40.77586], [-122.320118, 40.77862], [-122.323762, 40.791699], [-122.326766, 40.795244], [-122.327938, 40.800188], [-122.322445, 40.80767], [-122.328207, 40.832685], [-122.328738, 40.84309], [-122.340603, 40.848749], [-122.341479, 40.849634], [-122.341968, 40.850666], [-122.342641, 40.854417], [-122.349343, 40.860044], [-122.364064, 40.865876], [-122.365611, 40.867312], [-122.367458, 40.870701], [-122.371714, 40.8735], [-122.374449, 40.877037], [-122.379538, 40.879634], [-122.381596, 40.881409], [-122.382649, 40.883011], [-122.383793, 40.886269], [-122.383406, 40.902011], [-122.38653, 40.911189], [-122.401143, 40.921114], [-122.40742, 40.921866], [-122.410111, 40.923161], [-122.41104, 40.924487], [-122.413229, 40.931529], [-122.413496, 40.934442], [-122.414143, 40.935517], [-122.42104, 40.936939], [-122.42607, 40.940406], [-122.433264, 40.941241], [-122.434851, 40.941648], [-122.436344, 40.942586], [-122.437323, 40.943916], [-122.437509, 40.945659], [-122.435757, 40.950716], [-122.435376, 40.956739], [-122.440509, 40.960961], [-122.441181, 40.962236], [-122.44105, 40.963782], [-122.43968, 40.965311], [-122.436001, 40.967146], [-122.434383, 40.969677], [-122.432498, 40.971773], [-122.433182, 40.977201], [-122.427702, 40.988577], [-122.425118, 40.991401], [-122.410356, 41.002876], [-122.409961, 41.009815]], [[-118.846507, 34.794412], [-118.870024, 34.797713], [-118.883894, 34.809598], [-118.883495, 34.815771], [-118.864014, 34.834769], [-118.862952, 34.839182], [-118.879313, 34.862136], [-118.897969, 34.879544], [-118.900995, 34.884541], [-118.914497, 34.892237], [-118.921782, 34.898361], [-118.924022, 34.917491], [-118.922427, 34.927976], [-118.93124, 34.942359], [-118.954084, 35.017336], [-118.97336, 35.033337], [-118.987999, 35.049046], [-119.03709, 35.095019], [-119.150405, 35.197635], [-119.256909, 35.297594], [-119.527829, 35.494049], [-119.612746, 35.571905], [-119.646398, 35.607313], [-119.815654, 35.834342], [-119.82982, 35.851639], [-119.863166, 35.886878], [-119.982971, 36.005262], [-120.018178, 36.028131], [-120.053107, 36.047479], [-120.105858, 36.080001], [-120.196627, 36.179493], [-120.273794, 36.30147], [-120.405891, 36.449098], [-120.42963, 36.474117], [-120.445274, 36.49231], [-120.475555, 36.521625], [-120.611078, 36.624529], [-120.683447, 36.718892], [-120.800776, 36.889415], [-120.82246, 36.914041], [-120.842421, 36.932177], [-120.88891, 36.970386], [-120.918344, 37.003763], [-121.003951, 37.092227], [-121.021139, 37.113297], [-121.076222, 37.198095], [-121.106076, 37.314082], [-121.128442, 37.382688], [-121.148236, 37.412168], [-121.162421, 37.439883], [-121.178013, 37.461281], [-121.211276, 37.494509], [-121.259686, 37.534122], [-121.336689, 37.593586], [-121.341115, 37.598395], [-121.342674, 37.603846], [-121.343391, 37.75634], [-121.340594, 37.760521], [-121.301409, 37.789575], [-121.300125, 37.798498], [-121.287088, 37.833808], [-121.277779, 37.870275], [-121.278904, 37.883628], [-121.296588, 37.93296], [-121.300024, 37.947686], [-121.313457, 37.955366], [-121.329206, 37.957201], [-121.334142, 37.961538], [-121.353695, 38.011034], [-121.365309, 38.034983], [-121.381674, 38.086991], [-121.391948, 38.10775], [-121.39974, 38.120104], [-121.399062, 38.146129], [-121.400702, 38.18341], [-121.443508, 38.244344], [-121.456086, 38.276769], [-121.493345, 38.455703], [-121.498574, 38.470046], [-121.510435, 38.481241], [-121.517826, 38.502562], [-121.522004, 38.51023], [-121.521257, 38.525385], [-121.518119, 38.52945], [-121.51651, 38.534956], [-121.509096, 38.544021], [-121.514459, 38.563527], [-121.509441, 38.56989], [-121.507241, 38.577796], [-121.50273, 38.58475], [-121.504388, 38.590377], [-121.504195, 38.599134], [-121.520839, 38.633534], [-121.538219, 38.665391], [-121.546437, 38.670842], [-121.600293, 38.671394], [-121.619101, 38.673355], [-121.738942, 38.674103], [-121.745362, 38.677227], [-121.758921, 38.693951], [-121.782309, 38.701784], [-121.800333, 38.718758], [-121.807937, 38.728005], [-121.817069, 38.734086], [-121.825406, 38.744748], [-121.840568, 38.757169], [-121.850881, 38.768938], [-121.859009, 38.774699], [-121.869752, 38.78685], [-121.877239, 38.792139], [-121.888487, 38.803946], [-121.895848, 38.809125], [-121.901896, 38.817234], [-121.917717, 38.832289], [-121.920951, 38.834594], [-121.931312, 38.83989], [-121.972437, 38.879727], [-121.979333, 38.894014], [-122.00108, 38.927244], [-122.003905, 38.936552], [-122.011529, 38.94796], [-122.018176, 38.954521], [-122.026789, 38.967761], [-122.029921, 38.9761], [-122.053315, 39.011581], [-122.058642, 39.016977], [-122.063871, 39.027689], [-122.070138, 39.037304], [-122.078256, 39.049556], [-122.085715, 39.056607], [-122.096108, 39.07666], [-122.107652, 39.094114], [-122.114783, 39.101077], [-122.118004, 39.109527], [-122.127556, 39.12406], [-122.134323, 39.131032], [-122.137318, 39.145905], [-122.153539, 39.172803], [-122.165588, 39.184728], [-122.180012, 39.209593], [-122.182389, 39.277041], [-122.18682, 39.304997], [-122.194498, 39.31926], [-122.194778, 39.349834], [-122.192665, 39.358827], [-122.192937, 39.39322], [-122.195639, 39.40741], [-122.193109, 39.420086], [-122.193329, 39.454423], [-122.19559, 39.464472], [-122.195873, 39.491301], [-122.200196, 39.501463], [-122.212427, 39.51621], [-122.214578, 39.522051], [-122.214599, 39.554777], [-122.204044, 39.630851], [-122.206001, 39.711543], [-122.204152, 39.785737], [-122.199757, 39.802469], [-122.200106, 39.964035], [-122.215431, 40.059792], [-122.218842, 40.12753], [-122.223511, 40.15342], [-122.22124, 40.174486], [-122.222607, 40.177873], [-122.245392, 40.206301], [-122.253625, 40.223648], [-122.255308, 40.233648], [-122.269357, 40.272336], [-122.273637, 40.281912], [-122.278482, 40.289103], [-122.285123, 40.390639], [-122.280642, 40.410624], [-122.282907, 40.426422], [-122.289446, 40.448386], [-122.292, 40.452593], [-122.325152, 40.486573], [-122.342378, 40.51248], [-122.360163, 40.568332], [-122.360545, 40.603721], [-122.368293, 40.632154], [-122.349023, 40.677525], [-122.343909, 40.694722], [-122.314135, 40.74028], [-122.314755, 40.746338], [-122.321786, 40.754394], [-122.319116, 40.758097], [-122.318327, 40.767179], [-122.313804, 40.769876], [-122.312447, 40.771899], [-122.314518, 40.779743], [-122.309097, 40.783175], [-122.308413, 40.785634], [-122.32142, 40.79583], [-122.322645, 40.804178], [-122.320867, 40.813423], [-122.328533, 40.843155], [-122.340555, 40.848915], [-122.342494, 40.854588], [-122.348821, 40.859928], [-122.363893, 40.86599], [-122.367332, 40.87079], [-122.374218, 40.877021], [-122.381621, 40.881695], [-122.383493, 40.885949], [-122.383147, 40.903503], [-122.386342, 40.911692], [-122.401041, 40.921377], [-122.409827, 40.923261], [-122.410818, 40.924605], [-122.413372, 40.93467], [-122.41421, 40.935727], [-122.421042, 40.937164], [-122.425926, 40.94052], [-122.434602, 40.941748], [-122.437106, 40.94396], [-122.435452, 40.951275], [-122.435179, 40.956924], [-122.440453, 40.96123], [-122.440852, 40.963648], [-122.435743, 40.967124], [-122.432312, 40.971634], [-122.432938, 40.977259], [-122.427325, 40.988693], [-122.410156, 41.002796], [-122.409732, 41.009764]], [[-122.409732, 41.009779], [-122.408476, 41.013093], [-122.396885, 41.023951], [-122.397326, 41.033031], [-122.39432, 41.04335], [-122.389233, 41.046916], [-122.381953, 41.049158], [-122.378466, 41.054777], [-122.373204, 41.057234], [-122.368681, 41.063591], [-122.363725, 41.065437], [-122.361632, 41.066842], [-122.356443, 41.07436], [-122.355973, 41.075951], [-122.355712, 41.081398], [-122.352622, 41.083416], [-122.351912, 41.084334], [-122.352358, 41.090608], [-122.346506, 41.093488], [-122.343634, 41.099638], [-122.327437, 41.109999], [-122.326491, 41.111032], [-122.327941, 41.119366], [-122.322797, 41.128759], [-122.321429, 41.136774], [-122.318255, 41.141349], [-122.316687, 41.147683], [-122.313367, 41.149996], [-122.301873, 41.151443], [-122.294559, 41.154624], [-122.29751, 41.163098], [-122.297609, 41.172041], [-122.286745, 41.187225], [-122.283711, 41.195247], [-122.277848, 41.201148], [-122.274024, 41.213107], [-122.275122, 41.230073], [-122.261986, 41.240391], [-122.257783, 41.247486], [-122.259602, 41.251001], [-122.272505, 41.259121], [-122.279277, 41.270469], [-122.287181, 41.276634], [-122.308363, 41.289284], [-122.332603, 41.332692], [-122.343295, 41.344914], [-122.358225, 41.356925], [-122.373714, 41.372297], [-122.375197, 41.376458], [-122.375057, 41.39136], [-122.38267, 41.401026], [-122.379758, 41.408434], [-122.3802, 41.412464], [-122.384856, 41.419986], [-122.396315, 41.423333], [-122.400229, 41.428108]], [[-118.670982, 34.553606], [-118.674284, 34.55784], [-118.684237, 34.564022], [-118.688887, 34.570967], [-118.691511, 34.572652], [-118.699088, 34.575815], [-118.703177, 34.580244], [-118.710116, 34.585765], [-118.71159, 34.589679], [-118.71079, 34.600682], [-118.712004, 34.61134], [-118.719517, 34.624716], [-118.721071, 34.626189], [-118.724664, 34.628611], [-118.727882, 34.632124], [-118.730092, 34.633679], [-118.733295, 34.634749], [-118.740321, 34.635735], [-118.747448, 34.639445], [-118.754214, 34.651816], [-118.754621, 34.657193], [-118.755915, 34.660372], [-118.766713, 34.671505], [-118.776873, 34.676051], [-118.780182, 34.680994], [-118.787307, 34.689251], [-118.798128, 34.713413], [-118.79895, 34.727035], [-118.79555, 34.747278], [-118.795635, 34.757208], [-118.796635, 34.761344], [-118.800756, 34.76824], [-118.80738, 34.774704], [-118.834589, 34.792028], [-118.837762, 34.793292], [-118.846489, 34.794409]], [[-118.670982, 34.553606], [-118.684318, 34.563706], [-118.689443, 34.571102], [-118.699018, 34.575518], [-118.710299, 34.585596], [-118.711835, 34.589322], [-118.712885, 34.612381], [-118.720065, 34.624971], [-118.724376, 34.628081], [-118.730127, 34.633451], [-118.739991, 34.63538], [-118.747761, 34.639396], [-118.754435, 34.651596], [-118.756359, 34.660548], [-118.767243, 34.671611], [-118.777366, 34.67617], [-118.787467, 34.689008], [-118.798499, 34.713401], [-118.799413, 34.725859], [-118.795971, 34.74713], [-118.796035, 34.757308], [-118.800853, 34.767768], [-118.807296, 34.774207], [-118.834644, 34.791775], [-118.846461, 34.794189]], [[-118.62743, 34.502106], [-118.639023, 34.516659], [-118.645567, 34.521207], [-118.652146, 34.534208], [-118.668248, 34.548773], [-118.670982, 34.553606]], [[-118.62743, 34.502106], [-118.628594, 34.506667], [-118.642694, 34.5258], [-118.645942, 34.53588], [-118.653578, 34.543944], [-118.670982, 34.553606]], [[-118.5125, 34.336639], [-118.52015, 34.340376], [-118.525987, 34.341364], [-118.528754, 34.342394], [-118.534691, 34.347093], [-118.547578, 34.352381], [-118.553429, 34.357784], [-118.556541, 34.365135], [-118.560091, 34.369844], [-118.566923, 34.380751], [-118.570237, 34.389065], [-118.57325, 34.400924], [-118.586827, 34.429476], [-118.597061, 34.438491], [-118.609965, 34.445577], [-118.615064, 34.451813], [-118.615783, 34.453455], [-118.616173, 34.45601], [-118.61544, 34.462407], [-118.616834, 34.467763], [-118.614883, 34.482199], [-118.626269, 34.498886], [-118.62743, 34.502106]], [[-118.511926, 34.336549], [-118.519738, 34.340448], [-118.528792, 34.342725], [-118.534179, 34.34716], [-118.547318, 34.352571], [-118.553265, 34.358122], [-118.556225, 34.36527], [-118.566602, 34.380879], [-118.57275, 34.40061], [-118.586705, 34.429772], [-118.596878, 34.43865], [-118.609922, 34.445857], [-118.614836, 34.451944], [-118.615171, 34.462466], [-118.616556, 34.467594], [-118.614641, 34.482339], [-118.62743, 34.502106]], [[-118.489423, 34.315223], [-118.492769, 34.319514], [-118.5015, 34.324662], [-118.501991, 34.325426], [-118.502471, 34.32749], [-118.505156, 34.33372], [-118.506001, 34.334836], [-118.507869, 34.335959], [-118.517736, 34.339745]], [[-118.5125, 34.336639], [-118.51746, 34.338943]], [[-118.501701, 34.323938], [-118.504336, 34.326335], [-118.507912, 34.333133], [-118.5125, 34.336639]], [[-118.511926, 34.336549], [-118.5125, 34.336639]], [[-118.501922, 34.324437], [-118.507781, 34.333312], [-118.511926, 34.336549]], [[-118.501922, 34.324437], [-118.50585, 34.334459], [-118.511926, 34.336549]], [[-118.501701, 34.323938], [-118.501922, 34.324437]], [[-118.277562, 34.140897], [-118.279421, 34.14844], [-118.280096, 34.1499], [-118.281342, 34.151317], [-118.289568, 34.155855], [-118.294295, 34.162903], [-118.304831, 34.170831], [-118.307754, 34.176634], [-118.317501, 34.18516], [-118.329867, 34.193833], [-118.33684, 34.198091], [-118.345093, 34.209274], [-118.357548, 34.220585], [-118.360627, 34.221745], [-118.369753, 34.222534], [-118.374944, 34.225941], [-118.377304, 34.226744], [-118.38857, 34.22694], [-118.395921, 34.230256], [-118.409972, 34.23354], [-118.439075, 34.260625], [-118.443287, 34.266637], [-118.447306, 34.270472], [-118.450318, 34.274357], [-118.454972, 34.278892], [-118.457577, 34.283066], [-118.458384, 34.284032], [-118.459626, 34.285083], [-118.464675, 34.2883], [-118.476834, 34.300497], [-118.491811, 34.31798], [-118.494273, 34.319969], [-118.501922, 34.324437]], [[-118.49001, 34.315155], [-118.501701, 34.323938]], [[-118.221462, 34.034604], [-118.219313, 34.039939], [-118.21546, 34.045785], [-118.214109, 34.050548], [-118.21449, 34.058382], [-118.219376, 34.072967], [-118.219845, 34.07822], [-118.222581, 34.08108], [-118.22878, 34.083451], [-118.237253, 34.088908], [-118.246867, 34.098433], [-118.250203, 34.102608], [-118.255697, 34.106502], [-118.262938, 34.110246], [-118.267312, 34.113373], [-118.272106, 34.122191], [-118.281368, 34.151085], [-118.289446, 34.155426], [-118.294509, 34.162808], [-118.304937, 34.170639], [-118.307882, 34.176477], [-118.316461, 34.183921], [-118.337221, 34.19815], [-118.345059, 34.208903], [-118.357958, 34.220587], [-118.369731, 34.222318], [-118.377074, 34.226506], [-118.387982, 34.226582], [-118.410648, 34.233498], [-118.439265, 34.260515], [-118.455091, 34.278811], [-118.458232, 34.283675], [-118.464887, 34.288273], [-118.476961, 34.300404], [-118.491887, 34.317708], [-118.501701, 34.323938]], [[-118.277562, 34.140897], [-118.277671, 34.14088]], [[-118.27753, 34.140803], [-118.27763, 34.140787]], [[-118.277562, 34.140897], [-118.271947, 34.14197], [-118.268025, 34.141913], [-118.267132, 34.142403], [-118.267664, 34.14184], [-118.27753, 34.140803]], [[-118.27753, 34.140803], [-118.277562, 34.140897]], [[-118.220923, 34.033742], [-118.214814, 34.046734], [-118.213937, 34.05073], [-118.214308, 34.05842], [-118.219642, 34.078274], [-118.222359, 34.081116], [-118.237329, 34.089235], [-118.250157, 34.102816], [-118.255541, 34.10666], [-118.267034, 34.113366], [-118.272097, 34.122803], [-118.27753, 34.140803]], [[-117.147754, 32.711081], [-117.148022, 32.719373], [-117.150359, 32.723466], [-117.161596, 32.722612], [-117.163001, 32.722879], [-117.164351, 32.723529], [-117.180018, 32.740976], [-117.194386, 32.748162], [-117.201983, 32.754996], [-117.203362, 32.75688], [-117.208681, 32.777709], [-117.207143, 32.788271], [-117.207975, 32.793514], [-117.214544, 32.805007], [-117.231951, 32.824876], [-117.232974, 32.827727], [-117.233238, 32.833855], [-117.236479, 32.84176], [-117.236561, 32.844431], [-117.235709, 32.848709], [-117.230836, 32.856996], [-117.227212, 32.893484], [-117.22457, 32.903451], [-117.230324, 32.914104], [-117.236575, 32.919629], [-117.23908, 32.923948], [-117.241179, 32.931146], [-117.245734, 32.959733], [-117.25483, 32.98416], [-117.25798, 33.003086], [-117.271421, 33.016428], [-117.27281, 33.018998], [-117.274954, 33.026312], [-117.285115, 33.041506], [-117.298283, 33.084199], [-117.313811, 33.10813], [-117.328779, 33.133067], [-117.333331, 33.142034], [-117.3344, 33.148345], [-117.345655, 33.169268], [-117.369007, 33.198121], [-117.381362, 33.203427], [-117.383971, 33.205312], [-117.389519, 33.213746], [-117.392981, 33.222934], [-117.415199, 33.241548], [-117.431382, 33.263978], [-117.442849, 33.272734], [-117.459048, 33.293984], [-117.480594, 33.311924], [-117.482046, 33.314344], [-117.482933, 33.320432], [-117.484941, 33.323192], [-117.547179, 33.367251], [-117.561043, 33.374842], [-117.565928, 33.378583], [-117.583212, 33.385384], [-117.586318, 33.387069], [-117.588356, 33.388954], [-117.593397, 33.395715], [-117.605163, 33.418766], [-117.619084, 33.4367], [-117.626364, 33.441052], [-117.632277, 33.445778], [-117.637543, 33.448538], [-117.642742, 33.452102], [-117.651942, 33.456353], [-117.661131, 33.461205], [-117.672302, 33.468062], [-117.674336, 33.470305], [-117.674887, 33.473301], [-117.674015, 33.47668], [-117.66106, 33.492927], [-117.658505, 33.500721], [-117.667977, 33.52524], [-117.673882, 33.530393], [-117.675007, 33.532707], [-117.675102, 33.537343], [-117.673036, 33.547454], [-117.673135, 33.560276], [-117.672072, 33.569683], [-117.671772, 33.590963], [-117.673797, 33.595443], [-117.703392, 33.610933], [-117.71035, 33.616961], [-117.726964, 33.634066], [-117.754303, 33.668486], [-117.757482, 33.676697], [-117.763968, 33.682875], [-117.783574, 33.711052], [-117.81699, 33.734541], [-117.840073, 33.742905], [-117.842237, 33.74504], [-117.844087, 33.74918], [-117.846911, 33.752024], [-117.862324, 33.759796], [-117.875751, 33.777989], [-117.88238, 33.783565], [-117.906535, 33.806655], [-117.932349, 33.832275], [-117.941484, 33.835524], [-117.988199, 33.860258], [-118.006348, 33.870592], [-118.011529, 33.874698], [-118.044989, 33.892447], [-118.062372, 33.902508], [-118.079254, 33.916178], [-118.093584, 33.936447], [-118.103668, 33.951494], [-118.119704, 33.963711], [-118.121352, 33.966216], [-118.123781, 33.973505], [-118.126794, 33.977623], [-118.137084, 33.987001], [-118.145701, 33.995928], [-118.152211, 34.00353], [-118.158, 34.008065], [-118.160459, 34.010625], [-118.180071, 34.019543], [-118.192027, 34.020115], [-118.195383, 34.020915], [-118.207469, 34.025954], [-118.216456, 34.029933], [-118.219271, 34.031768], [-118.220292, 34.032734], [-118.221257, 34.034048]], [[-118.220923, 34.033742], [-118.221153, 34.034108]], [[-118.220971, 34.033673], [-118.220923, 34.033742]], [[-117.14754, 32.711072], [-117.147727, 32.719091], [-117.150157, 32.723574], [-117.163915, 32.723495], [-117.179946, 32.7412], [-117.193377, 32.747766], [-117.203017, 32.756705], [-117.208412, 32.777601], [-117.206875, 32.788301], [-117.207693, 32.793557], [-117.214529, 32.805377], [-117.231727, 32.825289], [-117.232845, 32.833738], [-117.236221, 32.841839], [-117.23541, 32.848756], [-117.230578, 32.857036], [-117.227082, 32.892876], [-117.223813, 32.904047], [-117.229965, 32.914309], [-117.237102, 32.920751], [-117.239488, 32.926092], [-117.245342, 32.959246], [-117.254608, 32.984354], [-117.257751, 33.003117], [-117.271233, 33.016621], [-117.274701, 33.026383], [-117.284714, 33.04136], [-117.298008, 33.084235], [-117.328403, 33.132985], [-117.332999, 33.142056], [-117.334147, 33.148469], [-117.345433, 33.169419], [-117.36898, 33.198427], [-117.383746, 33.205464], [-117.389548, 33.214406], [-117.393199, 33.22429], [-117.407147, 33.237767], [-117.415392, 33.242212], [-117.430792, 33.263701], [-117.442753, 33.273107], [-117.458878, 33.294214], [-117.480409, 33.3121], [-117.482605, 33.320352], [-117.484358, 33.323017], [-117.546772, 33.367284], [-117.56607, 33.378974], [-117.58649, 33.38755], [-117.593629, 33.396501], [-117.604941, 33.418785], [-117.618494, 33.436457], [-117.632051, 33.445851], [-117.644357, 33.45322], [-117.660754, 33.461184], [-117.67398, 33.470211], [-117.673839, 33.476457], [-117.660526, 33.493213], [-117.658247, 33.500596], [-117.667474, 33.524997], [-117.674714, 33.532987], [-117.672695, 33.548699], [-117.671794, 33.569707], [-117.671494, 33.590687], [-117.672931, 33.594798], [-117.677002, 33.598467], [-117.703284, 33.611277], [-117.725897, 33.633508], [-117.753906, 33.668525], [-117.756924, 33.676486], [-117.763353, 33.682735], [-117.783096, 33.711064], [-117.817525, 33.735179], [-117.840087, 33.743244], [-117.845887, 33.752008], [-117.861721, 33.759788], [-117.8778, 33.780798], [-117.931822, 33.832359], [-117.941565, 33.835963], [-117.978618, 33.857046], [-117.987507, 33.860382], [-118.011466, 33.874874], [-118.062138, 33.902621], [-118.078966, 33.916241], [-118.103644, 33.95174], [-118.119542, 33.963749], [-118.123472, 33.973302], [-118.126462, 33.977487], [-118.15132, 34.002903], [-118.160356, 34.010767], [-118.18007, 34.0197], [-118.195281, 34.021069], [-118.216937, 34.030328], [-118.220923, 34.033742]], [[-117.111459, 32.668601], [-117.111418, 32.671058], [-117.109409, 32.677205], [-117.113058, 32.686126], [-117.122592, 32.693362], [-117.125608, 32.694337], [-117.131417, 32.694341], [-117.133833, 32.694938], [-117.146704, 32.703928], [-117.147649, 32.705525], [-117.147754, 32.711066]], [[-117.11116, 32.668406], [-117.109186, 32.677198], [-117.113148, 32.686715], [-117.121456, 32.692868], [-117.123441, 32.693936], [-117.126168, 32.694578], [-117.132192, 32.694598], [-117.133829, 32.695133], [-117.146101, 32.703704], [-117.14754, 32.711058]], [[-117.032693, 32.544307], [-117.040428, 32.54935], [-117.063391, 32.558886], [-117.072613, 32.564541], [-117.07477, 32.566365], [-117.086335, 32.580496], [-117.087551, 32.584038], [-117.091992, 32.618791], [-117.111457, 32.668588]], [[-117.032448, 32.544489], [-117.040592, 32.549686], [-117.063766, 32.55933], [-117.07299, 32.565069], [-117.086275, 32.580896], [-117.091576, 32.618212], [-117.111157, 32.66839]]]}}, {"type": "Feature", "properties": {"route_number": "I-505"}, "geometry": {"type": "MultiLineString", "coordinates": [[[-121.954824, 38.373306], [-121.943007, 38.423772], [-121.942582, 38.448647], [-121.942013, 38.453283], [-121.942405, 38.463474], [-121.952991, 38.50993], [-121.953606, 38.62181], [-121.952223, 38.682239], [-121.958961, 38.719602], [-121.958444, 38.723823], [-121.951538, 38.754312], [-121.944895, 38.780769], [-121.944004, 38.791073], [-121.939092, 38.815733], [-121.941265, 38.847941]], [[-121.953394, 38.373296], [-121.953763, 38.376605], [-121.942684, 38.423996], [-121.941685, 38.453283], [-121.942035, 38.463255], [-121.952707, 38.510388], [-121.953285, 38.621255], [-121.951936, 38.682256], [-121.958624, 38.720185], [-121.944822, 38.779687], [-121.938986, 38.814141], [-121.939883, 38.84795]]]}}, {"type": "Feature", "properties": {"route_number": "I-580"}, "geometry": {"type": "MultiLineString", "coordinates": [[[-122.464922, 37.939721], [-122.478676, 37.942685], [-122.483286, 37.944753], [-122.487626, 37.944788], [-122.489792, 37.945374], [-122.491149, 37.946339], [-122.50499, 37.959483], [-122.510145, 37.962174]], [[-122.464922, 37.939721], [-122.48322, 37.94486], [-122.489679, 37.945504], [-122.504915, 37.959645], [-122.509773, 37.962397]], [[-122.408918, 37.932724], [-122.450129, 37.935526], [-122.464922, 37.939721]], [[-122.309334, 37.888176], [-122.310267, 37.89528], [-122.326278, 37.914711], [-122.333587, 37.920346], [-122.355535, 37.921809], [-122.358884, 37.922814], [-122.366967, 37.926791], [-122.380513, 37.927338], [-122.388139, 37.929586], [-122.395137, 37.932522], [-122.400334, 37.93189], [-122.408918, 37.932724]], [[-122.308693, 37.885311], [-122.308291, 37.88998], [-122.310073, 37.895286], [-122.32662, 37.9154], [-122.33341, 37.920475], [-122.355905, 37.922087], [-122.366221, 37.926806], [-122.380299, 37.927478], [-122.394882, 37.932606], [-122.408918, 37.932724]], [[-121.402073, 37.638624], [-121.533993, 37.718536], [-121.558063, 37.739304], [-121.568252, 37.741801], [-121.581301, 37.741058], [-121.610027, 37.734997], [-121.627537, 37.733509], [-121.636551, 37.726949], [-121.656511, 37.720394], [-121.665205, 37.718039], [-121.667447, 37.71792], [-121.669199, 37.718169], [-121.671053, 37.71881], [-121.675147, 37.721111], [-121.681124, 37.72182], [-121.703972, 37.716996], [-121.734841, 37.704236], [-121.738901, 37.702814], [-121.741673, 37.702345], [-121.759701, 37.702861], [-121.776503, 37.700407], [-121.787259, 37.699494], [-121.789434, 37.69964], [-121.795292, 37.700699], [-121.917923, 37.701685], [-121.935036, 37.69821], [-121.96829, 37.697101], [-121.987463, 37.699626], [-122.00229, 37.70338], [-122.024143, 37.700681], [-122.03534, 37.701836], [-122.046081, 37.694769], [-122.050383, 37.693415], [-122.058744, 37.693504], [-122.071289, 37.690658], [-122.097735, 37.690165], [-122.101027, 37.691724], [-122.109116, 37.700379], [-122.121197, 37.70723], [-122.129229, 37.712367], [-122.131256, 37.71438], [-122.137592, 37.724841], [-122.140723, 37.737187], [-122.148803, 37.744967], [-122.15144, 37.749822], [-122.151926, 37.751259], [-122.151734, 37.753078], [-122.151017, 37.754282], [-122.148289, 37.757181], [-122.148058, 37.759646], [-122.158111, 37.773169], [-122.16941, 37.778704], [-122.177597, 37.783325], [-122.188999, 37.784315], [-122.193124, 37.785392], [-122.199811, 37.788646], [-122.210478, 37.796377], [-122.228816, 37.800899], [-122.236308, 37.805816], [-122.24872, 37.81034], [-122.250381, 37.811838], [-122.253058, 37.818184], [-122.260027, 37.822219], [-122.281766, 37.827285], [-122.288613, 37.826333], [-122.294045, 37.82753], [-122.30359, 37.825374]], [[-121.40184, 37.63885], [-121.533671, 37.718714], [-121.561292, 37.742519], [-121.565365, 37.743912], [-121.628722, 37.734469], [-121.637986, 37.727212], [-121.64654, 37.725533], [-121.664741, 37.718258], [-121.669199, 37.718354], [-121.67503, 37.721252], [-121.6811, 37.721989], [-121.70281, 37.717715], [-121.741197, 37.702605], [-121.761137, 37.702955], [-121.787523, 37.699661], [-121.795136, 37.70089], [-121.916457, 37.702025], [-121.934974, 37.698524], [-121.967984, 37.697381], [-122.002409, 37.703725], [-122.0236, 37.70107], [-122.035521, 37.702127], [-122.050384, 37.693698], [-122.05837, 37.69389], [-122.071117, 37.691031], [-122.098097, 37.690921], [-122.108998, 37.70062], [-122.130985, 37.714493], [-122.13729, 37.724737], [-122.140502, 37.737219], [-122.14892, 37.745442], [-122.151562, 37.750648], [-122.151315, 37.753453], [-122.147882, 37.757654], [-122.148101, 37.760388], [-122.158072, 37.77335], [-122.177702, 37.783595], [-122.193017, 37.785559], [-122.210264, 37.796506], [-122.228605, 37.801026], [-122.235798, 37.805815], [-122.24861, 37.810512], [-122.252802, 37.818223], [-122.259905, 37.822386], [-122.281705, 37.827537], [-122.288514, 37.826533], [-122.293825, 37.82808], [-122.300508, 37.826373]], [[-121.334567, 37.59144], [-121.372648, 37.620654], [-121.402058, 37.638616]], [[-121.33756, 37.59419], [-121.371654, 37.620344], [-121.401826, 37.638842]]]}}, {"type": "Feature", "properties": {"route_number": "I-605"}, "geometry": {"type": "MultiLineString", "coordinates": [[[-118.091484, 33.778623], [-118.091972, 33.783953], [-118.086187, 33.797573], [-118.081622, 33.804235], [-118.081648, 33.822483], [-118.083581, 33.830122], [-118.093905, 33.848601], [-118.10397, 33.880876], [-118.105403, 33.902724], [-118.104626, 33.922318], [-118.10278, 33.929544], [-118.094041, 33.946356], [-118.087661, 33.957286], [-118.07892, 33.97736], [-118.071651, 33.98625], [-118.06771, 33.999994], [-118.066339, 34.002289], [-118.058065, 34.009339], [-118.055995, 34.014684], [-118.053521, 34.017542], [-118.022062, 34.038054], [-118.010283, 34.044126], [-118.000546, 34.062495], [-118.000612, 34.069429], [-117.998565, 34.075782], [-117.997649, 34.08235], [-117.996541, 34.08553], [-117.993262, 34.090438], [-117.986184, 34.096882], [-117.983594, 34.104353], [-117.978537, 34.114162], [-117.976429, 34.116431], [-117.970082, 34.120856], [-117.957685, 34.133817], [-117.952566, 34.13328]], [[-118.090832, 33.778605], [-118.091192, 33.784735], [-118.085994, 33.797397], [-118.081311, 33.804386], [-118.081324, 33.822223], [-118.08333, 33.830301], [-118.093615, 33.848573], [-118.103703, 33.880806], [-118.10514, 33.903855], [-118.102655, 33.929016], [-118.087665, 33.956795], [-118.078811, 33.977124], [-118.071556, 33.985933], [-118.066528, 34.001682], [-118.057603, 34.009539], [-118.05329, 34.017476], [-118.021928, 34.037928], [-118.010177, 34.043843], [-118.000457, 34.061999], [-118.000364, 34.069423], [-117.998173, 34.07619], [-117.996197, 34.085629], [-117.986158, 34.096447], [-117.978232, 34.114185], [-117.970444, 34.120194], [-117.95812, 34.132297], [-117.952934, 34.132894]]]}}, {"type": "Feature", "properties": {"route_number": "I-680"}, "geometry": {"type": "MultiLineString", "coordinates": [[[-121.990786, 37.806076], [-121.99331, 37.812258], [-121.993439, 37.821615], [-121.995271, 37.825457], [-122.018484, 37.840446], [-122.026821, 37.846673], [-122.028078, 37.848178], [-122.028694, 37.849491], [-122.029722, 37.855338], [-122.033224, 37.861065], [-122.037775, 37.865096], [-122.044879, 37.874637], [-122.055225, 37.885421], [-122.058064, 37.889196], [-122.069214, 37.894811], [-122.070398, 37.895712], [-122.071096, 37.896812], [-122.071162, 37.899476], [-122.067344, 37.91279], [-122.061196, 37.923853], [-122.060212, 37.940954], [-122.052647, 37.958292], [-122.055499, 37.964977], [-122.063404, 37.974822], [-122.064596, 37.97686], [-122.06538, 37.979018], [-122.067735, 37.990634], [-122.068539, 37.992726], [-122.087195, 38.009589], [-122.096104, 38.018574], [-122.113632, 38.02604], [-122.115818, 38.027412], [-122.117092, 38.029526], [-122.117758, 38.034159], [-122.130368, 38.050331], [-122.12972, 38.056504], [-122.1315, 38.061614], [-122.131536, 38.062887], [-122.131122, 38.064207], [-122.119573, 38.078344], [-122.108263, 38.090446], [-122.103324, 38.106043], [-122.106334, 38.113047], [-122.107578, 38.129176], [-122.110172, 38.134811], [-122.11054, 38.136356], [-122.109591, 38.142708], [-122.110956, 38.14753], [-122.115191, 38.157177], [-122.129717, 38.174266], [-122.137763, 38.189142], [-122.138176, 38.203762], [-122.137951, 38.216665]], [[-121.990497, 37.806103], [-121.993046, 37.812384], [-121.993219, 37.821852], [-121.995112, 37.825607], [-122.026569, 37.846697], [-122.029298, 37.85491], [-122.033116, 37.861337], [-122.050632, 37.881549], [-122.058126, 37.889638], [-122.070475, 37.896248], [-122.068532, 37.908388], [-122.060892, 37.923769], [-122.05989, 37.940958], [-122.052659, 37.957279], [-122.052447, 37.95857], [-122.052662, 37.959947], [-122.055813, 37.965764], [-122.064749, 37.977661], [-122.067631, 37.991108], [-122.068902, 37.993683], [-122.096189, 38.018893], [-122.115331, 38.027647], [-122.117609, 38.037433], [-122.129335, 38.053268], [-122.129548, 38.05735], [-122.131316, 38.061515], [-122.130843, 38.0644], [-122.108027, 38.090358], [-122.103069, 38.105598], [-122.106113, 38.113351], [-122.107334, 38.1292], [-122.110204, 38.135964], [-122.109363, 38.142484], [-122.11027, 38.146543], [-122.114645, 38.156804], [-122.129137, 38.173865], [-122.137449, 38.18911], [-122.13784, 38.216767]], [[-121.870842, 37.589118], [-121.870426, 37.592182], [-121.873114, 37.595935], [-121.873635, 37.597501], [-121.872067, 37.604007], [-121.879989, 37.621442], [-121.88064, 37.628246], [-121.884075, 37.63405], [-121.885025, 37.640436], [-121.905341, 37.660254], [-121.907762, 37.663264], [-121.909216, 37.666026], [-121.923937, 37.703421], [-121.938017, 37.72043], [-121.949597, 37.735431], [-121.95506, 37.743415], [-121.970649, 37.767837], [-121.984105, 37.794296], [-121.988031, 37.799947], [-121.99078, 37.806062]], [[-121.870651, 37.589045], [-121.870335, 37.592552], [-121.873302, 37.597489], [-121.871801, 37.604156], [-121.879622, 37.621469], [-121.880375, 37.628554], [-121.883798, 37.63419], [-121.884595, 37.640181], [-121.907597, 37.663525], [-121.923629, 37.703502], [-121.955529, 37.744528], [-121.970473, 37.767969], [-121.984045, 37.794768], [-121.990492, 37.806089]], [[-121.852115, 37.339738], [-121.839395, 37.349291], [-121.838703, 37.355425], [-121.846587, 37.368196], [-121.872314, 37.393014], [-121.874235, 37.395387], [-121.875728, 37.398733], [-121.88374, 37.425044], [-121.888991, 37.435274], [-121.892628, 37.450636], [-121.909692, 37.471271], [-121.914256, 37.484013], [-121.918855, 37.490743], [-121.934677, 37.505753], [-121.947013, 37.52524], [-121.945323, 37.52879], [-121.940024, 37.532128], [-121.927201, 37.53874], [-121.921302, 37.543738], [-121.919704, 37.549031], [-121.917281, 37.553705], [-121.912885, 37.559039], [-121.9114, 37.559912], [-121.906145, 37.561757], [-121.90191, 37.565195], [-121.88592, 37.574281], [-121.878617, 37.577386], [-121.870849, 37.589105]], [[-121.85193, 37.339548], [-121.839199, 37.349123], [-121.838379, 37.355341], [-121.846179, 37.368184], [-121.873893, 37.395344], [-121.883276, 37.424632], [-121.888615, 37.43531], [-121.892429, 37.450939], [-121.909394, 37.471461], [-121.913557, 37.483583], [-121.918447, 37.49087], [-121.934334, 37.505835], [-121.945959, 37.525248], [-121.944102, 37.529303], [-121.926738, 37.538754], [-121.921077, 37.543559], [-121.917318, 37.553003], [-121.912912, 37.558754], [-121.905949, 37.561617], [-121.885282, 37.574367], [-121.879078, 37.576749], [-121.875288, 37.580221], [-121.870657, 37.589031]]]}}, {"type": "Feature", "properties": {"route_number": "I-710"}, "geometry": {"type": "MultiLineString", "coordinates": [[[-118.239161, 33.758316], [-118.216848, 33.766758], [-118.209399, 33.767623], [-118.207219, 33.769617], [-118.207988, 33.7899], [-118.207041, 33.823765], [-118.20884, 33.831098], [-118.208869, 33.833987], [-118.204409, 33.854379], [-118.203124, 33.857158], [-118.19462, 33.870645], [-118.186634, 33.901555], [-118.185383, 33.903963], [-118.181528, 33.908439], [-118.180686, 33.910446], [-118.177867, 33.924381], [-118.178918, 33.92921], [-118.178559, 33.932303], [-118.177112, 33.934426], [-118.17279, 33.937852], [-118.171402, 33.940653], [-118.170428, 33.958669], [-118.169694, 33.963164], [-118.167753, 33.968982], [-118.168023, 33.972606], [-118.167582, 33.980207], [-118.169522, 33.986089], [-118.176052, 33.993175], [-118.176936, 33.995], [-118.177039, 33.996758], [-118.172626, 34.006538], [-118.173512, 34.02073], [-118.17229, 34.028294], [-118.170091, 34.033726], [-118.170199, 34.044206], [-118.169266, 34.046218], [-118.164416, 34.052584], [-118.165591, 34.058587], [-118.165341, 34.06089], [-118.164442, 34.065408], [-118.161268, 34.072664]], [[-118.239101, 33.758194], [-118.216515, 33.766606], [-118.209031, 33.767173], [-118.207094, 33.769149], [-118.206879, 33.82365], [-118.208707, 33.833953], [-118.204038, 33.854826], [-118.194458, 33.870483], [-118.186501, 33.901096], [-118.18515, 33.903808], [-118.18186, 33.907437], [-118.180519, 33.910073], [-118.177588, 33.924342], [-118.178372, 33.932096], [-118.172446, 33.93797], [-118.17118, 33.940821], [-118.170165, 33.959222], [-118.167643, 33.968148], [-118.167342, 33.979745], [-118.169483, 33.986431], [-118.175907, 33.993256], [-118.176883, 33.996472], [-118.172429, 34.00648], [-118.173266, 34.02056], [-118.169888, 34.033698], [-118.169895, 34.044048], [-118.164194, 34.052346], [-118.164603, 34.063834], [-118.160825, 34.073038]], [[-118.154784, 34.130263], [-118.155659, 34.149613]], [[-118.154784, 34.130263], [-118.155432, 34.149698]], [[-118.154318, 34.124042], [-118.154784, 34.130263]]]}}, {"type": "Feature", "properties": {"route_number": "I-780"}, "geometry": {"type": "MultiLineString", "coordinates": [[[-122.1287, 38.047637], [-122.13263, 38.050233], [-122.140326, 38.050004], [-122.143309, 38.050886], [-122.153827, 38.061352], [-122.16163, 38.064002], [-122.180619, 38.067991], [-122.182924, 38.068808], [-122.184871, 38.070391], [-122.192691, 38.079927], [-122.198144, 38.083277], [-122.214055, 38.086211], [-122.234905, 38.092699]], [[-122.126557, 38.048935], [-122.1298, 38.05138], [-122.142192, 38.050605], [-122.153545, 38.061439], [-122.161523, 38.064183], [-122.182893, 38.069014], [-122.192434, 38.079964], [-122.198007, 38.083436], [-122.214117, 38.086441], [-122.234752, 38.092788]]]}}, {"type": "Feature", "properties": {"route_number": "I-8"}, "geometry": {"type": "MultiLineString", "coordinates": [[[-117.237083, 32.754206], [-117.228374, 32.756606], [-117.220564, 32.756964], [-117.195079, 32.760542], [-117.186083, 32.759452], [-117.177145, 32.759172], [-117.174454, 32.759422], [-117.166351, 32.761258], [-117.130014, 32.772203], [-117.115915, 32.77839], [-117.103925, 32.778737], [-117.087274, 32.780647], [-117.074493, 32.7792], [-117.063837, 32.779313], [-117.042359, 32.772638], [-117.040047, 32.772547], [-117.032436, 32.773914], [-117.024893, 32.771067], [-117.02227, 32.770804], [-117.019168, 32.77139], [-117.000152, 32.779095], [-116.985033, 32.779012], [-116.983616, 32.779537], [-116.98232, 32.780596], [-116.978338, 32.786696], [-116.977718, 32.788467], [-116.97651, 32.798307], [-116.973836, 32.801599], [-116.969668, 32.802941], [-116.927918, 32.802939], [-116.92343, 32.803996], [-116.920403, 32.806375], [-116.907875, 32.822965], [-116.897068, 32.831217], [-116.884404, 32.84306], [-116.875115, 32.846335], [-116.868366, 32.851877], [-116.861018, 32.854047], [-116.844585, 32.852863], [-116.839167, 32.853515], [-116.831072, 32.856173], [-116.817417, 32.856837], [-116.812414, 32.854926], [-116.807969, 32.84923], [-116.801825, 32.844709], [-116.786586, 32.839293], [-116.776028, 32.840161], [-116.748622, 32.834573], [-116.721982, 32.833473], [-116.702078, 32.838518], [-116.660678, 32.837306], [-116.650976, 32.838159], [-116.631827, 32.833079], [-116.624106, 32.825703], [-116.618339, 32.823181], [-116.602323, 32.823514], [-116.581589, 32.818402], [-116.571459, 32.820532], [-116.56536, 32.822861], [-116.555957, 32.823038], [-116.544946, 32.818264], [-116.532077, 32.817747], [-116.521697, 32.813574], [-116.512003, 32.811377], [-116.500033, 32.801846], [-116.496556, 32.79608], [-116.492648, 32.77476], [-116.48751, 32.765161], [-116.481309, 32.747131], [-116.48017, 32.731178], [-116.478713, 32.72662], [-116.474984, 32.7209], [-116.471812, 32.718748], [-116.467449, 32.71786], [-116.46004, 32.718315]], [[-117.235384, 32.755914], [-117.195091, 32.760744], [-117.174271, 32.759674], [-117.130021, 32.772406], [-117.11721, 32.778579], [-117.087175, 32.781137], [-117.064143, 32.779516], [-117.051139, 32.776669], [-117.042501, 32.772853], [-117.032607, 32.774131], [-117.022357, 32.771006], [-117.000132, 32.779287], [-116.985192, 32.779213], [-116.982495, 32.780708], [-116.978377, 32.787074], [-116.976703, 32.798268], [-116.973856, 32.801828], [-116.969442, 32.803151], [-116.923966, 32.804043], [-116.90776, 32.823406], [-116.884515, 32.843354], [-116.875602, 32.846416], [-116.868408, 32.852201], [-116.861022, 32.854356], [-116.845309, 32.853177], [-116.830304, 32.856667], [-116.817449, 32.857214], [-116.812168, 32.855251], [-116.801737, 32.84513], [-116.786393, 32.839649], [-116.775553, 32.840511], [-116.747822, 32.834857], [-116.72198, 32.83381], [-116.70275, 32.83881], [-116.66816, 32.83891], [-116.660201, 32.837606], [-116.651533, 32.838677], [-116.631752, 32.83339], [-116.620361, 32.824614], [-116.606768, 32.824811], [-116.584256, 32.82024], [-116.572572, 32.820689], [-116.56499, 32.823195], [-116.554972, 32.823183], [-116.544477, 32.818972], [-116.530777, 32.818242], [-116.511537, 32.811694], [-116.501834, 32.804345], [-116.496194, 32.796684], [-116.491993, 32.774591], [-116.482437, 32.756824], [-116.478129, 32.726785], [-116.471483, 32.719175], [-116.459889, 32.718864]], [[-116.460023, 32.718318], [-116.443561, 32.724551], [-116.420183, 32.7266], [-116.40909, 32.725044], [-116.391627, 32.719327], [-116.375712, 32.708915], [-116.360823, 32.705154], [-116.321152, 32.699354], [-116.294264, 32.678733], [-116.289745, 32.676258], [-116.236427, 32.661045], [-116.209342, 32.660567], [-116.195445, 32.649871], [-116.176646, 32.642679], [-116.167893, 32.636944], [-116.163339, 32.635656], [-116.148755, 32.633907], [-116.113408, 32.63706], [-116.109689, 32.638612], [-116.096971, 32.657115], [-116.098305, 32.659822], [-116.105488, 32.663921], [-116.1063, 32.676334], [-116.101847, 32.67758], [-116.091316, 32.672385], [-116.075508, 32.674211], [-116.066404, 32.683151], [-116.063459, 32.694598], [-116.055382, 32.701549], [-116.053339, 32.706798], [-116.054104, 32.711829], [-116.051401, 32.716438], [-116.047814, 32.719717], [-116.037602, 32.724531], [-116.020019, 32.727445], [-116.012776, 32.730465], [-115.974283, 32.738633], [-115.960417, 32.743096], [-115.896724, 32.751787], [-115.841946, 32.760395], [-115.779017, 32.772926], [-115.287526, 32.773123], [-115.281162, 32.771412], [-115.273435, 32.766271], [-115.269618, 32.764587], [-115.24556, 32.759304], [-115.084032, 32.708712], [-115.078029, 32.707771], [-114.991718, 32.707751], [-114.942992, 32.708539], [-114.928273, 32.710947], [-114.924265, 32.712375], [-114.920511, 32.71492], [-114.907982, 32.729495], [-114.88822, 32.737733], [-114.876886, 32.746158], [-114.853889, 32.757331], [-114.84241, 32.760263], [-114.8359, 32.760173]], [[-116.45987, 32.718867], [-116.446, 32.724558], [-116.423736, 32.728367], [-116.405825, 32.726203], [-116.388943, 32.718497], [-116.375052, 32.709583], [-116.359495, 32.705336], [-116.320626, 32.699549], [-116.289456, 32.676544], [-116.236304, 32.661377], [-116.209695, 32.660911], [-116.195142, 32.650107], [-116.176268, 32.642886], [-116.167557, 32.637191], [-116.148111, 32.634253], [-116.11352, 32.637412], [-116.109481, 32.639339], [-116.098289, 32.657389], [-116.099432, 32.659697], [-116.106293, 32.663663], [-116.106702, 32.676646], [-116.104303, 32.678596], [-116.099094, 32.67865], [-116.092303, 32.681353], [-116.091797, 32.688424], [-116.088959, 32.692573], [-116.079054, 32.701355], [-116.066022, 32.70649], [-116.06528, 32.709044], [-116.069975, 32.721063], [-116.068448, 32.724223], [-116.062829, 32.728754], [-116.058668, 32.729122], [-116.0398, 32.724947], [-116.020876, 32.727412], [-116.012162, 32.730925], [-115.974514, 32.738926], [-115.960552, 32.743424], [-115.841451, 32.76083], [-115.7799, 32.773139], [-115.74074, 32.774174], [-115.28743, 32.773363], [-115.281095, 32.771671], [-115.269551, 32.764846], [-115.246789, 32.760045], [-115.077974, 32.708111], [-114.941833, 32.708899], [-114.928467, 32.711083], [-114.920844, 32.714868], [-114.908629, 32.729324], [-114.884396, 32.740886], [-114.87685, 32.746351], [-114.854018, 32.757472], [-114.842313, 32.760506], [-114.835906, 32.760522]], [[-114.835888, 32.76052], [-114.754846, 32.747027]], [[-114.835883, 32.760171], [-114.754846, 32.746722]], [[-114.754829, 32.747027], [-114.739651, 32.746985], [-114.714776, 32.743119], [-114.701654, 32.747177], [-114.697988, 32.7474], [-114.694665, 32.746541], [-114.684112, 32.741666], [-114.66147, 32.737558], [-114.649836, 32.737245], [-114.624632, 32.73193]], [[-114.754828, 32.746722], [-114.740015, 32.746757], [-114.714776, 32.742823], [-114.698055, 32.747131], [-114.684143, 32.741373], [-114.661486, 32.737279], [-114.649843, 32.736953], [-114.624629, 32.731662]], [[-114.624636, 32.732448], [-114.624632, 32.73193]], [[-114.624632, 32.73193], [-114.624629, 32.731662]], [[-114.624632, 32.73193], [-114.624534, 32.731896]], [[-114.624629, 32.731662], [-114.62461, 32.729416]], [[-114.624629, 32.731662], [-114.624532, 32.731628]], [[-114.624537, 32.732447], [-114.624534, 32.731896]], [[-114.624534, 32.731896], [-114.624532, 32.731628]], [[-114.624534, 32.731896], [-114.618381, 32.729043], [-114.617227, 32.728274]], [[-114.624532, 32.731628], [-114.624518, 32.7294]], [[-114.624532, 32.731628], [-114.617401, 32.728261]]]}}, {"type": "Feature", "properties": {"route_number": "I-80"}, "geometry": {"type": "MultiLineString", "coordinates": [[[-122.410357, 37.769379], [-122.40585, 37.770054]], [[-122.408885, 37.769023], [-122.405552, 37.769379]], [[-122.405552, 37.769379], [-122.405442, 37.770186]], [[-122.405552, 37.769379], [-122.406832, 37.773116], [-122.406175, 37.775224], [-122.393877, 37.784338], [-122.39287, 37.784842]], [[-122.405322, 37.767095], [-122.405552, 37.769379]], [[-122.404919, 37.766076], [-122.405977, 37.774715], [-122.39287, 37.784842]], [[-122.39287, 37.784842], [-122.363289, 37.812141]], [[-122.363289, 37.812141], [-122.351021, 37.818605], [-122.306209, 37.82489], [-122.296011, 37.82713], [-122.293745, 37.829091], [-122.293453, 37.83228], [-122.296359, 37.837608], [-122.29938, 37.851296], [-122.308782, 37.88522], [-122.308912, 37.88807], [-122.307458, 37.891574], [-122.307463, 37.893574], [-122.310324, 37.900331], [-122.317213, 37.910737], [-122.317352, 37.919432], [-122.317901, 37.921202], [-122.326637, 37.93392], [-122.326699, 37.935867], [-122.323944, 37.941384], [-122.323699, 37.943456], [-122.330508, 37.959834], [-122.328683, 37.962555], [-122.323091, 37.96573], [-122.321418, 37.967373], [-122.315582, 37.984494], [-122.312167, 37.989309], [-122.305778, 37.992646], [-122.290526, 37.994954], [-122.288035, 37.995834], [-122.286226, 37.996951], [-122.247614, 38.038302], [-122.225438, 38.05429], [-122.225991, 38.067834], [-122.231841, 38.076338], [-122.233257, 38.081355], [-122.232944, 38.084894], [-122.230394, 38.091394], [-122.229774, 38.095172], [-122.22956, 38.110572], [-122.230177, 38.121819], [-122.217307, 38.143394], [-122.216574, 38.146011], [-122.216632, 38.15036], [-122.215722, 38.153234], [-122.208525, 38.163358], [-122.194155, 38.17333], [-122.181616, 38.184216], [-122.170549, 38.188961], [-122.149244, 38.208636], [-122.126499, 38.224233], [-122.070405, 38.249016], [-122.034777, 38.290883], [-122.033946, 38.293502], [-122.033582, 38.307766], [-122.032185, 38.314688], [-122.025024, 38.323327], [-122.014438, 38.339122], [-121.980621, 38.352749], [-121.963649, 38.364958], [-121.866213, 38.439844], [-121.803363, 38.488949], [-121.762038, 38.526441], [-121.745755, 38.531972], [-121.742763, 38.533936], [-121.731501, 38.543206], [-121.725287, 38.545843], [-121.694609, 38.552412], [-121.669994, 38.558378], [-121.651671, 38.560976], [-121.582188, 38.573464], [-121.56431, 38.575572], [-121.561619, 38.577764], [-121.536345, 38.614385], [-121.489715, 38.638821], [-121.46886, 38.641553], [-121.44913, 38.641092], [-121.433243, 38.643167], [-121.416117, 38.637527], [-121.404137, 38.637275], [-121.392798, 38.643316], [-121.378686, 38.645672], [-121.374372, 38.647704], [-121.273852, 38.739754], [-121.272301, 38.741551], [-121.25686, 38.76461], [-121.232572, 38.780011], [-121.134986, 38.861612], [-121.133718, 38.863148], [-121.132975, 38.86462], [-121.129588, 38.876751], [-121.115894, 38.879026], [-121.105025, 38.882399], [-121.088779, 38.889841], [-121.07742, 38.897662], [-121.072387, 38.902184], [-121.071351, 38.904019], [-121.070615, 38.90858], [-121.067785, 38.910942], [-121.060642, 38.918067], [-121.057655, 38.922761], [-121.056642, 38.92524], [-121.054534, 38.934715], [-121.050253, 38.941679], [-121.045374, 38.945993], [-121.036949, 38.954901], [-121.02291, 38.963765], [-121.02156, 38.964887], [-121.000558, 38.990485], [-120.990074, 39.008357], [-120.989016, 39.014835], [-120.981737, 39.018998], [-120.978577, 39.022581], [-120.973285, 39.037894], [-120.973191, 39.039601], [-120.974025, 39.044494], [-120.970787, 39.051672], [-120.967722, 39.062149], [-120.964554, 39.066515], [-120.963615, 39.071509], [-120.955641, 39.086428], [-120.951207, 39.091189], [-120.950045, 39.093124], [-120.949659, 39.094404], [-120.948233, 39.10439], [-120.947817, 39.105737], [-120.946418, 39.108509], [-120.943559, 39.115913], [-120.941652, 39.118909], [-120.94058, 39.122541], [-120.937525, 39.127668], [-120.936037, 39.131937], [-120.931326, 39.134484], [-120.928137, 39.138551], [-120.926155, 39.139129], [-120.920438, 39.138561], [-120.919268, 39.138674], [-120.917967, 39.139031], [-120.91693, 39.139579], [-120.913022, 39.142354], [-120.909459, 39.146833], [-120.905083, 39.147072], [-120.903322, 39.147475], [-120.877206, 39.158977], [-120.876062, 39.15999], [-120.875295, 39.16145], [-120.875641, 39.166367], [-120.873864, 39.169265], [-120.8715, 39.170573], [-120.861478, 39.172911], [-120.859645, 39.173762], [-120.84987, 39.181878], [-120.845348, 39.18634], [-120.839661, 39.188528], [-120.829929, 39.187716], [-120.8244, 39.188422], [-120.823064, 39.188835], [-120.818057, 39.192179], [-120.811755, 39.201889], [-120.805057, 39.203187], [-120.799088, 39.202743], [-120.797034, 39.203111], [-120.777075, 39.21446], [-120.768486, 39.22277], [-120.766346, 39.22561], [-120.762622, 39.227597], [-120.754114, 39.235068], [-120.752781, 39.237111], [-120.751192, 39.242236], [-120.744737, 39.245622], [-120.737315, 39.253042], [-120.731919, 39.255967], [-120.725705, 39.266744], [-120.714686, 39.271439], [-120.711749, 39.279909], [-120.686847, 39.291483], [-120.679593, 39.292595], [-120.675598, 39.295108], [-120.671735, 39.299066], [-120.647869, 39.305059], [-120.638678, 39.30937], [-120.632204, 39.31015], [-120.624637, 39.314518], [-120.615795, 39.315926], [-120.604635, 39.321573], [-120.601364, 39.325278], [-120.594389, 39.326384], [-120.588654, 39.330002], [-120.572618, 39.32632], [-120.564316, 39.319579], [-120.537944, 39.305771], [-120.532016, 39.304341], [-120.521311, 39.305922], [-120.517628, 39.311476], [-120.513685, 39.313288], [-120.503803, 39.311748], [-120.491238, 39.311571], [-120.468789, 39.31354], [-120.462074, 39.315162], [-120.448108, 39.313706], [-120.435372, 39.316198], [-120.414688, 39.32383], [-120.40473, 39.322076], [-120.39414, 39.324393], [-120.387376, 39.327446], [-120.37945, 39.326267], [-120.373803, 39.326589], [-120.370351, 39.327609], [-120.356238, 39.334455], [-120.350209, 39.338472], [-120.334079, 39.342823], [-120.320362, 39.340978], [-120.312673, 39.341345], [-120.307592, 39.337536], [-120.302617, 39.329059], [-120.298655, 39.327198], [-120.289259, 39.331029], [-120.273533, 39.327064], [-120.25682, 39.331526], [-120.243852, 39.330039], [-120.237789, 39.326396], [-120.232249, 39.32499], [-120.216783, 39.323084], [-120.201666, 39.323018], [-120.195559, 39.324361], [-120.193573, 39.325067], [-120.178152, 39.335381], [-120.169896, 39.337458], [-120.166988, 39.338675], [-120.141019, 39.35851], [-120.124186, 39.363262], [-120.118776, 39.363911], [-120.116957, 39.364708], [-120.115785, 39.365913], [-120.113964, 39.370581], [-120.111998, 39.37273], [-120.105654, 39.375479], [-120.093126, 39.3831], [-120.080943, 39.383676], [-120.073548, 39.37997], [-120.071539, 39.377181], [-120.070056, 39.375919], [-120.063327, 39.373218], [-120.052939, 39.37193], [-120.048826, 39.369982], [-120.047312, 39.369621], [-120.040653, 39.370313], [-120.039084, 39.370718], [-120.032923, 39.373218], [-120.030021, 39.376562], [-120.024836, 39.378299], [-120.024153, 39.378623], [-120.022935, 39.379839], [-120.022569, 39.38114], [-120.023093, 39.38297], [-120.025036, 39.386037], [-120.024701, 39.389592], [-120.025656, 39.393128], [-120.022053, 39.398261], [-120.021838, 39.399325], [-120.022259, 39.401282], [-120.023237, 39.402716], [-120.026719, 39.405398], [-120.027136, 39.409769], [-120.028763, 39.415045], [-120.029372, 39.416118], [-120.032728, 39.420032], [-120.035115, 39.4222], [-120.035481, 39.425189], [-120.032468, 39.431352], [-120.027756, 39.434125], [-120.018628, 39.440207], [-120.013259, 39.442213], [-120.011994, 39.442998], [-120.01104, 39.443974], [-120.010263, 39.445472], [-120.009188, 39.449284], [-120.008986, 39.457846], [-120.00272, 39.468349]], [[-122.363289, 37.812141], [-122.351118, 37.818992], [-122.306132, 37.82534], [-122.29605, 37.82765], [-122.294225, 37.829344], [-122.309235, 37.886143], [-122.3091, 37.888389], [-122.307668, 37.891665], [-122.307704, 37.893714], [-122.31722, 37.910352], [-122.31807, 37.921124], [-122.326821, 37.933925], [-122.32689, 37.935848], [-122.323878, 37.943175], [-122.330635, 37.959991], [-122.328639, 37.962796], [-122.321555, 37.967575], [-122.31595, 37.984779], [-122.313056, 37.988884], [-122.306236, 37.992657], [-122.28647, 37.99698], [-122.24809, 38.038048], [-122.226664, 38.053971], [-122.226962, 38.068111], [-122.232305, 38.076794], [-122.233485, 38.081824], [-122.233029, 38.085322], [-122.229999, 38.094863], [-122.230405, 38.121658], [-122.217599, 38.143433], [-122.216907, 38.150544], [-122.215909, 38.153611], [-122.20857, 38.163648], [-122.194735, 38.173297], [-122.182091, 38.184588], [-122.170249, 38.189808], [-122.149216, 38.209036], [-122.12806, 38.223594], [-122.070455, 38.249272], [-122.035094, 38.290869], [-122.033824, 38.308311], [-122.032502, 38.314661], [-122.015099, 38.338908], [-121.980657, 38.353019], [-121.964477, 38.364672], [-121.802535, 38.489894], [-121.761657, 38.526961], [-121.74666, 38.531833], [-121.731963, 38.54318], [-121.726411, 38.545793], [-121.66939, 38.558665], [-121.65304, 38.560962], [-121.580741, 38.573916], [-121.564308, 38.576363], [-121.561834, 38.578043], [-121.536775, 38.614445], [-121.49036, 38.638891], [-121.469169, 38.641783], [-121.448957, 38.641355], [-121.433034, 38.643398], [-121.416641, 38.637884], [-121.407989, 38.637557], [-121.401772, 38.639096], [-121.392601, 38.644208], [-121.374867, 38.647701], [-121.273851, 38.740027], [-121.257361, 38.764496], [-121.232271, 38.78052], [-121.134977, 38.86189], [-121.129841, 38.876756], [-121.104782, 38.882666], [-121.089218, 38.889778], [-121.072339, 38.902495], [-121.07084, 38.908541], [-121.057681, 38.923177], [-121.054747, 38.934698], [-121.050607, 38.941645], [-121.037287, 38.954875], [-121.021819, 38.964896], [-121.000497, 38.990983], [-120.990195, 39.008605], [-120.989308, 39.014634], [-120.978793, 39.022527], [-120.973457, 39.037864], [-120.974249, 39.044325], [-120.967977, 39.061964], [-120.964736, 39.066489], [-120.963794, 39.07151], [-120.955828, 39.086419], [-120.95033, 39.092885], [-120.949797, 39.094497], [-120.949211, 39.099525], [-120.948326, 39.104369], [-120.947853, 39.105866], [-120.943624, 39.116077], [-120.941893, 39.118574], [-120.940774, 39.122397], [-120.936131, 39.13188], [-120.934807, 39.133127], [-120.931357, 39.134595], [-120.928268, 39.138566], [-120.926307, 39.13919], [-120.91796, 39.13912], [-120.909944, 39.146722], [-120.908116, 39.147258], [-120.90344, 39.147566], [-120.877306, 39.159104], [-120.875459, 39.161492], [-120.875773, 39.16656], [-120.874048, 39.169285], [-120.871422, 39.170733], [-120.859906, 39.173775], [-120.84513, 39.186592], [-120.841721, 39.188178], [-120.839122, 39.188705], [-120.829829, 39.187838], [-120.823142, 39.188942], [-120.818119, 39.192349], [-120.811851, 39.201995], [-120.805038, 39.203309], [-120.796956, 39.203279], [-120.777245, 39.214504], [-120.766421, 39.225742], [-120.75414, 39.235245], [-120.751656, 39.242533], [-120.745908, 39.245833], [-120.734102, 39.257035], [-120.726598, 39.266976], [-120.719485, 39.270274], [-120.711594, 39.280723], [-120.687887, 39.291722], [-120.67923, 39.293126], [-120.67177, 39.29923], [-120.649548, 39.305295], [-120.624899, 39.315417], [-120.615587, 39.316369], [-120.605136, 39.321734], [-120.601667, 39.325561], [-120.594327, 39.326888], [-120.587926, 39.330938], [-120.575747, 39.330091], [-120.565541, 39.32506], [-120.556333, 39.316193], [-120.534084, 39.305423], [-120.521952, 39.306328], [-120.51774, 39.311993], [-120.513709, 39.313672], [-120.490966, 39.31191], [-120.461421, 39.315737], [-120.447867, 39.314102], [-120.435394, 39.31665], [-120.415072, 39.324364], [-120.404867, 39.322655], [-120.394221, 39.324769], [-120.388213, 39.32781], [-120.373891, 39.32706], [-120.349915, 39.339257], [-120.33397, 39.343497], [-120.312397, 39.341882], [-120.307182, 39.338088], [-120.301761, 39.329506], [-120.298725, 39.328097], [-120.289787, 39.331781], [-120.274099, 39.327621], [-120.256814, 39.332009], [-120.243813, 39.330206], [-120.232743, 39.325245], [-120.202051, 39.32316], [-120.193617, 39.325233], [-120.178173, 39.335633], [-120.167126, 39.338758], [-120.142183, 39.358234], [-120.124701, 39.363374], [-120.117065, 39.364809], [-120.113887, 39.371078], [-120.112465, 39.372596], [-120.093175, 39.383313], [-120.080807, 39.383806], [-120.073604, 39.380209], [-120.069867, 39.376021], [-120.06312, 39.373338], [-120.052877, 39.372069], [-120.047087, 39.369766], [-120.03874, 39.371021], [-120.033011, 39.373364], [-120.030097, 39.376642], [-120.024141, 39.378755], [-120.022657, 39.380934], [-120.02516, 39.385923], [-120.025787, 39.393059], [-120.022302, 39.398098], [-120.022447, 39.401274], [-120.026795, 39.405305], [-120.028934, 39.415174], [-120.03519, 39.422112], [-120.035705, 39.424977], [-120.032661, 39.431305], [-120.018704, 39.440244], [-120.010992, 39.444202], [-120.009076, 39.457862], [-120.002718, 39.468513]]]}}, {"type": "Feature", "properties": {"route_number": "I-805"}, "geometry": {"type": "MultiLineString", "coordinates": [[[-117.035748, 32.546776], [-117.04079, 32.551669], [-117.042312, 32.559214], [-117.036227, 32.587759], [-117.036225, 32.608965], [-117.037165, 32.613167], [-117.045001, 32.631919], [-117.047995, 32.635758], [-117.055597, 32.64088], [-117.059925, 32.647318], [-117.068942, 32.652406], [-117.078176, 32.662569], [-117.083208, 32.674861], [-117.087089, 32.682297], [-117.094272, 32.689872], [-117.094872, 32.704131], [-117.096409, 32.707091], [-117.102266, 32.713977], [-117.102467, 32.723093], [-117.103222, 32.725892], [-117.10584, 32.72888], [-117.112611, 32.733395], [-117.116744, 32.741807], [-117.122087, 32.748277], [-117.128683, 32.766843], [-117.131754, 32.771953], [-117.138337, 32.780718], [-117.148035, 32.788557], [-117.149442, 32.798991], [-117.151137, 32.805457], [-117.152012, 32.807681], [-117.153372, 32.809629], [-117.158812, 32.815671], [-117.185622, 32.859999], [-117.19858, 32.874121], [-117.202955, 32.886915], [-117.204031, 32.888803], [-117.206395, 32.890907], [-117.215489, 32.895783], [-117.226854, 32.909098]], [[-117.03605, 32.546247], [-117.040341, 32.54913], [-117.04266, 32.559012], [-117.036581, 32.587178], [-117.036529, 32.608982], [-117.04512, 32.631478], [-117.048308, 32.63557], [-117.055748, 32.640613], [-117.060554, 32.647367], [-117.069478, 32.652567], [-117.078271, 32.662441], [-117.08747, 32.682335], [-117.094637, 32.690195], [-117.095125, 32.704129], [-117.102486, 32.713968], [-117.103381, 32.725614], [-117.112076, 32.732404], [-117.122823, 32.74895], [-117.131263, 32.770875], [-117.138857, 32.780856], [-117.148792, 32.789171], [-117.152547, 32.808246], [-117.159238, 32.81586], [-117.185735, 32.859718], [-117.198873, 32.874087], [-117.203829, 32.887961], [-117.215551, 32.895521], [-117.225312, 32.906174]]]}}, {"type": "Feature", "properties": {"route_number": "I-880"}, "geometry": {"type": "MultiLineString", "coordinates": [[[-122.300395, 37.815086], [-122.296823, 37.818667], [-122.298252, 37.821658], [-122.305788, 37.824567], [-122.317939, 37.823111]], [[-122.296211, 37.818437], [-122.297573, 37.821425], [-122.305929, 37.8253], [-122.312234, 37.825018]], [[-122.300615, 37.814251], [-122.297483, 37.81631], [-122.295966, 37.817572], [-122.292119, 37.822355], [-122.290806, 37.825105], [-122.295767, 37.836134]], [[-122.300615, 37.814251], [-122.296211, 37.818437]], [[-121.940185, 37.317326], [-121.939744, 37.331554], [-121.912356, 37.353113], [-121.902796, 37.362547], [-121.901333, 37.365037], [-121.901009, 37.367063], [-121.901172, 37.36873], [-121.910361, 37.407776], [-121.916556, 37.426116], [-121.918245, 37.430253], [-121.923327, 37.457047], [-121.935712, 37.482459], [-121.938134, 37.484909], [-121.98364, 37.520518], [-122.016297, 37.538351], [-122.028207, 37.554076], [-122.044557, 37.56975], [-122.049074, 37.581375], [-122.050784, 37.584658], [-122.096836, 37.649154], [-122.110055, 37.67052], [-122.11189, 37.672633], [-122.117132, 37.676677], [-122.171745, 37.714346], [-122.222418, 37.771104], [-122.223482, 37.771763], [-122.235153, 37.776026], [-122.239314, 37.782692], [-122.24134, 37.784227], [-122.248681, 37.7878], [-122.252529, 37.788996], [-122.259837, 37.79058], [-122.265301, 37.794679], [-122.266622, 37.795351], [-122.283191, 37.801835], [-122.286594, 37.802896], [-122.289951, 37.803014], [-122.296657, 37.802129], [-122.301114, 37.803343], [-122.304569, 37.808622], [-122.300615, 37.814251]], [[-122.300395, 37.815086], [-122.296211, 37.818437]], [[-121.94037, 37.317323], [-121.939929, 37.331552], [-121.911713, 37.353922], [-121.902729, 37.362987], [-121.901246, 37.367093], [-121.910546, 37.407774], [-121.918856, 37.430805], [-121.923859, 37.457786], [-121.936087, 37.482524], [-121.983372, 37.519991], [-122.016898, 37.538456], [-122.028743, 37.554175], [-122.044761, 37.569585], [-122.05091, 37.584437], [-122.096362, 37.64812], [-122.112439, 37.672825], [-122.171838, 37.714167], [-122.222805, 37.770976], [-122.235408, 37.775974], [-122.241658, 37.784191], [-122.259945, 37.790486], [-122.267902, 37.795668], [-122.285295, 37.802369], [-122.296971, 37.801853], [-122.301441, 37.803168], [-122.304144, 37.805776], [-122.304945, 37.80913], [-122.300395, 37.815086]], [[-122.296211, 37.818437], [-122.291241, 37.824911], [-122.294249, 37.832459]]]}}, {"type": "Feature", "properties": {"route_number": "I-980"}, "geometry": {"type": "MultiLineString", "coordinates": [[[-122.276344, 37.798808], [-122.279499, 37.800356], [-122.280305, 37.801716], [-122.280275, 37.803203], [-122.275335, 37.810934], [-122.271392, 37.815036], [-122.268571, 37.824359]], [[-122.276166, 37.799148], [-122.279412, 37.800744], [-122.279957, 37.802757], [-122.270736, 37.815137], [-122.268041, 37.824229]]]}}, {"type": "Feature", "properties": {"route_number": "SR-1"}, "geometry": {"type": "MultiLineString", "coordinates": [[[-123.809073, 39.401588], [-123.808123, 39.412372], [-123.808056, 39.418174]], [[-123.809073, 39.401588], [-123.808056, 39.418174]], [[-123.79725, 39.311412], [-123.804126, 39.327379], [-123.808364, 39.343118], [-123.808599, 39.362827], [-123.816224, 39.374933], [-123.809073, 39.401588]], [[-123.808056, 39.418174], [-123.807997, 39.41917]], [[-123.807997, 39.41917], [-123.806245, 39.430814], [-123.805992, 39.441529]], [[-123.807997, 39.41917], [-123.805992, 39.441529]], [[-123.805992, 39.441529], [-123.805987, 39.444387]], [[-123.805987, 39.444387], [-123.805912, 39.451907]], [[-123.805987, 39.444387], [-123.806053, 39.44445], [-123.805912, 39.451907]], [[-123.805912, 39.451907], [-123.806562, 39.459614], [-123.804843, 39.46542], [-123.803038, 39.468431], [-123.798226, 39.471347], [-123.797027, 39.478725], [-123.788175, 39.486678]], [[-123.792349, 39.304966], [-123.796795, 39.310359], [-123.79725, 39.311412]], [[-123.792349, 39.304966], [-123.79725, 39.311412]], [[-122.54229, 37.886063], [-122.544734, 37.888007], [-122.551366, 37.887235], [-122.554151, 37.883897], [-122.553784, 37.879336], [-122.559195, 37.874966], [-122.561703, 37.874992], [-122.565273, 37.866561], [-122.567806, 37.86489], [-122.572894, 37.863247], [-122.577318, 37.867028], [-122.57841, 37.866042], [-122.576541, 37.862902], [-122.582241, 37.865212], [-122.58613, 37.864344], [-122.593978, 37.875037], [-122.598939, 37.874981], [-122.601876, 37.877036], [-122.600192, 37.878383], [-122.601277, 37.879249], [-122.605229, 37.877352], [-122.612037, 37.879215], [-122.610985, 37.883038], [-122.616625, 37.879355], [-122.621155, 37.882448], [-122.623187, 37.886523], [-122.629489, 37.887361], [-122.629409, 37.888925], [-122.633359, 37.89087], [-122.637565, 37.89837], [-122.642539, 37.899128], [-122.651344, 37.906964], [-122.663558, 37.913004], [-122.675546, 37.924821], [-122.680305, 37.925825], [-122.682628, 37.929905], [-122.687929, 37.930503], [-122.68889, 37.932351], [-122.699487, 37.935377], [-122.705018, 37.939389], [-122.70644, 37.945666], [-122.710953, 37.947906], [-122.714878, 37.956973], [-122.719667, 37.959317], [-122.719745, 37.961817], [-122.742784, 37.985988], [-122.752773, 37.993263], [-122.761356, 38.007074], [-122.767146, 38.012122], [-122.77492, 38.02455], [-122.77843, 38.027125], [-122.784352, 38.038718], [-122.788133, 38.040717], [-122.794506, 38.052349], [-122.804887, 38.063494], [-122.804235, 38.067091], [-122.806792, 38.068793], [-122.801433, 38.073481], [-122.805963, 38.07976], [-122.808507, 38.079971], [-122.814298, 38.091409], [-122.816843, 38.092524], [-122.82248, 38.090416], [-122.827228, 38.092583], [-122.829612, 38.095248], [-122.829187, 38.09708], [-122.832391, 38.097971], [-122.840062, 38.105081], [-122.839325, 38.108969], [-122.846033, 38.109344], [-122.85296, 38.116014], [-122.857332, 38.125608], [-122.870413, 38.133486], [-122.871915, 38.140405], [-122.881119, 38.144042], [-122.883515, 38.148586], [-122.886366, 38.149401], [-122.890899, 38.153986], [-122.894515, 38.159555], [-122.891258, 38.164787], [-122.898038, 38.17069], [-122.901531, 38.176726], [-122.908909, 38.180228], [-122.912579, 38.188373], [-122.919331, 38.195019], [-122.922168, 38.205265], [-122.923988, 38.205929], [-122.925456, 38.21014], [-122.923691, 38.210923], [-122.924949, 38.213981], [-122.922203, 38.221262], [-122.916447, 38.224471], [-122.916091, 38.228608], [-122.905265, 38.239791], [-122.903998, 38.256609], [-122.900993, 38.261839], [-122.902567, 38.268797], [-122.900272, 38.274089], [-122.898873, 38.291356], [-122.895451, 38.296995], [-122.897612, 38.306149], [-122.896526, 38.316438], [-122.912087, 38.32147], [-122.916815, 38.320941], [-122.922477, 38.317318], [-122.92641, 38.318725], [-122.929453, 38.32492], [-122.953266, 38.327212], [-122.972389, 38.334095], [-122.975681, 38.33684], [-122.980228, 38.337394], [-122.992876, 38.334784], [-122.99926, 38.327906], [-123.007097, 38.32677], [-123.010695, 38.324646], [-123.01581, 38.318621], [-123.023428, 38.319012], [-123.029402, 38.317458], [-123.033426, 38.319384], [-123.04694, 38.331146], [-123.048877, 38.334738], [-123.045593, 38.335548], [-123.048068, 38.337369], [-123.046562, 38.340225], [-123.066954, 38.356481], [-123.072901, 38.370181], [-123.074459, 38.370405], [-123.079879, 38.378014], [-123.084779, 38.390779], [-123.088304, 38.392693], [-123.088572, 38.394892], [-123.090707, 38.394257], [-123.092829, 38.395746], [-123.09265, 38.400713], [-123.094892, 38.402195], [-123.095483, 38.407119], [-123.099091, 38.413786], [-123.098434, 38.415706], [-123.100721, 38.415803], [-123.108766, 38.431424], [-123.101177, 38.431822], [-123.100509, 38.432991], [-123.106817, 38.438086], [-123.115031, 38.449579], [-123.124412, 38.450465], [-123.136054, 38.455881], [-123.135591, 38.459325], [-123.140723, 38.457659], [-123.153362, 38.465719], [-123.153402, 38.470198], [-123.155585, 38.473542], [-123.154246, 38.474707], [-123.153953, 38.475931], [-123.15641, 38.474573], [-123.156674, 38.47204], [-123.15901, 38.471233], [-123.157556, 38.472445], [-123.158702, 38.473239], [-123.15787, 38.476542], [-123.159602, 38.478123], [-123.168527, 38.479838], [-123.190928, 38.491209], [-123.19611, 38.492371], [-123.202857, 38.497606], [-123.208533, 38.498327], [-123.207588, 38.501433], [-123.210387, 38.500172], [-123.217901, 38.501152], [-123.232026, 38.512648], [-123.240579, 38.515131], [-123.241219, 38.517457], [-123.243251, 38.515286], [-123.2446, 38.518103], [-123.263102, 38.522409], [-123.263029, 38.525672], [-123.265215, 38.524771], [-123.263593, 38.527898], [-123.27222, 38.533102], [-123.276694, 38.533957], [-123.282934, 38.53969], [-123.291445, 38.54244], [-123.296843, 38.546285], [-123.296471, 38.548196], [-123.300864, 38.54846], [-123.300769, 38.55529], [-123.308706, 38.556714], [-123.3119, 38.56208], [-123.31915, 38.565533], [-123.319429, 38.568267], [-123.327586, 38.572937], [-123.333307, 38.574203], [-123.334841, 38.577689], [-123.331743, 38.577833], [-123.333411, 38.579116], [-123.332255, 38.581584], [-123.33745, 38.583865], [-123.33664, 38.585732], [-123.340473, 38.587137], [-123.342041, 38.59156], [-123.350044, 38.600328], [-123.361855, 38.606443], [-123.365408, 38.613655], [-123.374332, 38.617892], [-123.378985, 38.622161], [-123.385744, 38.630344], [-123.38953, 38.639308], [-123.3966, 38.645552], [-123.397946, 38.650537], [-123.404703, 38.659468], [-123.405117, 38.662176], [-123.418542, 38.674779], [-123.428223, 38.680228], [-123.425818, 38.68649], [-123.430074, 38.695171], [-123.44454, 38.705171], [-123.459558, 38.721046], [-123.486258, 38.737737], [-123.51234, 38.749848], [-123.517213, 38.758934], [-123.528412, 38.766125], [-123.541206, 38.778162], [-123.555332, 38.785557], [-123.561836, 38.792006], [-123.578675, 38.803505], [-123.579103, 38.805493], [-123.580528, 38.803576], [-123.587994, 38.804278], [-123.605852, 38.823874], [-123.611222, 38.827676], [-123.625051, 38.83288], [-123.628184, 38.837414], [-123.637937, 38.845461], [-123.645507, 38.848173], [-123.652473, 38.858503], [-123.653829, 38.870185], [-123.67488, 38.8836], [-123.680513, 38.892699], [-123.691101, 38.901504], [-123.69241, 38.911646], [-123.700813, 38.914094], [-123.706069, 38.918711], [-123.709257, 38.929575], [-123.709109, 38.931818], [-123.706888, 38.931248], [-123.709247, 38.934551], [-123.708111, 38.937105], [-123.703136, 38.937603], [-123.701539, 38.943596], [-123.69802, 38.948133], [-123.691612, 38.950303], [-123.686036, 38.957071], [-123.686951, 38.981096], [-123.684683, 38.988542], [-123.689546, 38.997313], [-123.688364, 39.018592], [-123.685133, 39.020709], [-123.688034, 39.021541], [-123.688266, 39.031106], [-123.683641, 39.051149], [-123.69435, 39.076504], [-123.706907, 39.099848], [-123.702129, 39.101171], [-123.701331, 39.104505], [-123.703394, 39.105825], [-123.708858, 39.105495], [-123.715623, 39.119771], [-123.716009, 39.122659], [-123.711801, 39.126571], [-123.715859, 39.128311], [-123.718689, 39.135533], [-123.733181, 39.143705], [-123.732695, 39.147309], [-123.734677, 39.151991], [-123.732979, 39.153794], [-123.734348, 39.154386], [-123.733519, 39.159439], [-123.73214, 39.159912], [-123.732917, 39.161576], [-123.741575, 39.166109], [-123.754782, 39.184239], [-123.756198, 39.191783], [-123.753102, 39.195941], [-123.748297, 39.195959], [-123.746613, 39.197539], [-123.753281, 39.19921], [-123.763197, 39.193725], [-123.76739, 39.196472], [-123.766882, 39.198511], [-123.769072, 39.202892], [-123.767927, 39.217609], [-123.769982, 39.222191], [-123.768708, 39.227989], [-123.771421, 39.232061], [-123.77038, 39.233609], [-123.772143, 39.238116], [-123.768363, 39.238684], [-123.774027, 39.242829], [-123.776348, 39.242603], [-123.776076, 39.245511], [-123.779861, 39.250901], [-123.785987, 39.267151], [-123.790632, 39.27412], [-123.792558, 39.27441], [-123.791675, 39.280497], [-123.794585, 39.28783], [-123.794007, 39.292346], [-123.795845, 39.296945], [-123.792242, 39.301574], [-123.792349, 39.304966]], [[-123.788175, 39.486678], [-123.785685, 39.49023]], [[-123.788175, 39.486678], [-123.786743, 39.489075], [-123.785685, 39.49023]], [[-123.785685, 39.49023], [-123.78131, 39.493445], [-123.779038, 39.498335], [-123.774541, 39.498809], [-123.765984, 39.507256], [-123.755932, 39.538945], [-123.762255, 39.547098], [-123.763328, 39.557121], [-123.76577, 39.55789], [-123.765599, 39.567303], [-123.768921, 39.566408], [-123.771671, 39.570491], [-123.773036, 39.57786], [-123.772147, 39.585239], [-123.780452, 39.592808], [-123.785597, 39.601236], [-123.782139, 39.612586], [-123.778074, 39.612566], [-123.781771, 39.614322], [-123.781073, 39.622175], [-123.782795, 39.625873], [-123.782542, 39.632754], [-123.782995, 39.635575], [-123.784952, 39.636012], [-123.784629, 39.646705], [-123.779971, 39.649338], [-123.784384, 39.65307], [-123.785426, 39.660463], [-123.790549, 39.669747], [-123.789865, 39.678017], [-123.793085, 39.689297], [-123.802962, 39.700382], [-123.80683, 39.709804], [-123.800488, 39.714069], [-123.802777, 39.724559], [-123.806357, 39.723351], [-123.803945, 39.721266], [-123.804917, 39.720589], [-123.809593, 39.723898], [-123.808265, 39.724885], [-123.810552, 39.727065], [-123.813136, 39.726632], [-123.813355, 39.725247], [-123.815882, 39.726917], [-123.80901, 39.731519], [-123.808938, 39.73309], [-123.816766, 39.738138], [-123.816998, 39.748196], [-123.824211, 39.76302], [-123.831087, 39.770764], [-123.83248, 39.779636], [-123.829334, 39.780798], [-123.825601, 39.77993], [-123.820311, 39.783491], [-123.816628, 39.789989], [-123.816421, 39.793537], [-123.820536, 39.798494], [-123.814703, 39.794596], [-123.809635, 39.797235], [-123.810224, 39.800227], [-123.808986, 39.801361], [-123.80719, 39.800396], [-123.803925, 39.80547], [-123.806379, 39.810052], [-123.796334, 39.807807], [-123.781015, 39.818112], [-123.783233, 39.820123], [-123.78086, 39.821686], [-123.7767, 39.831494], [-123.772682, 39.836208], [-123.773246, 39.843301], [-123.770458, 39.846676], [-123.767188, 39.846702], [-123.767565, 39.849788], [-123.764125, 39.851589], [-123.765097, 39.853447], [-123.762245, 39.854914], [-123.762724, 39.857154], [-123.759639, 39.856359], [-123.754598, 39.860578], [-123.748257, 39.8609], [-123.7438, 39.858968], [-123.7432, 39.855223], [-123.744594, 39.853077], [-123.741825, 39.853138], [-123.741686, 39.849334], [-123.734838, 39.848908], [-123.736642, 39.852632], [-123.729793, 39.850243], [-123.730052, 39.856784], [-123.727311, 39.860494], [-123.723759, 39.864155], [-123.717418, 39.866108], [-123.716233, 39.868178], [-123.713526, 39.868164]], [[-122.542111, 37.886026], [-122.542113, 37.886025], [-122.54229, 37.886063]], [[-122.542111, 37.886026], [-122.54229, 37.886063]], [[-122.516312, 37.88023], [-122.520382, 37.881004], [-122.522965, 37.879607], [-122.524949, 37.882157], [-122.528702, 37.879107], [-122.537141, 37.87986], [-122.538407, 37.881111], [-122.537463, 37.886202], [-122.541377, 37.888119], [-122.542111, 37.886026]], [[-122.514548, 37.568629], [-122.515441, 37.571842], [-122.506977, 37.585064]], [[-122.514548, 37.568629], [-122.515828, 37.57159], [-122.509115, 37.583884], [-122.506977, 37.585064]], [[-122.43495, 37.471901], [-122.445323, 37.481938], [-122.454592, 37.494643], [-122.482818, 37.50608], [-122.507066, 37.521404], [-122.516208, 37.530337], [-122.517792, 37.536295], [-122.511884, 37.549923], [-122.514647, 37.558443], [-122.512566, 37.564233], [-122.514548, 37.568629]], [[-122.506977, 37.585064], [-122.50423, 37.586285], [-122.505376, 37.588337], [-122.503909, 37.590578], [-122.505696, 37.594092], [-122.499631, 37.599953]], [[-122.499631, 37.599953], [-122.49881, 37.600687], [-122.498226, 37.601877], [-122.497627, 37.606948], [-122.487014, 37.613843], [-122.485927, 37.614953], [-122.485301, 37.616501], [-122.485028, 37.622616], [-122.489074, 37.628093], [-122.489955, 37.638635], [-122.491892, 37.643651], [-122.490092, 37.652387], [-122.491169, 37.656479], [-122.4897, 37.657871], [-122.486286, 37.657747], [-122.484985, 37.658148], [-122.484331, 37.65872], [-122.483619, 37.660257], [-122.485116, 37.668202], [-122.482961, 37.670125], [-122.478063, 37.670649], [-122.475693, 37.671693], [-122.4714, 37.677742], [-122.471305, 37.681596]], [[-122.499631, 37.599953], [-122.497822, 37.606941], [-122.486939, 37.614101], [-122.48541, 37.61672], [-122.485232, 37.622394], [-122.489312, 37.627922], [-122.49015, 37.638478], [-122.4921, 37.64362], [-122.490332, 37.652252], [-122.491234, 37.656583], [-122.490608, 37.657484], [-122.489515, 37.658008], [-122.484533, 37.658612], [-122.485263, 37.668296], [-122.483241, 37.670183], [-122.475431, 37.672313], [-122.472466, 37.67678], [-122.471851, 37.681577]], [[-122.471745, 37.704981], [-122.471502, 37.713449], [-122.475405, 37.720271], [-122.476925, 37.75997], [-122.479583, 37.771471], [-122.479341, 37.772012], [-122.478791, 37.772336], [-122.471887, 37.772826], [-122.472763, 37.786137], [-122.472168, 37.78798], [-122.469713, 37.79192], [-122.469865, 37.802673]], [[-122.471438, 37.705007], [-122.471273, 37.713326], [-122.475135, 37.720159], [-122.476793, 37.75984], [-122.479413, 37.771419], [-122.471725, 37.772784], [-122.472603, 37.786105], [-122.46959, 37.791899], [-122.469455, 37.803279]], [[-122.43453, 37.460918], [-122.433625, 37.468531], [-122.43495, 37.471901]], [[-122.43453, 37.460918], [-122.433397, 37.468578], [-122.43495, 37.471901]], [[-122.032837, 36.975996], [-122.043787, 36.962653], [-122.049495, 36.960559], [-122.073318, 36.962131], [-122.094644, 36.961461], [-122.118582, 36.970039], [-122.125133, 36.971026], [-122.140673, 36.981349], [-122.174748, 36.996803], [-122.18767, 37.007509], [-122.200599, 37.014231], [-122.213996, 37.026847], [-122.224994, 37.034103], [-122.228028, 37.039693], [-122.251524, 37.061494], [-122.263623, 37.078928], [-122.272731, 37.088131], [-122.27524, 37.093817], [-122.302853, 37.115449], [-122.310051, 37.127634], [-122.321156, 37.140012], [-122.348327, 37.149912], [-122.359525, 37.163219], [-122.365163, 37.1748], [-122.379607, 37.182673], [-122.389696, 37.184339], [-122.39262, 37.186289], [-122.400175, 37.196698], [-122.401094, 37.202856], [-122.406057, 37.213921], [-122.4066, 37.223248], [-122.414395, 37.232951], [-122.418026, 37.242089], [-122.417412, 37.24789], [-122.40966, 37.270085], [-122.408009, 37.281012], [-122.404792, 37.286842], [-122.406414, 37.294422], [-122.404685, 37.298907], [-122.402883, 37.31845], [-122.397255, 37.328279], [-122.392312, 37.32911], [-122.391226, 37.330799], [-122.394722, 37.3395], [-122.394758, 37.343852], [-122.398645, 37.351228], [-122.397142, 37.357943], [-122.404739, 37.36655], [-122.403778, 37.374539], [-122.405605, 37.387045], [-122.417455, 37.398443], [-122.419825, 37.403288], [-122.426131, 37.422956], [-122.428938, 37.448402], [-122.43453, 37.460918]], [[-122.031885, 36.97689], [-122.032837, 36.975996]], [[-122.031885, 36.97689], [-122.032679, 36.976265], [-122.032837, 36.975996]], [[-121.771029, 36.865334], [-121.770174, 36.871198], [-121.774335, 36.894271], [-121.791186, 36.920578], [-121.807462, 36.930376], [-121.837811, 36.940146], [-121.851192, 36.949503], [-121.874143, 36.970723], [-121.887628, 36.975223], [-121.899168, 36.974815], [-121.905027, 36.975478], [-121.907139, 36.976198], [-121.918106, 36.981671], [-121.931689, 36.983781], [-121.947679, 36.983946], [-121.962766, 36.982684], [-121.968718, 36.982904], [-121.971492, 36.983351], [-121.988609, 36.987469], [-122.014359, 36.98861], [-122.019635, 36.989195], [-122.023956, 36.986103], [-122.031294, 36.983356], [-122.031885, 36.97689]], [[-122.022003, 36.989896], [-122.024997, 36.986048], [-122.029668, 36.984569], [-122.03096, 36.983807], [-122.032043, 36.982698], [-122.031885, 36.97689]], [[-121.771029, 36.865334], [-121.76997, 36.871604], [-121.774097, 36.894364], [-121.790882, 36.920592], [-121.806514, 36.930262], [-121.840565, 36.942462], [-121.850999, 36.94983], [-121.873511, 36.970657], [-121.887442, 36.975332], [-121.905162, 36.975605], [-121.917981, 36.981807], [-121.931365, 36.983899], [-121.947599, 36.984095], [-121.968721, 36.983071], [-121.987991, 36.9875], [-122.015282, 36.988798], [-122.021338, 36.989634], [-122.021333, 36.990724]], [[-121.91263, 36.5683], [-121.912039, 36.574956], [-121.903573, 36.580446], [-121.886248, 36.584086], [-121.884474, 36.585022], [-121.883014, 36.586363], [-121.879378, 36.592208], [-121.86973, 36.594504], [-121.867238, 36.595784], [-121.861627, 36.602251], [-121.859536, 36.608936], [-121.854946, 36.611973], [-121.851056, 36.615117], [-121.845027, 36.622592], [-121.841437, 36.624271], [-121.839989, 36.625324], [-121.829872, 36.636898], [-121.815735, 36.646824], [-121.814919, 36.648287], [-121.814645, 36.650173], [-121.816436, 36.655929], [-121.816118, 36.662259], [-121.807548, 36.677482], [-121.807362, 36.680303], [-121.80868, 36.686862], [-121.807354, 36.692113], [-121.79603, 36.712011], [-121.790953, 36.723124], [-121.778678, 36.735597], [-121.766217, 36.751834], [-121.765223, 36.755212], [-121.765758, 36.761063]], [[-121.91263, 36.5683], [-121.912377, 36.574915], [-121.903458, 36.580783], [-121.886043, 36.584378], [-121.879651, 36.592325], [-121.867615, 36.595803], [-121.861915, 36.602262], [-121.859987, 36.608862], [-121.851014, 36.61547], [-121.845242, 36.622693], [-121.840137, 36.625462], [-121.827057, 36.640624], [-121.816061, 36.646882], [-121.814967, 36.650084], [-121.816734, 36.655769], [-121.816427, 36.662321], [-121.80799, 36.677442], [-121.809124, 36.686605], [-121.808225, 36.691155], [-121.791542, 36.723033], [-121.778723, 36.736153], [-121.766861, 36.752372], [-121.765758, 36.761063]], [[-121.460686, 35.891404], [-121.459788, 35.897223], [-121.462813, 35.90074], [-121.461151, 35.904568], [-121.469182, 35.91517], [-121.466031, 35.923576], [-121.469422, 35.935296], [-121.480549, 35.951763], [-121.48383, 35.961761], [-121.483556, 35.968527], [-121.501171, 35.999971], [-121.511486, 36.007166], [-121.523581, 36.009965], [-121.528538, 36.014778], [-121.537949, 36.019003], [-121.554376, 36.022007], [-121.564657, 36.02118], [-121.570917, 36.024131], [-121.58112, 36.040786], [-121.589821, 36.049381], [-121.587442, 36.051593], [-121.587673, 36.054474], [-121.590049, 36.056579], [-121.592157, 36.065887], [-121.605667, 36.07238], [-121.606489, 36.076199], [-121.61061, 36.078703], [-121.613994, 36.084242], [-121.617425, 36.086718], [-121.621197, 36.102974], [-121.628515, 36.112477], [-121.630796, 36.120702], [-121.642302, 36.128254], [-121.658134, 36.147198], [-121.670046, 36.156188], [-121.6741, 36.163745], [-121.678488, 36.16779], [-121.69225, 36.173429], [-121.694123, 36.174943], [-121.693762, 36.177093], [-121.69842, 36.176894], [-121.701637, 36.184593], [-121.710783, 36.19268], [-121.710834, 36.196554], [-121.713708, 36.195188], [-121.720435, 36.199771], [-121.728526, 36.201689], [-121.731212, 36.205026], [-121.735292, 36.205376], [-121.73411, 36.208614], [-121.737713, 36.208253], [-121.742675, 36.212506], [-121.750393, 36.214957], [-121.750293, 36.217176], [-121.754723, 36.218722], [-121.754271, 36.22071], [-121.759041, 36.222596], [-121.75817, 36.2246], [-121.763894, 36.22726], [-121.769059, 36.236337], [-121.778137, 36.240995], [-121.78202, 36.247765], [-121.786808, 36.250711], [-121.788761, 36.259142], [-121.793194, 36.261084], [-121.794919, 36.263944], [-121.801431, 36.264454], [-121.809404, 36.271783], [-121.825113, 36.276094], [-121.833595, 36.282288], [-121.839689, 36.284373], [-121.843594, 36.28819], [-121.853762, 36.28918], [-121.875735, 36.299848], [-121.891012, 36.315308], [-121.894264, 36.327114], [-121.890816, 36.331864], [-121.886147, 36.331829], [-121.88535, 36.333152], [-121.891474, 36.336657], [-121.890726, 36.340916], [-121.89194, 36.344127], [-121.89607, 36.347596], [-121.897874, 36.351953], [-121.901253, 36.353431], [-121.902704, 36.356943], [-121.900285, 36.35868], [-121.899364, 36.364696], [-121.902459, 36.372228], [-121.90495, 36.373877], [-121.900205, 36.383081], [-121.903296, 36.397136], [-121.914616, 36.410155], [-121.912835, 36.426006], [-121.926363, 36.448766], [-121.923972, 36.454729], [-121.924355, 36.459169], [-121.929326, 36.467102], [-121.934955, 36.471949], [-121.937827, 36.484786], [-121.93828, 36.491527], [-121.935661, 36.498401], [-121.938161, 36.50165], [-121.935957, 36.507014], [-121.938103, 36.510397], [-121.936999, 36.515584], [-121.919514, 36.528665], [-121.908235, 36.541954], [-121.91263, 36.5683]], [[-121.771099, 36.852875], [-121.771094, 36.853816]], [[-121.771099, 36.852875], [-121.77113, 36.853733], [-121.771094, 36.853816]], [[-121.765758, 36.761063], [-121.765433, 36.770827], [-121.779612, 36.78212], [-121.783595, 36.791012], [-121.783725, 36.806571], [-121.785992, 36.818397], [-121.784427, 36.821355], [-121.776915, 36.824894], [-121.771165, 36.830393], [-121.771099, 36.852875]], [[-121.771094, 36.853816], [-121.771029, 36.865334]], [[-121.460697, 35.891225], [-121.460696, 35.891238], [-121.460686, 35.891404]], [[-121.460697, 35.891225], [-121.460686, 35.891404]], [[-121.407556, 35.849299], [-121.414896, 35.857703], [-121.425046, 35.860267], [-121.435547, 35.866638], [-121.439113, 35.870696], [-121.443923, 35.872215], [-121.446988, 35.877097], [-121.460205, 35.886881], [-121.460697, 35.891225]], [[-121.407422, 35.849053], [-121.407556, 35.849299]], [[-121.407422, 35.849053], [-121.407423, 35.849057], [-121.407556, 35.849299]], [[-121.329587, 35.780554], [-121.32961, 35.78231], [-121.333032, 35.784388], [-121.335441, 35.788435], [-121.337984, 35.788453], [-121.341735, 35.794307], [-121.345204, 35.79506], [-121.349595, 35.804082], [-121.351472, 35.80356], [-121.353134, 35.805854], [-121.360724, 35.80877], [-121.358644, 35.811687], [-121.358658, 35.815615], [-121.36218, 35.811597], [-121.365955, 35.811713], [-121.366801, 35.813671], [-121.369711, 35.814381], [-121.370584, 35.817112], [-121.373828, 35.817806], [-121.374324, 35.821617], [-121.377136, 35.821076], [-121.377917, 35.822785], [-121.385734, 35.826304], [-121.391883, 35.832323], [-121.393135, 35.834554], [-121.392023, 35.836183], [-121.395307, 35.835932], [-121.400926, 35.84], [-121.401157, 35.841981], [-121.406974, 35.846588], [-121.407422, 35.849053]], [[-121.329576, 35.780403], [-121.329577, 35.780409], [-121.329587, 35.780554]], [[-121.329576, 35.780403], [-121.329587, 35.780554]], [[-121.320421, 35.761806], [-121.318915, 35.763231], [-121.322731, 35.766974], [-121.321452, 35.769636], [-121.32341, 35.769735], [-121.329576, 35.780403]], [[-121.304178, 35.704709], [-121.303941, 35.711922], [-121.314752, 35.727473], [-121.311755, 35.752237], [-121.321329, 35.759743], [-121.320438, 35.761802]], [[-121.303329, 35.70283], [-121.30396, 35.70372], [-121.304178, 35.704709]], [[-121.303329, 35.70283], [-121.304178, 35.704709]], [[-121.286807, 35.688625], [-121.293701, 35.697958], [-121.303329, 35.70283]], [[-121.285337, 35.684435], [-121.286672, 35.686055], [-121.286932, 35.686552], [-121.287079, 35.687488], [-121.286807, 35.688625]], [[-121.285337, 35.684435], [-121.286807, 35.688625]], [[-121.283945, 35.675662], [-121.285337, 35.684435]], [[-121.282423, 35.67409], [-121.283731, 35.675338], [-121.283945, 35.675662]], [[-121.282423, 35.67409], [-121.283945, 35.675662]], [[-121.223911, 35.653052], [-121.242523, 35.65383], [-121.256929, 35.663271], [-121.277996, 35.670047], [-121.282423, 35.67409]], [[-120.923256, 35.44945], [-120.942823, 35.451057], [-120.955057, 35.45532], [-120.982451, 35.472332], [-120.988895, 35.474564], [-120.996076, 35.481861], [-121.004744, 35.494276], [-121.041904, 35.522772], [-121.05742, 35.540365], [-121.076339, 35.555093], [-121.091127, 35.555825], [-121.097774, 35.56467], [-121.109568, 35.571116], [-121.112656, 35.576645], [-121.121911, 35.586506], [-121.127059, 35.598224], [-121.153155, 35.620613], [-121.165714, 35.636195], [-121.204509, 35.651748], [-121.223893, 35.653054]], [[-120.662865, 35.285912], [-120.666903, 35.290486], [-120.668846, 35.295121], [-120.673231, 35.29786], [-120.675105, 35.29959], [-120.678917, 35.30628], [-120.689224, 35.313747], [-120.695283, 35.318835], [-120.700999, 35.320244], [-120.710145, 35.319597], [-120.711966, 35.319642], [-120.713424, 35.319896], [-120.714487, 35.320204], [-120.723562, 35.323726], [-120.725497, 35.324885], [-120.730313, 35.329112], [-120.733079, 35.330469], [-120.743255, 35.333296], [-120.749337, 35.332897], [-120.752693, 35.333512], [-120.75982, 35.338054], [-120.776971, 35.352452], [-120.796861, 35.35785], [-120.807098, 35.361795], [-120.820152, 35.36365], [-120.837996, 35.366656], [-120.84032, 35.367572], [-120.851539, 35.373497], [-120.853277, 35.37502], [-120.854863, 35.377661], [-120.862733, 35.398875], [-120.871688, 35.408559], [-120.878423, 35.423028], [-120.885352, 35.432681], [-120.892246, 35.444438], [-120.896709, 35.447439], [-120.901031, 35.451973], [-120.904136, 35.453269], [-120.913542, 35.450426], [-120.923256, 35.44945]], [[-120.662865, 35.285912], [-120.66837, 35.294855], [-120.674777, 35.299401], [-120.678809, 35.306324], [-120.695335, 35.318955], [-120.701005, 35.320341], [-120.71437, 35.320254], [-120.723972, 35.324075], [-120.730287, 35.329244], [-120.732865, 35.330546], [-120.743309, 35.333438], [-120.754317, 35.334645], [-120.777096, 35.352641], [-120.806917, 35.361881], [-120.837937, 35.366771], [-120.851663, 35.37374], [-120.854707, 35.377666], [-120.862454, 35.398665], [-120.871504, 35.408551], [-120.878425, 35.423392], [-120.892098, 35.444474], [-120.900973, 35.452109], [-120.904355, 35.453453], [-120.923256, 35.44945]], [[-120.661535, 35.287436], [-120.662865, 35.285912]], [[-120.637839, 35.136037], [-120.644962, 35.146394], [-120.654614, 35.151151]], [[-120.632622, 35.131316], [-120.636998, 35.135149], [-120.637839, 35.136037]], [[-120.632622, 35.131316], [-120.637839, 35.136037]], [[-120.611645, 35.098251], [-120.622958, 35.106438], [-120.632622, 35.131316]], [[-120.597024, 35.098146], [-120.61083, 35.098195], [-120.611397, 35.098214], [-120.611568, 35.098265], [-120.611645, 35.098251]], [[-120.597024, 35.098146], [-120.611422, 35.098147], [-120.611645, 35.098251]], [[-120.593047, 35.098171], [-120.594901, 35.098145], [-120.597024, 35.098146]], [[-120.59017, 35.098176], [-120.593047, 35.098171]], [[-120.59017, 35.098176], [-120.591125, 35.098141], [-120.593047, 35.098171]], [[-120.582288, 35.098164], [-120.59017, 35.098176]], [[-120.588736, 35.078676], [-120.586739, 35.080758]], [[-120.588736, 35.078676], [-120.588607, 35.078907], [-120.586739, 35.080758]], [[-120.573203, 35.047291], [-120.591308, 35.047348], [-120.595379, 35.05291], [-120.597271, 35.063246], [-120.590692, 35.072762], [-120.588736, 35.078676]], [[-120.586739, 35.080758], [-120.58185, 35.089903], [-120.581503, 35.096934]], [[-120.581505, 35.096949], [-120.58227, 35.098164]], [[-120.568862, 35.045928], [-120.569732, 35.04668], [-120.570696, 35.047105], [-120.571743, 35.047301], [-120.573203, 35.047291]], [[-120.568862, 35.045928], [-120.573203, 35.047291]], [[-120.453766, 34.858441], [-120.455548, 34.86291], [-120.467888, 34.871116], [-120.497442, 34.881378], [-120.525959, 34.900119], [-120.537436, 34.904928], [-120.563667, 34.923983], [-120.574222, 34.94288], [-120.573879, 34.96906], [-120.571154, 34.973771], [-120.570657, 34.980227], [-120.570486, 35.003688], [-120.561184, 35.027021], [-120.561434, 35.034235], [-120.567706, 35.03991], [-120.568862, 35.045928]], [[-120.520529, 34.750879], [-120.516247, 34.753642], [-120.515303, 34.754525], [-120.514441, 34.755865], [-120.511227, 34.771543], [-120.509554, 34.773816], [-120.507134, 34.774677], [-120.502401, 34.774491], [-120.49659, 34.775553], [-120.491577, 34.774558], [-120.488403, 34.774739], [-120.486154, 34.775326], [-120.478664, 34.778762], [-120.472598, 34.779069], [-120.469581, 34.779786], [-120.466131, 34.781963], [-120.459228, 34.789437], [-120.450967, 34.794079], [-120.444759, 34.798771], [-120.442975, 34.800943]], [[-120.520529, 34.750879], [-120.514612, 34.755865], [-120.511401, 34.771496], [-120.509642, 34.773923], [-120.50712, 34.77481], [-120.496612, 34.775676], [-120.488384, 34.774943], [-120.478959, 34.778891], [-120.469177, 34.780181], [-120.459373, 34.789601], [-120.450819, 34.794457], [-120.443547, 34.80116]], [[-120.455907, 34.678353], [-120.457446, 34.680066], [-120.459525, 34.683413], [-120.459212, 34.693792], [-120.466015, 34.697294], [-120.474256, 34.703125], [-120.485342, 34.706894], [-120.48696, 34.707998], [-120.487677, 34.709007], [-120.489028, 34.712648], [-120.490116, 34.718166], [-120.493085, 34.72173], [-120.494927, 34.724651], [-120.514838, 34.744832], [-120.520529, 34.750879]], [[-120.455907, 34.678353], [-120.459382, 34.683719], [-120.458337, 34.691784], [-120.459296, 34.694168], [-120.474285, 34.703289], [-120.486694, 34.707929], [-120.490061, 34.718406], [-120.494772, 34.724689], [-120.520529, 34.750879]], [[-120.449029, 34.638897], [-120.457886, 34.638995]], [[-120.457886, 34.638995], [-120.456663, 34.676721]], [[-120.457886, 34.638995], [-120.457695, 34.670555], [-120.456663, 34.676721]], [[-120.449029, 34.638897], [-120.457783, 34.638917], [-120.457886, 34.638995]], [[-120.456663, 34.676721], [-120.455907, 34.678353]], [[-120.442975, 34.800943], [-120.448349, 34.811475], [-120.450343, 34.820129], [-120.44987, 34.826908], [-120.451443, 34.835289], [-120.453766, 34.858441]], [[-120.442849, 34.801163], [-120.448197, 34.811706], [-120.45006, 34.819851], [-120.449644, 34.826951], [-120.453766, 34.858441]], [[-120.429667, 34.623746], [-120.432563, 34.628119], [-120.431949, 34.633368], [-120.435951, 34.641251], [-120.440608, 34.638832], [-120.449029, 34.638897]], [[-120.442975, 34.800943], [-120.442917, 34.801058]], [[-120.44296, 34.800914], [-120.442975, 34.800943]], [[-120.42792, 34.618851], [-120.429667, 34.623746]], [[-120.42792, 34.618851], [-120.429191, 34.622969], [-120.429667, 34.623746]], [[-120.408584, 34.590052], [-120.411004, 34.596013], [-120.417429, 34.598509], [-120.4186, 34.607684], [-120.426669, 34.613003], [-120.42792, 34.618851]], [[-120.40738, 34.584801], [-120.407788, 34.585326], [-120.40802, 34.58606], [-120.408584, 34.590052]], [[-120.40738, 34.584801], [-120.408584, 34.590052]], [[-120.237271, 34.512425], [-120.289268, 34.526239], [-120.300017, 34.524328], [-120.316885, 34.517628], [-120.326972, 34.518225], [-120.337912, 34.52198], [-120.352684, 34.538298], [-120.365888, 34.565779], [-120.371627, 34.573329], [-120.385244, 34.583508], [-120.40738, 34.584801]], [[-120.226929, 34.510006], [-120.228346, 34.510648], [-120.233169, 34.510915], [-120.237147, 34.512428], [-120.237271, 34.512425]], [[-120.226929, 34.510006], [-120.232986, 34.510717], [-120.237271, 34.512425]], [[-120.225892, 34.509207], [-120.226929, 34.510006]], [[-119.424357, 34.350679], [-119.426113, 34.350979]], [[-119.41569, 34.342186], [-119.424357, 34.350679]], [[-119.41569, 34.342186], [-119.417219, 34.343798], [-119.424357, 34.350679]], [[-119.387261, 34.318676], [-119.390961, 34.319415], [-119.400776, 34.331415], [-119.41569, 34.342186]], [[-119.369353, 34.319465], [-119.370782, 34.320295], [-119.37227, 34.320902], [-119.374144, 34.321323], [-119.375733, 34.321423], [-119.378015, 34.321142], [-119.387261, 34.318676]], [[-119.369353, 34.319465], [-119.376521, 34.321317], [-119.378778, 34.320898], [-119.385821, 34.318994], [-119.387191, 34.318648], [-119.387261, 34.318676]], [[-119.335833, 34.29045], [-119.348973, 34.304505], [-119.369353, 34.319465]], [[-119.334892, 34.289902], [-119.335833, 34.29045]], [[-119.334767, 34.290099], [-119.335833, 34.29045]], [[-119.181065, 34.238147], [-119.181069, 34.239907]], [[-119.180833, 34.238146], [-119.180831, 34.239856]], [[-119.08022, 34.110151], [-119.104808, 34.140769], [-119.115515, 34.15001], [-119.139562, 34.16213], [-119.141519, 34.164049], [-119.142613, 34.166366]], [[-119.08022, 34.110151], [-119.104553, 34.140824], [-119.115259, 34.15009], [-119.139379, 34.162285], [-119.142361, 34.166472]], [[-119.017637, 34.072113], [-119.035936, 34.083649], [-119.052271, 34.084799], [-119.062256, 34.087599], [-119.069583, 34.094396], [-119.080714, 34.100769], [-119.079303, 34.107126], [-119.08022, 34.110151]], [[-119.009348, 34.067574], [-119.01197, 34.070553], [-119.016242, 34.071169], [-119.017052, 34.071592], [-119.017637, 34.072113]], [[-119.009348, 34.067574], [-119.011996, 34.070672], [-119.017637, 34.072113]], [[-118.964285, 34.05358], [-118.977877, 34.061121], [-118.983481, 34.061294], [-118.99678, 34.066329], [-119.006393, 34.066236], [-119.009348, 34.067574]], [[-118.636309, 34.036928], [-118.638106, 34.037128], [-118.645268, 34.038591], [-118.649701, 34.037979], [-118.665253, 34.039622], [-118.672948, 34.038911], [-118.6806, 34.034929], [-118.681997, 34.03463], [-118.685127, 34.034351], [-118.687344, 34.034249], [-118.697122, 34.035164], [-118.714777, 34.033821], [-118.742195, 34.0332], [-118.754035, 34.030207], [-118.760446, 34.027009], [-118.763189, 34.026121], [-118.765742, 34.025736], [-118.771722, 34.02555], [-118.780348, 34.025733], [-118.795567, 34.020551], [-118.797028, 34.020379], [-118.799226, 34.020563], [-118.805782, 34.02225], [-118.808691, 34.022083], [-118.81652, 34.017214], [-118.818909, 34.01656], [-118.820958, 34.016406], [-118.82274, 34.016703], [-118.824606, 34.017531], [-118.830754, 34.022566], [-118.835987, 34.025519], [-118.845678, 34.032529], [-118.853503, 34.03561], [-118.855397, 34.035953], [-118.860018, 34.03636], [-118.86209, 34.036688], [-118.871344, 34.039479], [-118.881278, 34.039924], [-118.888869, 34.040667], [-118.914698, 34.044195], [-118.925156, 34.047034], [-118.92976, 34.046868], [-118.934956, 34.045086], [-118.936765, 34.044826], [-118.938188, 34.044914], [-118.945819, 34.046896], [-118.952465, 34.049142], [-118.964285, 34.05358]], [[-118.636309, 34.036928], [-118.645246, 34.038681], [-118.665272, 34.03972], [-118.672465, 34.039144], [-118.676882, 34.037513], [-118.68064, 34.035023], [-118.685881, 34.034385], [-118.697095, 34.035263], [-118.742226, 34.033302], [-118.754009, 34.030304], [-118.763204, 34.026195], [-118.780381, 34.025821], [-118.795598, 34.020653], [-118.798534, 34.020534], [-118.805201, 34.022247], [-118.806774, 34.022388], [-118.808287, 34.022257], [-118.810966, 34.021272], [-118.816037, 34.017562], [-118.820851, 34.01648], [-118.824746, 34.017726], [-118.830702, 34.022633], [-118.845673, 34.032622], [-118.85347, 34.035687], [-118.871337, 34.03956], [-118.915091, 34.044364], [-118.925191, 34.047144], [-118.929781, 34.046975], [-118.938157, 34.045019], [-118.964285, 34.05358]], [[-118.629858, 34.037523], [-118.631782, 34.037582], [-118.636007, 34.036921], [-118.636309, 34.036928]], [[-118.612772, 34.037182], [-118.623091, 34.03822], [-118.629858, 34.037523]], [[-118.612772, 34.037182], [-118.629858, 34.037523]], [[-118.608045, 34.037522], [-118.612772, 34.037182]], [[-118.595187, 34.039966], [-118.597125, 34.039517], [-118.603788, 34.039329], [-118.608045, 34.037522]], [[-118.595187, 34.039966], [-118.603781, 34.039414], [-118.608045, 34.037522]], [[-118.589816, 34.039514], [-118.591984, 34.039942], [-118.59354, 34.039906], [-118.594463, 34.039997], [-118.595187, 34.039966]], [[-118.485856, 34.014719], [-118.48959, 34.012648], [-118.494549, 34.011375], [-118.496067, 34.01149], [-118.496702, 34.011827], [-118.501476, 34.016058], [-118.512255, 34.024334], [-118.544863, 34.039486], [-118.548472, 34.039357], [-118.550081, 34.039455], [-118.554904, 34.038458], [-118.556382, 34.038498], [-118.570283, 34.042053], [-118.575939, 34.039971], [-118.584745, 34.038729], [-118.585968, 34.038829], [-118.587841, 34.039307], [-118.589816, 34.039514]], [[-118.48596, 34.014898], [-118.49612, 34.011582], [-118.501388, 34.016146], [-118.512183, 34.024424], [-118.544442, 34.039464], [-118.545872, 34.039664], [-118.550098, 34.039538], [-118.556477, 34.038646], [-118.570009, 34.042136], [-118.584723, 34.038817], [-118.587805, 34.039386], [-118.589816, 34.039514]], [[-118.485796, 34.014755], [-118.485856, 34.014719]], [[-118.485856, 34.014719], [-118.485893, 34.014821], [-118.485581, 34.014628], [-118.485337, 34.01434], [-118.485856, 34.014719]], [[-118.433033, 33.97601], [-118.439878, 33.981376], [-118.444272, 33.986772], [-118.449127, 33.992086], [-118.449779, 33.992613], [-118.470606, 34.002723], [-118.449879, 33.992556], [-118.439701, 33.980976], [-118.433033, 33.97601]], [[-118.431081, 33.973219], [-118.433033, 33.97601]], [[-118.396297, 33.944541], [-118.397126, 33.952604], [-118.41042, 33.9532], [-118.412085, 33.953571], [-118.413622, 33.954306], [-118.426964, 33.96652], [-118.431081, 33.973219]], [[-118.396126, 33.944562], [-118.39699, 33.952703], [-118.413465, 33.954418], [-118.426795, 33.96663], [-118.431081, 33.973219]], [[-118.389908, 33.85351], [-118.396046, 33.873836], [-118.396297, 33.944526]], [[-118.389908, 33.85351], [-118.395927, 33.874199], [-118.396127, 33.944546]], [[-118.385314, 33.820428], [-118.385698, 33.841575], [-118.389908, 33.85351]], [[-118.14341, 33.789783], [-118.2253, 33.789829], [-118.226952, 33.79011], [-118.229872, 33.791404], [-118.232023, 33.791714], [-118.242214, 33.791067], [-118.250042, 33.790795], [-118.255877, 33.791552], [-118.278829, 33.790312], [-118.293698, 33.790937], [-118.298367, 33.789617], [-118.299949, 33.789406], [-118.328679, 33.789508], [-118.330582, 33.790124], [-118.333268, 33.792046], [-118.338372, 33.795857], [-118.348287, 33.803763], [-118.364968, 33.810464], [-118.372254, 33.814843], [-118.374876, 33.815649], [-118.379223, 33.816234], [-118.380273, 33.816593], [-118.384534, 33.818994], [-118.385205, 33.819763], [-118.385314, 33.820428]], [[-118.14322, 33.790096], [-118.225292, 33.7899], [-118.229825, 33.791499], [-118.232027, 33.791795], [-118.255829, 33.791669], [-118.278834, 33.790424], [-118.293686, 33.791053], [-118.299941, 33.789521], [-118.328693, 33.789627], [-118.348324, 33.803916], [-118.372225, 33.814921], [-118.374745, 33.81572], [-118.380246, 33.816689], [-118.385314, 33.820428]], [[-117.908263, 33.616091], [-117.912989, 33.615923], [-117.917032, 33.616742], [-117.918365, 33.617184], [-117.926319, 33.621082], [-117.930544, 33.621172], [-117.936369, 33.621974], [-117.947922, 33.625555], [-117.975968, 33.641148], [-117.999132, 33.655012], [-118.023233, 33.672376], [-118.034098, 33.681615], [-118.053571, 33.702342], [-118.060245, 33.708281], [-118.063255, 33.711717], [-118.074631, 33.721366], [-118.077007, 33.723949], [-118.079556, 33.725226], [-118.083244, 33.728509], [-118.084262, 33.730077], [-118.086378, 33.735707], [-118.087687, 33.737249], [-118.095579, 33.740801], [-118.10354, 33.744841], [-118.104755, 33.745685], [-118.105438, 33.746541], [-118.105868, 33.747554], [-118.106634, 33.752844], [-118.114624, 33.761781], [-118.119462, 33.772808], [-118.143394, 33.78978]], [[-117.908263, 33.616091], [-117.916173, 33.616635], [-117.925903, 33.621075], [-117.936494, 33.622193], [-117.947882, 33.6257], [-117.999105, 33.655165], [-118.023321, 33.672614], [-118.034155, 33.681834], [-118.053488, 33.70243], [-118.062946, 33.711591], [-118.076951, 33.724067], [-118.083056, 33.728464], [-118.086092, 33.735345], [-118.087439, 33.73717], [-118.104655, 33.745792], [-118.106566, 33.752973], [-118.114394, 33.761741], [-118.119333, 33.7729], [-118.143202, 33.790106]], [[-117.902391, 33.61637], [-117.908263, 33.616091]], [[-117.890964, 33.612948], [-117.899829, 33.616169], [-117.900696, 33.616342], [-117.902263, 33.61643], [-117.902391, 33.61637]], [[-117.891007, 33.6127], [-117.902391, 33.61637]], [[-117.785331, 33.542743], [-117.793705, 33.545766], [-117.795639, 33.546789], [-117.803028, 33.549387], [-117.80476, 33.550292], [-117.806732, 33.552543], [-117.810021, 33.553285], [-117.818056, 33.557463], [-117.834405, 33.569694], [-117.838404, 33.573139], [-117.841303, 33.577546], [-117.84905, 33.582997]], [[-117.785331, 33.542743], [-117.795392, 33.546801], [-117.803272, 33.549609], [-117.806837, 33.552721], [-117.817728, 33.557394], [-117.833639, 33.569263], [-117.841251, 33.57771], [-117.848939, 33.583112]], [[-117.77477, 33.531671], [-117.785331, 33.542743]], [[-117.734458, 33.492361], [-117.736835, 33.493965], [-117.739926, 33.498091], [-117.742641, 33.499956], [-117.745889, 33.504382], [-117.750184, 33.508251], [-117.751769, 33.510415], [-117.754386, 33.512629], [-117.760118, 33.518945], [-117.761636, 33.520966], [-117.7629, 33.521748], [-117.77477, 33.531671]], [[-117.734399, 33.492444], [-117.761627, 33.521117], [-117.77477, 33.531671]], [[-117.669821, 33.467013], [-117.672179, 33.464286], [-117.673015, 33.463721], [-117.674326, 33.463266], [-117.676463, 33.463312], [-117.680224, 33.464369], [-117.683997, 33.464164]], [[-117.669934, 33.4671], [-117.674162, 33.463421], [-117.680234, 33.464469], [-117.68399, 33.464256]]]}}, {"type": "Feature", "properties": {"route_number": "SR-11"}, "geometry": {"type": "MultiLineString", "coordinates": [[[-116.954651, 32.563911], [-116.929716, 32.563774]], [[-116.951932, 32.56441], [-116.929696, 32.564009]]]}}, {"type": "Feature", "properties": {"route_number": "SR-111"}, "geometry": {"type": "MultiLineString", "coordinates": [[[-116.561283, 33.861381], [-116.57509, 33.868334], [-116.590327, 33.879548], [-116.621729, 33.898365], [-116.628955, 33.89818], [-116.636302, 33.900502], [-116.649063, 33.905111], [-116.651311, 33.906272], [-116.65978, 33.91217], [-116.668579, 33.914281], [-116.670844, 33.915221], [-116.678602, 33.921854]], [[-116.561283, 33.861381], [-116.574609, 33.86837], [-116.589926, 33.879561], [-116.621299, 33.898465], [-116.63134, 33.899183], [-116.649344, 33.905446], [-116.659332, 33.91218], [-116.671016, 33.915552], [-116.678375, 33.922564]], [[-116.538907, 33.844872], [-116.546768, 33.844899], [-116.547635, 33.848033], [-116.561283, 33.861381]], [[-116.528196, 33.844862], [-116.528335, 33.844897], [-116.538907, 33.844872]], [[-116.528196, 33.844862], [-116.538907, 33.844872]], [[-116.505822, 33.844933], [-116.511072, 33.844955], [-116.519414, 33.844892], [-116.524802, 33.844884], [-116.527043, 33.844859], [-116.528196, 33.844862]], [[-116.4938, 33.8038], [-116.493468, 33.818981], [-116.495183, 33.8226], [-116.502064, 33.830428], [-116.506043, 33.836655], [-116.506285, 33.837589], [-116.506303, 33.841015], [-116.505822, 33.844933]], [[-116.4938, 33.8038], [-116.493304, 33.818923], [-116.495044, 33.822605], [-116.505912, 33.83673], [-116.505822, 33.844933]], [[-116.495176, 33.793389], [-116.488185, 33.791514], [-116.48573, 33.790529], [-116.495118, 33.793264], [-116.495176, 33.793389]], [[-116.495176, 33.793389], [-116.495001, 33.794204], [-116.495131, 33.798212]], [[-116.495176, 33.793389], [-116.495131, 33.798212]], [[-116.495131, 33.798212], [-116.4938, 33.8038]], [[-116.078451, 33.569714], [-116.092879, 33.569366]], [[-116.078451, 33.569714], [-116.079534, 33.570974]], [[-115.574712, 33.279959], [-115.638782, 33.357654], [-115.697443, 33.377166], [-115.706448, 33.375282], [-115.736753, 33.356721], [-115.745636, 33.356261], [-115.759206, 33.360557], [-115.784302, 33.378326], [-115.798629, 33.396156], [-115.825308, 33.418569], [-115.845882, 33.448581], [-115.886127, 33.473981], [-115.916428, 33.509262], [-115.922178, 33.513482], [-115.930629, 33.5165], [-115.944186, 33.529447], [-115.953025, 33.532358], [-116.024154, 33.538056], [-116.065154, 33.555808], [-116.078451, 33.569714]], [[-115.570483, 33.274744], [-115.574712, 33.279959]], [[-115.570483, 33.274744], [-115.574653, 33.279921], [-115.574712, 33.279959]], [[-115.519142, 33.24265], [-115.520919, 33.2455], [-115.527415, 33.249096], [-115.560829, 33.264314], [-115.570483, 33.274744]], [[-115.527335, 33.044538], [-115.526391, 33.051126], [-115.526343, 33.062087]], [[-115.527335, 33.044538], [-115.526343, 33.062087]], [[-115.526416, 32.997565], [-115.527335, 33.044538]], [[-115.526343, 33.062087], [-115.525791, 33.078509], [-115.514927, 33.090605], [-115.514268, 33.120426]], [[-115.519073, 33.235814], [-115.519142, 33.24265]], [[-115.519073, 33.235814], [-115.518957, 33.241337], [-115.519142, 33.24265]], [[-115.519063, 33.190299], [-115.519073, 33.235814]], [[-115.519059, 33.18681], [-115.519063, 33.190299]], [[-115.519059, 33.18681], [-115.519027, 33.190236], [-115.519063, 33.190299]], [[-115.519062, 33.184857], [-115.519059, 33.18681]], [[-115.519059, 33.181293], [-115.519062, 33.184857]], [[-115.519059, 33.181293], [-115.519035, 33.184767], [-115.519062, 33.184857]], [[-115.51424, 33.130175], [-115.514594, 33.135029], [-115.519046, 33.141724], [-115.519059, 33.181293]], [[-115.514268, 33.120426], [-115.514238, 33.124599]], [[-115.514268, 33.120426], [-115.514303, 33.124473], [-115.514238, 33.124599]], [[-115.514244, 33.125768], [-115.51424, 33.130175]], [[-115.514244, 33.125768], [-115.514295, 33.125878], [-115.51424, 33.130175]], [[-115.514238, 33.124599], [-115.514244, 33.125768]], [[-115.497134, 32.664888], [-115.498757, 32.666087], [-115.499594, 32.716212], [-115.500355, 32.721903], [-115.501681, 32.783305], [-115.500319, 32.829491], [-115.5021, 32.837248], [-115.507532, 32.846747], [-115.508679, 32.849839], [-115.509294, 32.853489], [-115.509179, 32.956095], [-115.507498, 32.963229], [-115.502028, 32.973191], [-115.501342, 32.97864], [-115.501769, 32.973064], [-115.507219, 32.963153], [-115.508905, 32.956063], [-115.508998, 32.853526], [-115.507251, 32.846806], [-115.501811, 32.837247], [-115.500079, 32.829462], [-115.501432, 32.783357], [-115.500212, 32.723915], [-115.499394, 32.716093], [-115.498628, 32.66622], [-115.496134, 32.664956]]]}}, {"type": "Feature", "properties": {"route_number": "SR-113"}, "geometry": {"type": "MultiLineString", "coordinates": [[[-121.823042, 38.472027], [-121.823821, 38.473009]], [[-121.818846, 38.285429], [-121.823761, 38.285641], [-121.823244, 38.338213]], [[-121.823244, 38.338228], [-121.822534, 38.444547]], [[-121.822304, 38.470617], [-121.823042, 38.472027]], [[-121.822304, 38.470617], [-121.822337, 38.471848], [-121.823042, 38.472027]], [[-121.822534, 38.444547], [-121.822503, 38.448999]], [[-121.822534, 38.444547], [-121.822587, 38.446582], [-121.822503, 38.448999]], [[-121.822503, 38.448999], [-121.822497, 38.449635]], [[-121.822497, 38.449635], [-121.822408, 38.456501]], [[-121.822497, 38.449635], [-121.822494, 38.456345], [-121.822408, 38.456501]], [[-121.822408, 38.456501], [-121.822304, 38.470617]], [[-121.805511, 38.285304], [-121.818846, 38.285429]], [[-121.805511, 38.285304], [-121.805516, 38.285305], [-121.818846, 38.285429]], [[-121.80614, 38.183845], [-121.805511, 38.285304]], [[-121.774252, 38.51558], [-121.768814, 38.521379], [-121.766865, 38.583972], [-121.766194, 38.623824], [-121.764704, 38.629348], [-121.752869, 38.657101], [-121.751331, 38.662682], [-121.750782, 38.68496], [-121.754865, 38.690106]], [[-121.770845, 38.519694], [-121.768978, 38.524127], [-121.766641, 38.622936], [-121.765257, 38.628816], [-121.751873, 38.661326], [-121.751115, 38.681612], [-121.752361, 38.685936]], [[-121.765213, 38.695125], [-121.765084, 38.734488], [-121.775849, 38.736054], [-121.774584, 38.792597], [-121.727461, 38.792221], [-121.723071, 38.79479], [-121.719765, 38.801379], [-121.720128, 38.805602], [-121.714435, 38.812375], [-121.719071, 38.830173], [-121.71852, 38.841675], [-121.672222, 38.967228], [-121.671928, 39.002264], [-121.631352, 39.003418]], [[-121.765213, 38.695125], [-121.7653, 38.694587], [-121.765205, 38.694509], [-121.765141, 38.695003], [-121.765213, 38.695125]]]}}, {"type": "Feature", "properties": {"route_number": "SR-115"}, "geometry": {"type": "MultiLineString", "coordinates": [[[-115.448773, 32.974599], [-115.449918, 33.123699], [-115.452775, 33.12561], [-115.514244, 33.125768]], [[-115.406113, 32.805733], [-115.406279, 32.971639], [-115.408, 32.974145]], [[-115.388991, 32.807414], [-115.406113, 32.805733]], [[-115.388991, 32.807414], [-115.391515, 32.806604], [-115.405907, 32.805643], [-115.406113, 32.805733]], [[-115.336216, 32.811062], [-115.383541, 32.810962], [-115.388991, 32.807414]], [[-115.335903, 32.810997], [-115.336216, 32.811062]], [[-115.335903, 32.810997], [-115.336197, 32.811059], [-115.336216, 32.811062]], [[-115.285597, 32.772991], [-115.286692, 32.776221], [-115.335903, 32.810997]]]}}, {"type": "Feature", "properties": {"route_number": "SR-116"}, "geometry": {"type": "MultiLineString", "coordinates": [[[-123.103885, 38.436894], [-123.100646, 38.440606], [-123.098346, 38.447372], [-123.095511, 38.449434], [-123.08951, 38.4492], [-123.073677, 38.442271], [-123.061548, 38.446627], [-123.052307, 38.455899], [-123.054432, 38.461392], [-123.052406, 38.466349], [-123.036292, 38.467293], [-123.025374, 38.477687], [-123.019401, 38.475682]], [[-123.019401, 38.475682], [-123.019397, 38.475679], [-123.019159, 38.475553]], [[-123.019401, 38.475682], [-123.019159, 38.475553]], [[-123.019159, 38.475553], [-123.011829, 38.468342]], [[-123.011829, 38.468342], [-123.011623, 38.468254]], [[-123.011829, 38.468342], [-123.011817, 38.468338], [-123.011623, 38.468254]], [[-123.011623, 38.468254], [-123.009102, 38.46821]], [[-123.009102, 38.46821], [-123.00868, 38.468537]], [[-123.009102, 38.46821], [-123.008697, 38.468525], [-123.00868, 38.468537]], [[-123.00868, 38.468537], [-123.005591, 38.473966], [-122.997553, 38.478242], [-122.997067, 38.48031]], [[-123.005069, 38.501184], [-122.998798, 38.502014]], [[-123.005069, 38.501184], [-123.003644, 38.502004], [-122.998798, 38.502014]], [[-122.997182, 38.480427], [-123.01094, 38.48239], [-123.015842, 38.487613], [-123.016344, 38.490975], [-123.006486, 38.496681], [-123.005069, 38.501184]], [[-122.998798, 38.502014], [-122.995323, 38.502513], [-122.99385, 38.499826]], [[-122.997067, 38.48031], [-122.997182, 38.480427]], [[-122.997067, 38.48031], [-122.997077, 38.480323], [-122.997182, 38.480427]], [[-122.99385, 38.499826], [-122.993758, 38.499645], [-122.993635, 38.499408]], [[-122.99385, 38.499826], [-122.993635, 38.499408]], [[-122.993635, 38.499408], [-122.988338, 38.498858], [-122.983697, 38.50046], [-122.980249, 38.498887], [-122.972583, 38.499144], [-122.962385, 38.495389], [-122.960618, 38.491558]], [[-122.96197, 38.485938], [-122.961975, 38.485917], [-122.96206, 38.485673]], [[-122.96197, 38.485938], [-122.96206, 38.485673]], [[-122.96206, 38.485673], [-122.961895, 38.482567], [-122.959786, 38.481676], [-122.958184, 38.478117], [-122.953057, 38.476125], [-122.94266, 38.477885], [-122.922311, 38.476465], [-122.910067, 38.47245], [-122.906346, 38.473954], [-122.889275, 38.47362], [-122.880433, 38.464528]], [[-122.960543, 38.491465], [-122.96197, 38.485938]], [[-122.960618, 38.491558], [-122.960543, 38.491465]], [[-122.960618, 38.491558], [-122.960545, 38.49147], [-122.960543, 38.491465]], [[-122.880433, 38.464528], [-122.877419, 38.461601]], [[-122.880433, 38.464528], [-122.880379, 38.464515], [-122.877419, 38.461601]], [[-122.877419, 38.461601], [-122.868478, 38.45264], [-122.866099, 38.444424], [-122.860378, 38.441508], [-122.85619, 38.432494], [-122.852509, 38.429787]], [[-122.852509, 38.429787], [-122.850807, 38.428021], [-122.848794, 38.426871], [-122.848037, 38.42478], [-122.846427, 38.423202], [-122.845878, 38.416833], [-122.845578, 38.415677], [-122.844652, 38.414347], [-122.84295, 38.412661], [-122.840305, 38.409182], [-122.839645, 38.408622]], [[-122.852509, 38.429787], [-122.848633, 38.426821], [-122.846303, 38.423184], [-122.845546, 38.415823], [-122.84482, 38.414677], [-122.842828, 38.412684], [-122.839645, 38.408622]], [[-122.839645, 38.408622], [-122.836333, 38.405392], [-122.826366, 38.405229], [-122.824835, 38.403125]], [[-122.824835, 38.403125], [-122.823356, 38.403521], [-122.814914, 38.388872]], [[-122.824835, 38.403125], [-122.814914, 38.388872]], [[-122.814914, 38.388872], [-122.811872, 38.384232], [-122.796981, 38.378471], [-122.78424, 38.369241], [-122.778025, 38.362173], [-122.76948, 38.357849], [-122.756172, 38.342546], [-122.740679, 38.334982], [-122.731311, 38.333633]], [[-122.731311, 38.333633], [-122.723361, 38.332663], [-122.723262, 38.332608]], [[-122.731311, 38.333633], [-122.723262, 38.332608]], [[-122.723262, 38.332608], [-122.715562, 38.331632]], [[-122.715562, 38.331632], [-122.715056, 38.331639], [-122.71279, 38.331274], [-122.71287, 38.331212], [-122.715562, 38.331632]], [[-122.617947, 38.233204], [-122.590295, 38.234524], [-122.549293, 38.212038]], [[-122.549293, 38.212038], [-122.549021, 38.212152]], [[-122.549293, 38.212038], [-122.549287, 38.212034], [-122.549021, 38.212152]], [[-122.549021, 38.212152], [-122.542602, 38.220348], [-122.53071, 38.226719], [-122.531819, 38.230569], [-122.526616, 38.236201], [-122.508843, 38.236517], [-122.505427, 38.240422]], [[-122.505427, 38.240422], [-122.504708, 38.243593]], [[-122.505427, 38.240422], [-122.505598, 38.24226], [-122.504708, 38.243593]], [[-122.504708, 38.243593], [-122.499209, 38.24877], [-122.491991, 38.251431]], [[-122.491991, 38.251431], [-122.488061, 38.252703]], [[-122.491991, 38.251431], [-122.491902, 38.251427], [-122.488061, 38.252703]], [[-122.488061, 38.252703], [-122.478712, 38.254449], [-122.472621, 38.247422], [-122.465788, 38.244154], [-122.461267, 38.235614]]]}}, {"type": "Feature", "properties": {"route_number": "SR-118"}, "geometry": {"type": "MultiLineString", "coordinates": [[[-119.158262, 34.291421], [-119.15061, 34.283138], [-119.149076, 34.282327], [-119.145357, 34.281269], [-119.134653, 34.273547]], [[-119.15815, 34.291496], [-119.150549, 34.283232], [-119.145293, 34.281374], [-119.134653, 34.273547]], [[-119.134653, 34.273547], [-119.108996, 34.255923], [-119.102086, 34.261191], [-119.095341, 34.263611], [-118.990867, 34.263435], [-118.934522, 34.272087], [-118.92025, 34.278876], [-118.907809, 34.278929]], [[-118.907809, 34.278929], [-118.88212, 34.278927]], [[-118.907809, 34.278929], [-118.905487, 34.278834], [-118.88212, 34.278927]], [[-118.88212, 34.278927], [-118.874731, 34.278998]], [[-118.88212, 34.278927], [-118.874724, 34.278856]], [[-118.863364, 34.282177], [-118.865055, 34.287773], [-118.861739, 34.29202], [-118.8577, 34.292922], [-118.838997, 34.293637], [-118.807515, 34.290699], [-118.802952, 34.289255], [-118.791482, 34.283552], [-118.786481, 34.282487], [-118.724254, 34.282431], [-118.673379, 34.281622], [-118.660334, 34.278564], [-118.658157, 34.276949], [-118.654408, 34.271619], [-118.648134, 34.270049], [-118.640511, 34.266613], [-118.636257, 34.267607], [-118.628981, 34.273477], [-118.625319, 34.275238], [-118.622627, 34.275858], [-118.607385, 34.277967], [-118.604231, 34.277727], [-118.591568, 34.273679], [-118.569913, 34.273582], [-118.55491, 34.272369], [-118.546409, 34.274312], [-118.537068, 34.274974], [-118.52905, 34.277854], [-118.525604, 34.278385], [-118.501966, 34.278187], [-118.498705, 34.277748], [-118.494617, 34.27587], [-118.484338, 34.267693], [-118.480535, 34.26631], [-118.452326, 34.265994], [-118.434249, 34.268909], [-118.411859, 34.285514], [-118.409516, 34.286841], [-118.4055, 34.286583], [-118.402224, 34.283437]], [[-118.863008, 34.282344], [-118.864296, 34.28755], [-118.860571, 34.291706], [-118.838606, 34.293349], [-118.807282, 34.290341], [-118.791937, 34.283388], [-118.785856, 34.282144], [-118.673376, 34.281337], [-118.660531, 34.278382], [-118.658469, 34.276887], [-118.655782, 34.272661], [-118.653888, 34.27109], [-118.640581, 34.266424], [-118.636289, 34.267377], [-118.625373, 34.275027], [-118.607348, 34.277749], [-118.591684, 34.273459], [-118.554806, 34.2722], [-118.536466, 34.274947], [-118.5256, 34.278177], [-118.499055, 34.277646], [-118.484564, 34.267528], [-118.480576, 34.266068], [-118.451541, 34.26571], [-118.434093, 34.268699], [-118.410039, 34.286311], [-118.406712, 34.286173], [-118.402192, 34.282658]]]}}, {"type": "Feature", "properties": {"route_number": "SR-12"}, "geometry": {"type": "MultiLineString", "coordinates": [[[-122.824202, 38.402108], [-122.813259, 38.404483]], [[-122.813259, 38.404483], [-122.794923, 38.411716]], [[-122.813259, 38.404483], [-122.813174, 38.404478], [-122.811775, 38.404949], [-122.79875, 38.40956], [-122.794923, 38.411716]], [[-122.794923, 38.411716], [-122.775291, 38.423092]], [[-122.775291, 38.423092], [-122.767108, 38.428063], [-122.745002, 38.42973], [-122.723456, 38.433292], [-122.718708, 38.432422]], [[-122.775291, 38.423092], [-122.76701, 38.4283], [-122.723742, 38.433457], [-122.718709, 38.432642]], [[-122.718693, 38.432635], [-122.711971, 38.430983], [-122.68809, 38.436701], [-122.687129, 38.440282], [-122.68848, 38.44972]], [[-122.718692, 38.432414], [-122.711431, 38.430833], [-122.68762, 38.435162], [-122.686993, 38.44028], [-122.68848, 38.44972]], [[-122.68848, 38.44972], [-122.68718, 38.45005], [-122.683843, 38.449791], [-122.680677, 38.454717], [-122.676015, 38.458042], [-122.668223, 38.46288], [-122.666418, 38.463557], [-122.660228, 38.464987], [-122.658913, 38.465125], [-122.651437, 38.464893], [-122.647868, 38.46404], [-122.642083, 38.462014], [-122.635516, 38.458549], [-122.631201, 38.457587], [-122.621587, 38.452971]], [[-122.68848, 38.44972], [-122.683916, 38.449624], [-122.680289, 38.454898], [-122.668149, 38.46278], [-122.659043, 38.465006], [-122.647936, 38.463936], [-122.636215, 38.458696], [-122.631305, 38.457503], [-122.621587, 38.452971]], [[-122.621587, 38.452971], [-122.597217, 38.44162], [-122.586816, 38.439031], [-122.560044, 38.427783], [-122.54652, 38.414673]], [[-122.54652, 38.414673], [-122.545768, 38.413904]], [[-122.54652, 38.414673], [-122.545785, 38.413991], [-122.545768, 38.413904]], [[-122.545768, 38.413904], [-122.537507, 38.398733], [-122.530089, 38.392056], [-122.51887, 38.386469], [-122.51643, 38.382831]], [[-122.51643, 38.382831], [-122.513217, 38.377111]], [[-122.51643, 38.382831], [-122.513492, 38.377984], [-122.513217, 38.377111]], [[-122.515009, 38.372906], [-122.515258, 38.369837]], [[-122.515009, 38.372906], [-122.51586, 38.371714], [-122.515258, 38.369837]], [[-122.515258, 38.369837], [-122.500484, 38.35286], [-122.498782, 38.345295], [-122.492224, 38.336161], [-122.48664, 38.320721], [-122.48156, 38.313917]], [[-122.513217, 38.377111], [-122.515009, 38.372906]], [[-122.48156, 38.313917], [-122.479406, 38.309755], [-122.47869, 38.308544]], [[-122.48156, 38.313917], [-122.47869, 38.308544]], [[-122.47869, 38.308544], [-122.474889, 38.300824]], [[-122.475843, 38.293679], [-122.461264, 38.292237]], [[-122.475645, 38.295696], [-122.475843, 38.293679]], [[-122.475843, 38.293679], [-122.461558, 38.292212], [-122.461264, 38.292237]], [[-122.474889, 38.300824], [-122.475645, 38.295696]], [[-122.474889, 38.300824], [-122.475105, 38.30013], [-122.475645, 38.295696]], [[-122.461264, 38.292237], [-122.457872, 38.291962]], [[-122.457872, 38.291962], [-122.458942, 38.28486]], [[-122.457872, 38.291962], [-122.457974, 38.291862], [-122.458942, 38.28486]], [[-122.458942, 38.28486], [-122.462288, 38.262774], [-122.456843, 38.261219], [-122.449996, 38.249679], [-122.448261, 38.243025]], [[-122.257893, 38.223166], [-122.254511, 38.222766]], [[-122.254511, 38.222766], [-122.237571, 38.221291], [-122.200724, 38.209093], [-122.19496, 38.208996], [-122.18564, 38.208448], [-122.176882, 38.206518], [-122.168964, 38.207734], [-122.155941, 38.207747]], [[-122.254511, 38.222766], [-122.237631, 38.221155], [-122.200678, 38.208979], [-122.185622, 38.208347], [-122.176979, 38.206383], [-122.155941, 38.207747]], [[-122.155941, 38.207747], [-122.149946, 38.208276]], [[-122.092412, 38.240058], [-122.055089, 38.240836], [-122.049067, 38.241524], [-122.036892, 38.244998], [-122.035128, 38.245172], [-121.995814, 38.243277], [-121.991456, 38.241644], [-121.985263, 38.236599]], [[-122.092397, 38.239195], [-122.054867, 38.240686], [-122.048545, 38.241536], [-122.035492, 38.245069], [-121.995875, 38.243019], [-121.985263, 38.236599]], [[-121.985263, 38.236599], [-121.977786, 38.230538], [-121.972197, 38.228566], [-121.904499, 38.228377]], [[-121.904499, 38.228377], [-121.90195, 38.228372]], [[-121.904499, 38.228377], [-121.902057, 38.22834], [-121.90195, 38.228372]], [[-121.90195, 38.228372], [-121.895631, 38.227313], [-121.889382, 38.220907]], [[-121.889382, 38.220907], [-121.887926, 38.219304]], [[-121.889382, 38.220907], [-121.887964, 38.219407], [-121.887926, 38.219304]], [[-121.887926, 38.219304], [-121.873706, 38.204616]], [[-121.873706, 38.204616], [-121.872603, 38.203388]], [[-121.873706, 38.204616], [-121.872672, 38.203509], [-121.872603, 38.203388]], [[-121.872603, 38.203388], [-121.861116, 38.193052], [-121.844346, 38.184445]], [[-121.844346, 38.184445], [-121.841733, 38.183851]], [[-121.844346, 38.184445], [-121.843055, 38.184048], [-121.841733, 38.183851]], [[-121.841733, 38.183851], [-121.807539, 38.183637]], [[-121.807539, 38.183637], [-121.804703, 38.183635]], [[-121.807539, 38.183637], [-121.806076, 38.183497], [-121.804703, 38.183635]], [[-121.804703, 38.183635], [-121.726522, 38.183091], [-121.699965, 38.163138]], [[-121.699965, 38.163138], [-121.697653, 38.161297], [-121.696878, 38.160933], [-121.695576, 38.160576], [-121.694082, 38.160497], [-121.687995, 38.160758]], [[-121.699965, 38.163138], [-121.695504, 38.160671], [-121.687995, 38.160758]], [[-121.687995, 38.160758], [-121.679169, 38.15654]], [[-121.679169, 38.15654], [-121.675351, 38.154595], [-121.673417, 38.153828]], [[-121.679169, 38.15654], [-121.673417, 38.153828]], [[-121.673417, 38.153828], [-121.626174, 38.140664]], [[-121.626174, 38.140664], [-121.62088, 38.139189]], [[-121.626174, 38.140664], [-121.623765, 38.140003], [-121.62088, 38.139189]], [[-121.62088, 38.139189], [-121.593159, 38.131459], [-121.576497, 38.124399]], [[-121.576497, 38.124399], [-121.554305, 38.114622], [-121.549049, 38.113321], [-121.545124, 38.113067], [-121.5068, 38.113922]], [[-121.576497, 38.124399], [-121.54849, 38.113383], [-121.5068, 38.113922]], [[-121.5068, 38.113922], [-121.473502, 38.115396]], [[-121.473502, 38.115396], [-121.471967, 38.115382]], [[-121.473502, 38.115396], [-121.473381, 38.115347], [-121.471967, 38.115382]], [[-121.471967, 38.115382], [-121.424556, 38.116063]], [[-121.424556, 38.116063], [-121.420869, 38.116052]], [[-121.424556, 38.116063], [-121.422583, 38.116008], [-121.420869, 38.116052]], [[-121.420869, 38.116052], [-121.408919, 38.116132]], [[-121.408919, 38.116132], [-121.39157, 38.115929], [-121.388741, 38.11616]], [[-121.408919, 38.116132], [-121.398147, 38.11611], [-121.388741, 38.11616]], [[-121.388741, 38.11616], [-121.35446, 38.115789]], [[-121.35446, 38.115789], [-121.347734, 38.115683]], [[-121.35446, 38.115789], [-121.35251, 38.115703], [-121.347734, 38.115683]], [[-121.347734, 38.115683], [-121.305746, 38.115513]], [[-121.305746, 38.115513], [-121.29099, 38.115531]], [[-121.305746, 38.115513], [-121.291005, 38.115412]], [[-121.290986, 38.115412], [-121.278989, 38.115376], [-121.257908, 38.116246]], [[-121.290972, 38.115531], [-121.257904, 38.116331]], [[-121.257712, 38.137525], [-121.257391, 38.137548]], [[-121.257391, 38.137548], [-121.256068, 38.137634], [-121.251419, 38.13764]], [[-121.257391, 38.137548], [-121.257257, 38.137515], [-121.251475, 38.137596], [-121.251419, 38.13764]], [[-121.251419, 38.13764], [-121.16445, 38.138381]], [[-121.16445, 38.138381], [-121.163267, 38.138693], [-121.162346, 38.138696], [-121.163268, 38.138774], [-121.16445, 38.138381]], [[-121.068164, 38.197835], [-121.054458, 38.201438], [-121.004922, 38.202717], [-120.987371, 38.20484], [-120.983866, 38.203037], [-120.978846, 38.194865], [-120.972966, 38.191301], [-120.970962, 38.184682], [-120.955973, 38.178376], [-120.91988, 38.178727]], [[-120.91988, 38.178727], [-120.91471, 38.179617]], [[-120.91988, 38.178727], [-120.916288, 38.179407], [-120.91471, 38.179617]], [[-120.91471, 38.179617], [-120.898858, 38.183161], [-120.874162, 38.184109], [-120.863752, 38.186085], [-120.856546, 38.184995], [-120.846998, 38.186358], [-120.839943, 38.18469], [-120.831824, 38.188075], [-120.828448, 38.19212], [-120.801778, 38.196855], [-120.78557, 38.208806], [-120.774572, 38.208655], [-120.768036, 38.21041]], [[-120.768036, 38.21041], [-120.762861, 38.212053]], [[-120.768036, 38.21041], [-120.765468, 38.211643], [-120.762861, 38.212053]], [[-120.762861, 38.212053], [-120.747715, 38.212288], [-120.743558, 38.209777], [-120.727393, 38.205247], [-120.719535, 38.20029], [-120.715867, 38.20129], [-120.71322, 38.205305], [-120.706802, 38.209179], [-120.697374, 38.204856]]]}}, {"type": "Feature", "properties": {"route_number": "SR-120"}, "geometry": {"type": "MultiLineString", "coordinates": [[[-121.302168, 37.788656], [-121.295954, 37.790229], [-121.290936, 37.790287], [-121.262693, 37.783382], [-121.192494, 37.783508], [-121.189516, 37.785039], [-121.188541, 37.78536], [-121.18802, 37.785396], [-121.186874, 37.785265], [-121.186371, 37.785083], [-121.185737, 37.784697], [-121.185143, 37.784039], [-121.184884, 37.783396], [-121.184845, 37.782892]], [[-121.301749, 37.787507], [-121.296467, 37.78968], [-121.290435, 37.789884], [-121.262037, 37.783021], [-121.193371, 37.783216], [-121.191762, 37.78354], [-121.188022, 37.785328], [-121.184928, 37.782906]], [[-121.191315, 37.797631], [-121.179859, 37.797554]], [[-121.191285, 37.7975], [-121.179859, 37.797554]], [[-121.179859, 37.797554], [-121.15186, 37.797597]], [[-121.15186, 37.797597], [-121.136234, 37.797668]], [[-121.15186, 37.797597], [-121.138296, 37.79758], [-121.136234, 37.797668]], [[-121.136234, 37.797668], [-121.129751, 37.797752]], [[-121.129751, 37.797752], [-121.123358, 37.797781]], [[-121.129751, 37.797752], [-121.129659, 37.797711], [-121.123358, 37.797781]], [[-121.123358, 37.797781], [-121.1109, 37.797912]], [[-121.1109, 37.797912], [-121.098169, 37.798045]], [[-121.1109, 37.797912], [-121.106957, 37.797912], [-121.100571, 37.79797], [-121.098169, 37.798045]], [[-121.098169, 37.798045], [-121.092042, 37.798086]], [[-121.092042, 37.798086], [-121.06634, 37.798316]], [[-121.092042, 37.798086], [-121.091943, 37.798057], [-121.077896, 37.798164], [-121.06634, 37.798316]], [[-121.06634, 37.798316], [-121.056615, 37.798438]], [[-121.056615, 37.798438], [-121.047876, 37.798535]], [[-121.056615, 37.798438], [-121.0564, 37.798403], [-121.049672, 37.798475], [-121.047876, 37.798535]], [[-121.047876, 37.798535], [-121.038475, 37.798582]], [[-121.038475, 37.798582], [-121.030126, 37.798607]], [[-121.038475, 37.798582], [-121.038231, 37.798565], [-121.030195, 37.798586], [-121.030126, 37.798607]], [[-121.030126, 37.798607], [-121.008342, 37.79857]], [[-121.008342, 37.79857], [-120.998796, 37.798566], [-120.992299, 37.796541], [-120.989194, 37.794353], [-120.978391, 37.794195]], [[-121.008342, 37.79857], [-120.99879, 37.798465], [-120.989157, 37.794273], [-120.978391, 37.794195]], [[-120.978391, 37.794195], [-120.869504, 37.791102], [-120.865169, 37.789501], [-120.857422, 37.783291], [-120.8532, 37.777027]], [[-120.8532, 37.777027], [-120.851264, 37.772825], [-120.850175, 37.771303]], [[-120.8532, 37.777027], [-120.850175, 37.771303]], [[-120.850175, 37.771303], [-120.847041, 37.766643], [-120.844375, 37.767774]], [[-120.844375, 37.767774], [-120.82683, 37.774375], [-120.818304, 37.775853]], [[-120.844375, 37.767774], [-120.844282, 37.767769], [-120.843464, 37.768097], [-120.839938, 37.769153], [-120.826863, 37.774262], [-120.818304, 37.775853]], [[-120.818304, 37.775853], [-120.775971, 37.776616], [-120.759492, 37.780459]], [[-120.759492, 37.780459], [-120.743405, 37.784366]], [[-120.759492, 37.780459], [-120.743583, 37.784386], [-120.743405, 37.784366]], [[-120.743405, 37.784366], [-120.72881, 37.788052], [-120.719152, 37.802546], [-120.714338, 37.806492], [-120.704343, 37.804549], [-120.692821, 37.807693], [-120.67629, 37.803302], [-120.666737, 37.808118], [-120.649881, 37.820303], [-120.642227, 37.822325]], [[-120.642227, 37.822325], [-120.639938, 37.823333], [-120.638429, 37.824351], [-120.628597, 37.832651], [-120.62266, 37.841129], [-120.614066, 37.845046], [-120.602512, 37.846776], [-120.594675, 37.849867], [-120.552839, 37.845901], [-120.542312, 37.843184], [-120.528137, 37.842918]], [[-120.642227, 37.822325], [-120.629041, 37.83314], [-120.623926, 37.841359], [-120.61218, 37.846465], [-120.603006, 37.847505], [-120.59437, 37.850549], [-120.555182, 37.846996], [-120.541812, 37.843455], [-120.528137, 37.842918]], [[-120.528137, 37.842918], [-120.516232, 37.840971], [-120.507611, 37.843787], [-120.506881, 37.846731], [-120.512032, 37.85953], [-120.511498, 37.866358], [-120.506117, 37.880256], [-120.496346, 37.887647], [-120.488301, 37.891229], [-120.48503, 37.886403], [-120.478108, 37.881433], [-120.459873, 37.878008], [-120.455948, 37.880037], [-120.434335, 37.874531], [-120.424531, 37.860985], [-120.411997, 37.851831], [-120.389684, 37.849135], [-120.381491, 37.843568], [-120.378129, 37.839347], [-120.367953, 37.839539], [-120.356388, 37.832741], [-120.348099, 37.830705], [-120.316087, 37.815809], [-120.305517, 37.813684], [-120.299949, 37.814058], [-120.297619, 37.816302], [-120.307136, 37.820052], [-120.30393, 37.819169], [-120.299098, 37.820686], [-120.295515, 37.818464], [-120.29197, 37.82132], [-120.290062, 37.819467], [-120.287815, 37.821516], [-120.282854, 37.82142], [-120.284449, 37.824832], [-120.281983, 37.823345], [-120.279942, 37.823133], [-120.279129, 37.824858], [-120.277203, 37.823755], [-120.27486, 37.821841], [-120.276882, 37.820258], [-120.272226, 37.817918], [-120.272143, 37.814094], [-120.270576, 37.814228], [-120.26151, 37.822528], [-120.253287, 37.826037], [-120.241299, 37.834686], [-120.22575, 37.839988], [-120.219949, 37.835979], [-120.216206, 37.835403], [-120.206742, 37.838581], [-120.202711, 37.833831], [-120.193599, 37.82826], [-120.183995, 37.828773], [-120.157177, 37.820665], [-120.134392, 37.820126], [-120.119986, 37.813495], [-120.110457, 37.816372], [-120.098755, 37.82409], [-120.093048, 37.825513], [-120.090255, 37.824711], [-120.086904, 37.820384], [-120.076332, 37.819531], [-120.071163, 37.814824], [-120.066133, 37.813825], [-120.050235, 37.819837], [-120.038703, 37.821883], [-120.029627, 37.821135], [-120.020144, 37.825163], [-120.016412, 37.822564], [-120.009832, 37.824821], [-119.995902, 37.821101], [-119.992904, 37.823582], [-119.988189, 37.823912], [-119.983036, 37.829428], [-119.966565, 37.822709], [-119.958947, 37.821546], [-119.955608, 37.818508], [-119.951962, 37.818854], [-119.948869, 37.815787], [-119.938442, 37.816368], [-119.933434, 37.815148], [-119.921781, 37.818535], [-119.915805, 37.822285], [-119.909751, 37.815234], [-119.903025, 37.81116], [-119.900441, 37.811207], [-119.898557, 37.814114], [-119.881738, 37.813539], [-119.877012, 37.816032], [-119.872709, 37.8105]], [[-119.2579, 37.911775], [-119.25513, 37.918919], [-119.256188, 37.926175], [-119.254784, 37.928727], [-119.250032, 37.931365], [-119.248327, 37.934673], [-119.249327, 37.937731], [-119.240672, 37.940274], [-119.231852, 37.935801], [-119.224769, 37.948857], [-119.226226, 37.951428], [-119.225199, 37.952672], [-119.21372, 37.949494], [-119.200911, 37.950084], [-119.189442, 37.947876], [-119.181119, 37.940345], [-119.176709, 37.932598], [-119.169014, 37.930391], [-119.159778, 37.931233], [-119.134242, 37.940216], [-119.120792, 37.939945], [-119.113104, 37.950444]], [[-119.091004, 37.886925], [-119.052807, 37.909468], [-119.039949, 37.921213], [-119.03403, 37.924605], [-119.023664, 37.926403], [-118.996969, 37.911424], [-118.969505, 37.891364], [-118.935394, 37.879156], [-118.926462, 37.873785], [-118.920958, 37.872318], [-118.912284, 37.86486], [-118.907562, 37.86374], [-118.881982, 37.886473], [-118.854723, 37.894782], [-118.84805, 37.892797], [-118.844929, 37.895134], [-118.845033, 37.901126], [-118.822156, 37.887399], [-118.780376, 37.892195], [-118.766894, 37.890282], [-118.756941, 37.893789], [-118.737532, 37.905122], [-118.721132, 37.91125], [-118.70512, 37.921371], [-118.632262, 37.886434], [-118.610161, 37.870755], [-118.570497, 37.792706], [-118.563283, 37.790216], [-118.555996, 37.78444], [-118.543049, 37.785056], [-118.534022, 37.789079], [-118.531437, 37.794472], [-118.533773, 37.797447], [-118.533063, 37.799177], [-118.527747, 37.800515], [-118.525931, 37.807234], [-118.512011, 37.823231], [-118.506543, 37.823612], [-118.487872, 37.818486], [-118.476993, 37.818316]]]}}, {"type": "Feature", "properties": {"route_number": "SR-121"}, "geometry": {"type": "MultiLineString", "coordinates": [[[-122.449413, 38.150907], [-122.448384, 38.153013], [-122.449539, 38.156804], [-122.457431, 38.169916], [-122.453225, 38.175472], [-122.446918, 38.177395], [-122.441794, 38.187027], [-122.446688, 38.199519], [-122.455094, 38.210542], [-122.454947, 38.218333], [-122.460524, 38.2364], [-122.453646, 38.238862], [-122.445676, 38.244918], [-122.413772, 38.246685], [-122.408052, 38.251362], [-122.403401, 38.252727], [-122.39832, 38.251729], [-122.392909, 38.253471], [-122.380406, 38.250428], [-122.356956, 38.25823], [-122.337102, 38.254524], [-122.312046, 38.258872]], [[-122.312046, 38.258872], [-122.310937, 38.259008], [-122.309626, 38.258922], [-122.305042, 38.258217], [-122.302596, 38.257592]], [[-122.312046, 38.258872], [-122.302645, 38.25749]], [[-122.275274, 38.288666], [-122.275199, 38.288776]], [[-122.275274, 38.288666], [-122.275225, 38.288739], [-122.275199, 38.288776]], [[-122.27456, 38.28474], [-122.275274, 38.288666]], [[-122.275199, 38.288776], [-122.27526, 38.29779], [-122.277842, 38.304223], [-122.276082, 38.315987], [-122.272033, 38.320379], [-122.27427, 38.325705], [-122.254468, 38.343717], [-122.244943, 38.345563], [-122.243616, 38.347119], [-122.239193, 38.34673], [-122.235688, 38.349916], [-122.214045, 38.355756], [-122.207748, 38.356368], [-122.205782, 38.354343], [-122.200737, 38.355214], [-122.20259, 38.364541], [-122.201188, 38.367092], [-122.204326, 38.372738], [-122.199843, 38.379873], [-122.202184, 38.393315], [-122.205451, 38.401807], [-122.203139, 38.411499], [-122.20926, 38.423599], [-122.209963, 38.428025], [-122.205392, 38.433302], [-122.205221, 38.439571], [-122.196468, 38.445577]], [[-122.274168, 38.280475], [-122.27456, 38.28474]], [[-122.274168, 38.280475], [-122.274081, 38.280612], [-122.27456, 38.28474]], [[-122.274168, 38.280475], [-122.284934, 38.281665], [-122.292479, 38.282038], [-122.300353, 38.281948], [-122.274168, 38.280475]]]}}, {"type": "Feature", "properties": {"route_number": "SR-125"}, "geometry": {"type": "MultiLineString", "coordinates": [[[-116.950892, 32.571572], [-116.96233, 32.580315], [-116.964694, 32.583609], [-116.965876, 32.587137], [-116.966192, 32.588875], [-116.966116, 32.591313], [-116.964415, 32.60157], [-116.970456, 32.613013], [-116.971418, 32.616336], [-116.971175, 32.650014], [-116.973179, 32.656012], [-116.982026, 32.663002], [-116.983796, 32.665217], [-116.985108, 32.669252], [-116.986223, 32.677355], [-116.988656, 32.680801], [-116.994248, 32.682508], [-117.001928, 32.679984], [-117.00614, 32.680297], [-117.008593, 32.681842], [-117.011579, 32.68701], [-117.016916, 32.691653], [-117.012273, 32.698754], [-117.011113, 32.704076], [-117.0148, 32.716479], [-117.015934, 32.739894], [-117.018836, 32.746615], [-117.017727, 32.748782], [-117.003952, 32.759958], [-117.002182, 32.763484], [-117.002257, 32.77224], [-117.005965, 32.784284], [-117.006685, 32.788432], [-117.005532, 32.808647], [-117.00123, 32.817244], [-117.003403, 32.826338], [-117.003374, 32.838629]], [[-116.946484, 32.562743], [-116.950322, 32.571894], [-116.962151, 32.580653], [-116.965963, 32.587807], [-116.96398, 32.601044], [-116.971081, 32.616694], [-116.97057, 32.647162], [-116.970933, 32.651281], [-116.972522, 32.655758], [-116.983173, 32.665018], [-116.98582, 32.677557], [-116.988325, 32.681058], [-116.994485, 32.68287], [-117.001686, 32.680428], [-117.005958, 32.680622], [-117.008424, 32.682278], [-117.010964, 32.686816], [-117.015507, 32.691373], [-117.011345, 32.699818], [-117.010703, 32.703883], [-117.014357, 32.716105], [-117.015564, 32.73991], [-117.018279, 32.74668], [-117.003705, 32.759981], [-117.001944, 32.76332], [-117.001879, 32.772405], [-117.006354, 32.788413], [-117.005326, 32.8082], [-117.000874, 32.817637], [-117.00301, 32.825997], [-117.003183, 32.838675]]]}}, {"type": "Feature", "properties": {"route_number": "SR-126"}, "geometry": {"type": "MultiLineString", "coordinates": [[[-119.237704, 34.265815], [-119.234728, 34.266418], [-119.230172, 34.268557], [-119.226576, 34.269609], [-119.177171, 34.277477], [-119.09719, 34.324939], [-119.084236, 34.336479], [-119.063719, 34.348427], [-119.04996, 34.354042], [-119.042503, 34.359299], [-119.038332, 34.363564], [-119.037123, 34.364371], [-119.033913, 34.365762], [-119.021614, 34.369743], [-119.016696, 34.372513], [-119.015314, 34.373076], [-118.996427, 34.377535], [-118.96915, 34.382792], [-118.963054, 34.384622], [-118.956909, 34.391525], [-118.955623, 34.392531], [-118.953907, 34.3933], [-118.951494, 34.393645], [-118.936418, 34.393752], [-118.903368, 34.399234], [-118.902097, 34.399166], [-118.894481, 34.398037], [-118.884477, 34.395631], [-118.873688, 34.395533], [-118.856579, 34.39711], [-118.850376, 34.397302], [-118.844507, 34.398356], [-118.839747, 34.400348], [-118.836632, 34.400945], [-118.807155, 34.400945], [-118.798525, 34.403206], [-118.784723, 34.410655], [-118.78372, 34.411028], [-118.782573, 34.411169], [-118.780831, 34.410893], [-118.776906, 34.408789], [-118.771099, 34.40769], [-118.762716, 34.407402], [-118.744739, 34.405687], [-118.739218, 34.406559], [-118.736366, 34.407785], [-118.733061, 34.409725], [-118.731664, 34.410287], [-118.729972, 34.410611], [-118.728079, 34.410554], [-118.7265, 34.41017], [-118.725127, 34.409503], [-118.718409, 34.405001], [-118.707106, 34.402533], [-118.70501, 34.403201], [-118.702684, 34.404791], [-118.700881, 34.405468], [-118.683557, 34.407894], [-118.679199, 34.407971], [-118.673155, 34.410369], [-118.66846, 34.411169], [-118.660087, 34.416622], [-118.655742, 34.420991], [-118.653753, 34.422288], [-118.647442, 34.424429], [-118.641489, 34.424655], [-118.627165, 34.4289], [-118.613576, 34.438076]], [[-119.23735, 34.264901], [-119.227336, 34.269305], [-119.176838, 34.27747], [-119.097539, 34.324501], [-119.084161, 34.336281], [-119.063004, 34.348545], [-119.050206, 34.353661], [-119.042359, 34.359218], [-119.037236, 34.364219], [-119.021603, 34.369622], [-119.014953, 34.373064], [-118.969297, 34.382646], [-118.963202, 34.384465], [-118.953629, 34.393245], [-118.936348, 34.393637], [-118.903466, 34.399134], [-118.884274, 34.395479], [-118.873299, 34.395455], [-118.850225, 34.397221], [-118.844695, 34.398195], [-118.83685, 34.400805], [-118.807932, 34.400776], [-118.803288, 34.401536], [-118.798848, 34.402968], [-118.782797, 34.411033], [-118.776732, 34.408619], [-118.771179, 34.407613], [-118.744402, 34.405561], [-118.739481, 34.406357], [-118.728321, 34.410484], [-118.718123, 34.404802], [-118.707158, 34.402403], [-118.705417, 34.402872], [-118.700938, 34.405315], [-118.67938, 34.407821], [-118.668253, 34.411112], [-118.659428, 34.416963], [-118.65376, 34.422145], [-118.641553, 34.424498], [-118.626326, 34.429062], [-118.613406, 34.437934]], [[-118.61356, 34.438087], [-118.605618, 34.443297]], [[-118.61339, 34.437946], [-118.605387, 34.443181]], [[-118.583405, 34.423372], [-118.582093, 34.424067], [-118.580157, 34.424124]], [[-118.583273, 34.423128], [-118.580129, 34.423989]]]}}, {"type": "Feature", "properties": {"route_number": "SR-127"}, "geometry": {"type": "LineString", "coordinates": [[-116.073206, 35.263439], [-116.075056, 35.265479], [-116.075216, 35.277554], [-116.082755, 35.295536], [-116.084198, 35.312881], [-116.080827, 35.328467], [-116.083737, 35.343837], [-116.120606, 35.374825], [-116.126508, 35.388025], [-116.1288, 35.404948], [-116.154812, 35.440345], [-116.165391, 35.460159], [-116.166573, 35.477685], [-116.169882, 35.495138], [-116.178522, 35.526205], [-116.188322, 35.551505], [-116.249802, 35.608435], [-116.284602, 35.622615], [-116.289472, 35.627785], [-116.314004, 35.744699], [-116.31597, 35.750153], [-116.323068, 35.759222], [-116.32324, 35.767962], [-116.325502, 35.772133], [-116.326622, 35.781673], [-116.339067, 35.792124], [-116.340204, 35.79502], [-116.33161, 35.813962], [-116.321421, 35.825698], [-116.317134, 35.847087], [-116.306281, 35.861973], [-116.300342, 35.867423], [-116.267858, 35.877094], [-116.257506, 35.885339], [-116.258674, 35.899561], [-116.266317, 35.912536], [-116.26978, 35.944374], [-116.2673, 35.95885], [-116.270379, 35.96832], [-116.270869, 35.984631], [-116.273631, 35.989527], [-116.273599, 35.993979], [-116.277985, 36.002009], [-116.285673, 36.005617], [-116.294105, 36.017671], [-116.292243, 36.033023], [-116.294898, 36.043471], [-116.296085, 36.059979], [-116.29915, 36.068802], [-116.294445, 36.08095], [-116.298946, 36.107065], [-116.306521, 36.130944], [-116.311705, 36.140553], [-116.315994, 36.144678], [-116.33082, 36.179344], [-116.340046, 36.187098], [-116.366623, 36.192367], [-116.375634, 36.200543], [-116.381467, 36.20863], [-116.396554, 36.211338], [-116.423383, 36.23652], [-116.434492, 36.266167], [-116.416723, 36.298302], [-116.41403, 36.300779], [-116.423111, 36.327351], [-116.422286, 36.408509]]}}, {"type": "Feature", "properties": {"route_number": "SR-128"}, "geometry": {"type": "MultiLineString", "coordinates": [[[-123.746613, 39.197539], [-123.736933, 39.193365], [-123.732105, 39.194246], [-123.728718, 39.18897], [-123.721022, 39.188648], [-123.709399, 39.179321], [-123.704146, 39.178494], [-123.697625, 39.180502], [-123.689827, 39.177217], [-123.68172, 39.179164], [-123.675813, 39.174401], [-123.663062, 39.171563], [-123.657914, 39.163893], [-123.652776, 39.161343], [-123.648742, 39.162425], [-123.645173, 39.166383], [-123.641138, 39.166061], [-123.63664, 39.157065], [-123.63257, 39.157897], [-123.621386, 39.154976], [-123.618294, 39.156165], [-123.61384, 39.153784], [-123.606152, 39.156221], [-123.602714, 39.159364], [-123.599154, 39.157155], [-123.593547, 39.157849], [-123.592618, 39.155715], [-123.586796, 39.156581], [-123.586366, 39.15997], [-123.583765, 39.161077], [-123.579699, 39.16074], [-123.574616, 39.157401], [-123.570248, 39.160273], [-123.559222, 39.160827], [-123.550517, 39.159174], [-123.542982, 39.151605], [-123.542387, 39.144792], [-123.533925, 39.13958], [-123.53428, 39.13427], [-123.530623, 39.129426], [-123.522419, 39.126809], [-123.517319, 39.122422], [-123.513284, 39.11555], [-123.48647, 39.099127], [-123.475645, 39.088651], [-123.474101, 39.083932], [-123.459249, 39.07495], [-123.452325, 39.067577], [-123.440754, 39.065686], [-123.429534, 39.055763], [-123.4238, 39.054144], [-123.392381, 39.036124], [-123.375019, 39.019696], [-123.373488, 39.016384]], [[-123.373488, 39.016384], [-123.372457, 39.01286], [-123.371952, 39.012259]], [[-123.373488, 39.016384], [-123.371952, 39.012259]], [[-123.371952, 39.012259], [-123.367202, 39.009049], [-123.357507, 38.997961], [-123.350501, 38.983933], [-123.348617, 38.976552], [-123.345602, 38.976087], [-123.344004, 38.973779], [-123.343638, 38.965965], [-123.340419, 38.963511], [-123.340087, 38.960386], [-123.324338, 38.948395], [-123.322277, 38.945091], [-123.31538, 38.942195], [-123.299004, 38.926741], [-123.296121, 38.926101], [-123.295683, 38.923647], [-123.288054, 38.916766], [-123.276707, 38.912779], [-123.265377, 38.91431], [-123.260299, 38.913017], [-123.247713, 38.91507], [-123.241703, 38.910149], [-123.226709, 38.904569], [-123.205316, 38.892833], [-123.194112, 38.895098], [-123.159649, 38.885298], [-123.151176, 38.886349], [-123.146099, 38.885305], [-123.137139, 38.881509], [-123.133751, 38.884644], [-123.123445, 38.887059], [-123.117255, 38.883716], [-123.109927, 38.876554], [-123.0969, 38.872511], [-123.093807, 38.869847], [-123.093789, 38.86789], [-123.082165, 38.860865], [-123.076054, 38.851056], [-123.076667, 38.847042], [-123.073661, 38.847333], [-123.063747, 38.843115], [-123.061956, 38.839825], [-123.058932, 38.839148], [-123.061106, 38.842063], [-123.04518, 38.829588], [-123.024789, 38.822168], [-123.022228, 38.819162], [-123.014347, 38.82818]], [[-122.919086, 38.71361], [-122.917511, 38.714542], [-122.904166, 38.706543], [-122.892645, 38.715509], [-122.887553, 38.712543], [-122.883657, 38.713371], [-122.849367, 38.689594], [-122.83962, 38.68736], [-122.842671, 38.684393], [-122.81974, 38.666521], [-122.812977, 38.671553], [-122.783178, 38.648399], [-122.777686, 38.646438], [-122.776451, 38.64321], [-122.771702, 38.639647], [-122.767163, 38.638515], [-122.763583, 38.642174], [-122.757736, 38.639602], [-122.754071, 38.639694], [-122.752516, 38.642672], [-122.745507, 38.641509], [-122.744715, 38.644833], [-122.740415, 38.648666], [-122.736566, 38.65038], [-122.731654, 38.648829], [-122.727773, 38.651181], [-122.71033, 38.644221], [-122.685285, 38.638163], [-122.667812, 38.6291], [-122.658758, 38.617697], [-122.658174, 38.612158], [-122.651973, 38.606477], [-122.646206, 38.604464], [-122.645717, 38.602681], [-122.640172, 38.603163], [-122.632756, 38.599943], [-122.631659, 38.602629], [-122.628762, 38.602781], [-122.625675, 38.600061], [-122.618636, 38.59796], [-122.604924, 38.586412], [-122.594912, 38.580484], [-122.580527, 38.575262]], [[-122.42278, 38.458751], [-122.410352, 38.46581], [-122.398997, 38.470002], [-122.400392, 38.475502], [-122.404131, 38.479837], [-122.406112, 38.487412]], [[-122.406112, 38.487412], [-122.40596, 38.487373]], [[-122.406112, 38.487412], [-122.406074, 38.487402], [-122.40596, 38.487373]], [[-122.40596, 38.487373], [-122.391795, 38.487519], [-122.371883, 38.478949], [-122.370233, 38.481111], [-122.355793, 38.482952], [-122.353249, 38.487352], [-122.341978, 38.492643], [-122.322446, 38.489974], [-122.315167, 38.486891], [-122.309446, 38.487865], [-122.299191, 38.486746], [-122.29507, 38.491102], [-122.292638, 38.496735], [-122.296632, 38.50275], [-122.295274, 38.504597], [-122.288191, 38.502856], [-122.271463, 38.508816], [-122.257537, 38.501101], [-122.254253, 38.497358], [-122.247249, 38.494589], [-122.24452, 38.485812], [-122.238028, 38.480903], [-122.234503, 38.475411], [-122.227175, 38.471212], [-122.223403, 38.463772], [-122.204494, 38.452699], [-122.193819, 38.443061], [-122.178795, 38.43721], [-122.163505, 38.435532], [-122.156645, 38.430063], [-122.153212, 38.433298], [-122.153919, 38.437451], [-122.152102, 38.440975], [-122.152564, 38.466803], [-122.147754, 38.465814], [-122.146137, 38.469872], [-122.141873, 38.469696], [-122.14345, 38.475204], [-122.13659, 38.477236], [-122.118829, 38.502038], [-122.115044, 38.505201], [-122.111643, 38.505431], [-122.113273, 38.508034], [-122.108903, 38.511519], [-122.100555, 38.511722], [-122.097105, 38.508985], [-122.095429, 38.513244], [-122.091403, 38.516469], [-122.074316, 38.514246], [-122.056499, 38.51764], [-122.043012, 38.508488], [-122.037018, 38.49889], [-122.030149, 38.494847], [-122.022177, 38.495086], [-122.01774, 38.498364], [-122.018923, 38.505864], [-122.01741, 38.508105], [-121.952983, 38.531419]]]}}, {"type": "Feature", "properties": {"route_number": "SR-13"}, "geometry": {"type": "MultiLineString", "coordinates": [[[-122.29437, 37.849665], [-122.298926, 37.849007]], [[-122.29437, 37.849665], [-122.298503, 37.847165]], [[-122.238725, 37.855315], [-122.243854, 37.858102], [-122.250746, 37.85775], [-122.281449, 37.853209], [-122.29437, 37.849665]], [[-122.178307, 37.783657], [-122.181329, 37.788285], [-122.18141, 37.792829], [-122.185382, 37.798494], [-122.200351, 37.812895], [-122.223004, 37.839249], [-122.227391, 37.845156], [-122.228337, 37.848632], [-122.23215, 37.850394], [-122.238725, 37.855315]], [[-122.17743, 37.783992], [-122.180896, 37.787904], [-122.181013, 37.792491], [-122.18501, 37.798407], [-122.200434, 37.813277], [-122.222631, 37.838971], [-122.227319, 37.845236], [-122.228051, 37.848652], [-122.238725, 37.855315]]]}}, {"type": "Feature", "properties": {"route_number": "SR-132"}, "geometry": {"type": "MultiLineString", "coordinates": [[[-121.412675, 37.6449], [-121.406787, 37.640307], [-121.401167, 37.638628], [-121.37767, 37.637709], [-121.338155, 37.637692], [-121.324685, 37.638002]], [[-121.404648, 37.640665], [-121.399542, 37.638855], [-121.377835, 37.63795], [-121.324685, 37.638002]], [[-121.324685, 37.638002], [-121.278371, 37.638305]], [[-121.278371, 37.638305], [-121.27582, 37.638305]], [[-121.278371, 37.638305], [-121.278289, 37.63827], [-121.27582, 37.638305]], [[-121.27582, 37.638305], [-121.222348, 37.641778], [-121.210775, 37.637653], [-121.161262, 37.63784]], [[-121.161262, 37.63784], [-121.15661, 37.637834]], [[-121.161262, 37.63784], [-121.161127, 37.637777], [-121.15661, 37.637834]], [[-121.15661, 37.637834], [-121.007906, 37.638609], [-121.003568, 37.641694]], [[-121.003568, 37.641694], [-120.99437, 37.634027]], [[-121.003568, 37.641694], [-121.003476, 37.641667], [-120.99437, 37.634027]], [[-120.99437, 37.634027], [-120.989625, 37.637623]], [[-120.989625, 37.637623], [-120.989107, 37.637293], [-120.986472, 37.637281], [-120.981612, 37.638212], [-120.949296, 37.638107], [-120.909414, 37.638248]], [[-120.989625, 37.637623], [-120.985945, 37.637436], [-120.981555, 37.638298], [-120.909414, 37.638248]], [[-120.909414, 37.638248], [-120.903145, 37.638276]], [[-120.903145, 37.638276], [-120.89726, 37.638328]], [[-120.903145, 37.638276], [-120.90243, 37.638237], [-120.89726, 37.638328]], [[-120.89726, 37.638328], [-120.770512, 37.638194]], [[-120.770512, 37.638194], [-120.764139, 37.638246]], [[-120.770512, 37.638194], [-120.767143, 37.638169], [-120.764139, 37.638246]], [[-120.764139, 37.638246], [-120.710049, 37.643014], [-120.698033, 37.646734], [-120.675461, 37.646864], [-120.618101, 37.638683], [-120.614653, 37.640524], [-120.613532, 37.644312], [-120.608613, 37.645781], [-120.60151, 37.641989], [-120.591711, 37.642638], [-120.583071, 37.640011], [-120.57204, 37.640219], [-120.557104, 37.636198], [-120.548359, 37.638999], [-120.534375, 37.638408], [-120.516247, 37.633427], [-120.506073, 37.638371], [-120.492455, 37.648169], [-120.483409, 37.66112], [-120.460809, 37.663711], [-120.459487, 37.661616], [-120.424443, 37.653233], [-120.409101, 37.645446], [-120.403858, 37.645326], [-120.393455, 37.63741], [-120.38561, 37.637374], [-120.370972, 37.646821], [-120.373311, 37.664731], [-120.366973, 37.670604], [-120.364343, 37.677296], [-120.357884, 37.679446], [-120.342376, 37.67404], [-120.332698, 37.680493], [-120.330371, 37.689838], [-120.334483, 37.701961], [-120.333694, 37.708477], [-120.330663, 37.711286], [-120.320306, 37.713988], [-120.297537, 37.70173], [-120.284596, 37.699633], [-120.278422, 37.701827], [-120.271383, 37.69976], [-120.2516, 37.702086], [-120.24953, 37.706431], [-120.244784, 37.709221], [-120.235649, 37.706331], [-120.227716, 37.706015], [-120.224898, 37.71006], [-120.218976, 37.709343], [-120.216383, 37.711943], [-120.211961, 37.71321], [-120.20497, 37.711043], [-120.19995, 37.70725], [-120.197971, 37.707866], [-120.196963, 37.710366]]]}}, {"type": "Feature", "properties": {"route_number": "SR-134"}, "geometry": {"type": "MultiLineString", "coordinates": [[[-118.377375, 34.154355], [-118.372705, 34.152972], [-118.344723, 34.154166], [-118.339106, 34.153597], [-118.332706, 34.152513], [-118.319688, 34.155077], [-118.317935, 34.15515], [-118.31312, 34.154619], [-118.30541, 34.156368], [-118.302878, 34.156611], [-118.288153, 34.15536], [-118.281057, 34.152802], [-118.264238, 34.156323], [-118.245013, 34.156482], [-118.242771, 34.156107], [-118.24046, 34.155212], [-118.229887, 34.148265], [-118.222779, 34.145815], [-118.209158, 34.145308], [-118.200593, 34.147958], [-118.197798, 34.148191], [-118.195336, 34.147554], [-118.183438, 34.142038], [-118.17891, 34.141267], [-118.155618, 34.149784]], [[-118.376535, 34.153165], [-118.372025, 34.152795], [-118.354764, 34.152885], [-118.344071, 34.153975], [-118.332767, 34.152312], [-118.319535, 34.154904], [-118.312986, 34.154438], [-118.302882, 34.156419], [-118.29068, 34.1551], [-118.282965, 34.152179], [-118.2644, 34.156117], [-118.245288, 34.156299], [-118.240855, 34.155198], [-118.232213, 34.149243], [-118.227084, 34.146985], [-118.223429, 34.145817], [-118.209359, 34.145049], [-118.197606, 34.147927], [-118.183739, 34.141951], [-118.179259, 34.141092], [-118.155532, 34.14952]]]}}, {"type": "Feature", "properties": {"route_number": "SR-138"}, "geometry": {"type": "MultiLineString", "coordinates": [[[-118.799792, 34.766584], [-118.788701, 34.765732]], [[-118.795941, 34.758516], [-118.788701, 34.765732]], [[-118.788701, 34.765732], [-118.776181, 34.773741], [-118.766582, 34.773924]], [[-118.788701, 34.765732], [-118.776985, 34.77381], [-118.766582, 34.773924]], [[-118.766582, 34.773924], [-118.755328, 34.770261], [-118.738764, 34.768289], [-118.733603, 34.765031], [-118.718815, 34.764872], [-118.697029, 34.771278], [-118.677151, 34.774976], [-118.668026, 34.781453], [-118.659696, 34.783245], [-118.61839, 34.783172], [-118.607724, 34.77581], [-118.562519, 34.77455], [-118.169136, 34.776952]], [[-118.133781, 34.581387], [-118.129972, 34.579914], [-118.122843, 34.579944], [-118.118223, 34.579566], [-118.091648, 34.580149], [-118.044996, 34.580309], [-118.044995, 34.554033], [-118.028943, 34.541715]], [[-118.133779, 34.581225], [-118.129997, 34.579768], [-118.118177, 34.579429], [-118.045295, 34.579997], [-118.045224, 34.554183], [-118.028943, 34.541715]], [[-118.028943, 34.541715], [-118.02739, 34.540706]], [[-118.02739, 34.540706], [-118.014396, 34.531162], [-118.008904, 34.523311], [-118.007459, 34.522062], [-118.005466, 34.521324], [-118.002567, 34.52103], [-117.994329, 34.521058]], [[-118.02739, 34.540706], [-118.014277, 34.531239], [-118.007375, 34.522181], [-117.994329, 34.521058]], [[-117.994329, 34.521058], [-117.963, 34.521165]], [[-117.963, 34.521165], [-117.939919, 34.521072]], [[-117.963, 34.521165], [-117.940084, 34.52103], [-117.939919, 34.521072]], [[-117.939919, 34.521072], [-117.935698, 34.519459], [-117.926516, 34.50903]], [[-117.926516, 34.50903], [-117.924857, 34.507293], [-117.923536, 34.506603], [-117.921769, 34.506175], [-117.905147, 34.506458]], [[-117.926516, 34.50903], [-117.922386, 34.50651], [-117.905147, 34.506458]], [[-117.905147, 34.506458], [-117.898613, 34.506465]], [[-117.898613, 34.506465], [-117.835458, 34.506176], [-117.828262, 34.505883], [-117.818875, 34.506014], [-117.817362, 34.505805], [-117.815177, 34.504857], [-117.80729, 34.49917], [-117.800593, 34.498637]], [[-117.898613, 34.506465], [-117.828319, 34.505769], [-117.81888, 34.505898], [-117.807333, 34.499073], [-117.800593, 34.498637]], [[-117.800593, 34.498637], [-117.738713, 34.498287], [-117.646356, 34.442913]], [[-117.646356, 34.442913], [-117.639417, 34.438398]], [[-117.646356, 34.442913], [-117.642206, 34.440273], [-117.639417, 34.438398]], [[-117.639417, 34.438398], [-117.621864, 34.427535]], [[-117.621864, 34.427535], [-117.618471, 34.425865]], [[-117.621864, 34.427535], [-117.619194, 34.426268], [-117.618471, 34.425865]], [[-117.618471, 34.425865], [-117.582374, 34.408036], [-117.579075, 34.402998], [-117.580479, 34.397433], [-117.579666, 34.394237], [-117.57285, 34.385228], [-117.546569, 34.373074], [-117.539553, 34.365756]], [[-117.539553, 34.365756], [-117.538286, 34.364376]], [[-117.539553, 34.365756], [-117.53944, 34.365726], [-117.538286, 34.364376]], [[-117.538286, 34.364376], [-117.527528, 34.35248], [-117.51736, 34.327536], [-117.502733, 34.318022], [-117.480977, 34.311734], [-117.47268, 34.311942]], [[-117.47268, 34.311942], [-117.467239, 34.313254], [-117.463162, 34.318253]], [[-117.47268, 34.311942], [-117.472472, 34.311918], [-117.471344, 34.311986], [-117.469528, 34.312166], [-117.467378, 34.313034], [-117.463162, 34.318253]], [[-117.463162, 34.318253], [-117.458181, 34.323402], [-117.445269, 34.330855], [-117.432224, 34.325465], [-117.40738, 34.324347], [-117.347624, 34.313597], [-117.345174, 34.308876], [-117.338144, 34.304104], [-117.336787, 34.298695], [-117.342901, 34.291981], [-117.355425, 34.287943], [-117.356459, 34.285929], [-117.355301, 34.283884], [-117.350066, 34.282156], [-117.346309, 34.278937], [-117.336912, 34.276273], [-117.328641, 34.276019], [-117.30888, 34.271108], [-117.302651, 34.27203], [-117.288856, 34.269959], [-117.287016, 34.264301], [-117.289937, 34.267087], [-117.292065, 34.266426], [-117.292203, 34.264458], [-117.289307, 34.264245], [-117.28911, 34.26142], [-117.286324, 34.259883], [-117.287732, 34.258484], [-117.293902, 34.25836], [-117.296701, 34.261089], [-117.304627, 34.25916], [-117.302764, 34.25696], [-117.302678, 34.248756], [-117.297728, 34.245951], [-117.296464, 34.242666], [-117.294492, 34.243291], [-117.291564, 34.239277], [-117.29175, 34.23759], [-117.29505, 34.236502], [-117.29202, 34.236731], [-117.290175, 34.234452], [-117.291476, 34.232529], [-117.290279, 34.22816]]]}}, {"type": "Feature", "properties": {"route_number": "SR-139"}, "geometry": {"type": "MultiLineString", "coordinates": [[[-120.878711, 41.437937], [-120.903774, 41.458552], [-120.914471, 41.461083], [-120.934262, 41.470832], [-120.955028, 41.47813], [-120.968085, 41.487283], [-120.968681, 41.495208], [-120.972237, 41.498278], [-121.14449, 41.532524], [-121.149216, 41.534918], [-121.160513, 41.550246], [-121.1891, 41.580271], [-121.280227, 41.701273], [-121.281928, 41.709196], [-121.293787, 41.721368], [-121.302038, 41.749396], [-121.30675, 41.837193], [-121.309557, 41.843504], [-121.331456, 41.859218], [-121.434017, 41.921441], [-121.519524, 41.998275]], [[-120.648937, 40.415499], [-120.64554, 40.423292], [-120.631584, 40.437263], [-120.62239, 40.450184], [-120.616092, 40.467182], [-120.610705, 40.468163], [-120.607841, 40.465857], [-120.604138, 40.465776], [-120.60035, 40.461788], [-120.586982, 40.455752], [-120.581757, 40.45739], [-120.57635, 40.463214], [-120.568972, 40.462979], [-120.560087, 40.472708], [-120.545705, 40.479675], [-120.544516, 40.482553], [-120.556101, 40.49112], [-120.563032, 40.499844], [-120.569369, 40.504232], [-120.577827, 40.515272], [-120.622524, 40.541651], [-120.638169, 40.558929], [-120.642192, 40.567771], [-120.641936, 40.576007], [-120.639381, 40.581268], [-120.643844, 40.593596], [-120.641536, 40.605297], [-120.643411, 40.610289], [-120.642617, 40.62775], [-120.657248, 40.640593], [-120.656459, 40.64527], [-120.658605, 40.654848], [-120.656641, 40.658799], [-120.657568, 40.676319], [-120.660825, 40.67972], [-120.663115, 40.68881], [-120.670705, 40.696223], [-120.67669, 40.715807], [-120.687239, 40.72208], [-120.698782, 40.731564], [-120.705506, 40.734236], [-120.712138, 40.74162], [-120.722346, 40.762951], [-120.726128, 40.767771], [-120.726976, 40.782295], [-120.725019, 40.796609], [-120.726783, 40.801731], [-120.741358, 40.826384], [-120.750599, 40.83575], [-120.751378, 40.842929], [-120.759507, 40.855188], [-120.759536, 40.867418], [-120.747117, 40.908653], [-120.748862, 40.917471], [-120.748267, 40.924503], [-120.777717, 40.957539], [-120.778551, 40.961874], [-120.774912, 40.969662], [-120.778523, 40.975337], [-120.79079, 40.980683], [-120.799297, 40.987249], [-120.807342, 40.995653], [-120.812352, 41.005244], [-120.822454, 41.013032], [-120.830296, 41.0125], [-120.838277, 41.01766], [-120.846898, 41.017552], [-120.851545, 41.019395], [-120.854216, 41.025258], [-120.854529, 41.03363], [-120.888849, 41.074315], [-120.908956, 41.08843], [-120.913182, 41.093175], [-120.91856, 41.104072], [-120.9319, 41.148509], [-120.942543, 41.159079], [-120.942713, 41.179012], [-120.945505, 41.187053]]]}}, {"type": "Feature", "properties": {"route_number": "SR-14"}, "geometry": {"type": "MultiLineString", "coordinates": [[[-118.508325, 34.333762], [-118.508227, 34.336372], [-118.503994, 34.347826], [-118.506475, 34.356505], [-118.50654, 34.359369], [-118.505426, 34.362137], [-118.499563, 34.372345], [-118.48739, 34.383235], [-118.478024, 34.38962], [-118.44871, 34.406356], [-118.444812, 34.41422], [-118.442298, 34.416618], [-118.418585, 34.427529], [-118.416929, 34.42785], [-118.40878, 34.427736], [-118.405789, 34.428187], [-118.391955, 34.433782], [-118.390004, 34.434063], [-118.384665, 34.433882], [-118.371692, 34.437742], [-118.362791, 34.445482], [-118.35251, 34.451346], [-118.349322, 34.456792], [-118.344022, 34.460268], [-118.341919, 34.463613], [-118.340171, 34.46521], [-118.338486, 34.465961], [-118.336824, 34.466298], [-118.324386, 34.467265], [-118.322821, 34.468017], [-118.319426, 34.470671], [-118.317696, 34.471646], [-118.31153, 34.472923], [-118.297707, 34.479654], [-118.290073, 34.481179], [-118.287224, 34.484093], [-118.286739, 34.488603], [-118.286165, 34.489902], [-118.285419, 34.490956], [-118.283128, 34.49244], [-118.271463, 34.497109], [-118.260289, 34.498805], [-118.252954, 34.504447], [-118.251008, 34.505186], [-118.248867, 34.505411], [-118.223861, 34.499732], [-118.204926, 34.491675], [-118.188198, 34.493578], [-118.179953, 34.492539], [-118.172822, 34.493569], [-118.156208, 34.48596], [-118.14429, 34.485945], [-118.136231, 34.490071], [-118.127241, 34.492914], [-118.119388, 34.501735], [-118.114575, 34.505823], [-118.110969, 34.51149], [-118.110968, 34.521123], [-118.113429, 34.527133], [-118.114393, 34.531902], [-118.129969, 34.546497], [-118.131005, 34.548036], [-118.131655, 34.54961], [-118.133613, 34.568092], [-118.134746, 34.594451], [-118.150863, 34.607756], [-118.153156, 34.611217], [-118.153505, 34.613197], [-118.15381, 34.668708], [-118.168054, 34.685883], [-118.16942, 34.688244], [-118.170093, 34.69069], [-118.171116, 34.806002], [-118.170374, 34.8301], [-118.172248, 34.856884], [-118.171551, 34.872177], [-118.166779, 34.880126], [-118.159181, 34.98206], [-118.160911, 35.008772], [-118.169576, 35.035775], [-118.178222, 35.066526]], [[-118.507394, 34.3336], [-118.507806, 34.336479], [-118.503773, 34.347939], [-118.506332, 34.359118], [-118.499073, 34.372578], [-118.477426, 34.389719], [-118.448935, 34.405867], [-118.44253, 34.416203], [-118.41865, 34.427398], [-118.409359, 34.427597], [-118.404923, 34.428243], [-118.391978, 34.433596], [-118.384792, 34.433703], [-118.371268, 34.437808], [-118.362601, 34.44544], [-118.352479, 34.45121], [-118.349201, 34.456647], [-118.343982, 34.460101], [-118.340234, 34.465039], [-118.324626, 34.466982], [-118.322593, 34.467991], [-118.317935, 34.471427], [-118.311677, 34.472738], [-118.297561, 34.479538], [-118.289941, 34.481093], [-118.287011, 34.484219], [-118.285725, 34.490353], [-118.283019, 34.492342], [-118.27137, 34.496889], [-118.259819, 34.498747], [-118.252705, 34.504336], [-118.24902, 34.50517], [-118.224181, 34.499572], [-118.204837, 34.491207], [-118.188543, 34.49311], [-118.179989, 34.492125], [-118.172656, 34.493115], [-118.156748, 34.485625], [-118.144206, 34.485498], [-118.127263, 34.492692], [-118.114276, 34.505908], [-118.110748, 34.511417], [-118.110791, 34.521152], [-118.114223, 34.531986], [-118.13136, 34.549299], [-118.134559, 34.594638], [-118.152853, 34.611192], [-118.153506, 34.668752], [-118.155664, 34.672946], [-118.167886, 34.686152], [-118.169739, 34.69065], [-118.169975, 34.829377], [-118.171652, 34.862227], [-118.171043, 34.872646], [-118.166431, 34.879785], [-118.158793, 34.982069], [-118.160758, 35.009305], [-118.178222, 35.066526]], [[-118.505248, 34.333763], [-118.504698, 34.334342]], [[-118.504698, 34.334342], [-118.504024, 34.335036], [-118.503682, 34.335809], [-118.503704, 34.336611], [-118.504077, 34.33726], [-118.504698, 34.334342]], [[-118.504012, 34.368004], [-118.499353, 34.373393], [-118.493553, 34.379066], [-118.489246, 34.389332], [-118.487346, 34.39304], [-118.486381, 34.394344], [-118.484538, 34.395955], [-118.482248, 34.397218], [-118.480404, 34.397848], [-118.476041, 34.398812]], [[-118.503913, 34.367889], [-118.49353, 34.378877], [-118.485998, 34.394513], [-118.475964, 34.398664]], [[-118.178222, 35.066526], [-118.149144, 35.09298], [-118.05506, 35.213724], [-118.034765, 35.267839], [-118.032738, 35.271277], [-118.02977, 35.274456]], [[-118.178222, 35.066526], [-118.1781, 35.066512], [-118.177262, 35.066819], [-118.176142, 35.067693], [-118.149077, 35.092609], [-118.054579, 35.213708], [-118.034405, 35.267678], [-118.029388, 35.274288]], [[-118.029759, 35.274467], [-118.020577, 35.284094], [-117.982331, 35.316855], [-117.980959, 35.319134], [-117.972831, 35.339347], [-117.97091, 35.343072], [-117.970877, 35.344907], [-117.972275, 35.347488], [-117.972726, 35.350965], [-117.974166, 35.352928], [-117.977621, 35.35875], [-117.981028, 35.362047], [-117.981962, 35.363836], [-117.981611, 35.374536], [-117.980737, 35.37859], [-117.98126, 35.380104], [-117.983895, 35.383203], [-117.98471, 35.384905], [-117.985487, 35.397001], [-117.985103, 35.400898], [-117.978881, 35.42106], [-117.97886, 35.434855], [-117.97529, 35.442434]], [[-118.029377, 35.2743], [-118.02088, 35.283318], [-117.982271, 35.316782], [-117.981112, 35.318525], [-117.970838, 35.342957], [-117.970752, 35.34477], [-117.972518, 35.350757], [-117.977657, 35.358923], [-117.981798, 35.363836], [-117.980587, 35.378549], [-117.98109, 35.380093], [-117.984558, 35.384888], [-117.985352, 35.397436], [-117.978638, 35.420213], [-117.978495, 35.434604], [-117.97529, 35.442434]], [[-117.97529, 35.442434], [-117.93994, 35.520706]], [[-117.93994, 35.520706], [-117.933963, 35.533966]], [[-117.93994, 35.520706], [-117.936779, 35.52788], [-117.933963, 35.533966]], [[-117.933963, 35.533966], [-117.898842, 35.609815]], [[-117.898842, 35.609815], [-117.881077, 35.643468], [-117.867093, 35.679423], [-117.86732, 35.694517]], [[-117.898842, 35.609815], [-117.881569, 35.643367], [-117.867617, 35.679467], [-117.867953, 35.694551]]]}}, {"type": "Feature", "properties": {"route_number": "SR-140"}, "geometry": {"type": "MultiLineString", "coordinates": [[[-121.088905, 37.246192], [-121.012832, 37.245807]], [[-121.012832, 37.245822], [-121.012715, 37.248237]], [[-121.012715, 37.248237], [-121.011748, 37.251722]], [[-121.012715, 37.248237], [-121.012591, 37.250273], [-121.011748, 37.251722]], [[-121.011748, 37.251722], [-120.997349, 37.253806], [-120.999762, 37.260156], [-120.967089, 37.261066], [-120.932232, 37.308609], [-120.914706, 37.313466], [-120.808964, 37.313359], [-120.798354, 37.309898], [-120.785557, 37.309172], [-120.756037, 37.30132], [-120.706036, 37.29882], [-120.648237, 37.302516], [-120.500587, 37.303163]], [[-120.468129, 37.294874], [-120.455518, 37.295206]], [[-120.455518, 37.295206], [-120.45261, 37.295195]], [[-120.455518, 37.295206], [-120.455386, 37.295123], [-120.45261, 37.295195]], [[-120.45261, 37.295195], [-120.325343, 37.295399]], [[-120.325343, 37.295399], [-120.318458, 37.296436]], [[-120.325343, 37.295399], [-120.321846, 37.295347], [-120.321121, 37.295429], [-120.318458, 37.296436]], [[-120.318458, 37.296436], [-120.19795, 37.351668]], [[-120.19795, 37.351668], [-120.195533, 37.353166], [-120.192677, 37.355709], [-120.187989, 37.358611], [-120.181926, 37.359704]], [[-120.19795, 37.351668], [-120.192735, 37.355768], [-120.188006, 37.358671], [-120.181926, 37.359704]], [[-120.181926, 37.359704], [-120.178879, 37.360746], [-120.173842, 37.369507], [-120.168872, 37.373481], [-120.167504, 37.377244], [-120.161829, 37.380417], [-120.146928, 37.395084], [-120.137537, 37.398334], [-120.102481, 37.429067], [-120.073577, 37.446399], [-120.069649, 37.460124], [-120.074897, 37.467322], [-120.075474, 37.475043], [-120.06534, 37.479004], [-120.05884, 37.477816]], [[-120.05884, 37.477816], [-120.057061, 37.477143], [-120.054847, 37.476327], [-120.052813, 37.475806], [-120.040928, 37.475779]], [[-120.05884, 37.477816], [-120.052792, 37.475889], [-120.040928, 37.475779]], [[-120.040928, 37.475779], [-120.023891, 37.481954], [-120.012915, 37.480081], [-119.997368, 37.486417], [-119.984658, 37.479154], [-119.975517, 37.477715], [-119.969769, 37.472074], [-119.964415, 37.471279], [-119.960119, 37.475756], [-119.966515, 37.486088]], [[-119.971551, 37.490943], [-119.973556, 37.494735], [-119.973304, 37.499995], [-119.968438, 37.501656], [-119.965932, 37.505597], [-119.966487, 37.508003], [-119.96284, 37.512327], [-119.956309, 37.517716], [-119.942487, 37.520608]], [[-119.966515, 37.486088], [-119.97046, 37.489608], [-119.971373, 37.490556], [-119.971551, 37.490943]], [[-119.966515, 37.486088], [-119.971551, 37.490943]], [[-119.942487, 37.520608], [-119.93507, 37.521167]], [[-119.942487, 37.520608], [-119.938472, 37.521619], [-119.93507, 37.521167]], [[-119.93507, 37.521167], [-119.919876, 37.525226], [-119.91806, 37.528578], [-119.920194, 37.531831], [-119.919853, 37.537022], [-119.917622, 37.541175], [-119.926364, 37.553948], [-119.931918, 37.556904], [-119.941413, 37.565593], [-119.942789, 37.572949], [-119.959719, 37.581453], [-119.962092, 37.58543], [-119.964414, 37.58624], [-119.965328, 37.591385], [-119.957563, 37.596181], [-119.959212, 37.599329], [-119.963215, 37.601116], [-119.966101, 37.605], [-119.957629, 37.612353], [-119.957278, 37.617399], [-119.95454, 37.622409], [-119.945889, 37.630594], [-119.936697, 37.632024], [-119.931776, 37.638008], [-119.926783, 37.639732], [-119.915787, 37.651102], [-119.915061, 37.653955], [-119.917991, 37.661017], [-119.924699, 37.665459], [-119.924132, 37.667356], [-119.910441, 37.671623], [-119.907307, 37.669298], [-119.901943, 37.669416], [-119.899454, 37.655997], [-119.896952, 37.655161], [-119.893577, 37.65684], [-119.892555, 37.654376], [-119.889424, 37.653569], [-119.880874, 37.656696], [-119.875588, 37.659934], [-119.874542, 37.662409], [-119.868963, 37.663981], [-119.859081, 37.659362], [-119.844083, 37.661763], [-119.833468, 37.673906], [-119.828198, 37.670614], [-119.817404, 37.668988], [-119.807439, 37.665145], [-119.805678, 37.666028], [-119.805336, 37.669943], [-119.760234, 37.67922]]]}}, {"type": "Feature", "properties": {"route_number": "SR-142"}, "geometry": {"type": "MultiLineString", "coordinates": [[[-117.852405, 33.909766], [-117.847804, 33.918999]], [[-117.852294, 33.90967], [-117.847804, 33.918999]], [[-117.847804, 33.918999], [-117.847652, 33.92412], [-117.823512, 33.919825], [-117.798172, 33.928755], [-117.79241, 33.934685], [-117.791313, 33.938373], [-117.777887, 33.948238], [-117.772662, 33.955651], [-117.760529, 33.964172], [-117.759558, 33.966906], [-117.752593, 33.966919], [-117.750026, 33.968995], [-117.74107, 33.981146]], [[-117.74107, 33.981146], [-117.733415, 33.98255]], [[-117.74107, 33.981146], [-117.738258, 33.980699], [-117.733415, 33.98255]], [[-117.733415, 33.98255], [-117.728885, 33.982586]], [[-117.728885, 33.982586], [-117.724693, 33.983415], [-117.722393, 33.983311], [-117.720081, 33.982657], [-117.715129, 33.98262]], [[-117.728885, 33.982586], [-117.728685, 33.982558], [-117.724643, 33.983331], [-117.720062, 33.982564], [-117.715129, 33.98262]], [[-117.715129, 33.98262], [-117.708909, 33.982656]]]}}, {"type": "Feature", "properties": {"route_number": "SR-145"}, "geometry": {"type": "MultiLineString", "coordinates": [[[-120.269192, 36.294329], [-120.193935, 36.356539], [-120.179051, 36.371406], [-120.157037, 36.385937], [-120.108998, 36.424884], [-120.106445, 36.428877], [-120.103099, 36.429657], [-120.103193, 36.474025], [-120.098336, 36.486694], [-120.097576, 36.559688], [-120.061473, 36.589142], [-120.060536, 36.705608]], [[-120.060542, 36.961265], [-120.054294, 36.965434]], [[-120.060542, 36.961265], [-120.054503, 36.965352], [-120.054294, 36.965434]], [[-120.056017, 36.956882], [-120.060542, 36.961265]], [[-120.056017, 36.956882], [-120.059584, 36.960402], [-120.060542, 36.961265]], [[-120.060536, 36.705608], [-120.060531, 36.705975]], [[-120.060536, 36.705608], [-120.060741, 36.705808], [-120.060531, 36.705975]], [[-120.060531, 36.705975], [-120.060359, 36.719333]], [[-120.060359, 36.719333], [-120.060137, 36.736699]], [[-120.060359, 36.719333], [-120.060593, 36.720818], [-120.060137, 36.736699]], [[-120.060137, 36.736699], [-120.060583, 36.812125], [-120.056193, 36.818091], [-120.056044, 36.89004], [-120.053736, 36.895757], [-120.055955, 36.901533], [-120.056059, 36.908054]], [[-120.056111, 36.954903], [-120.056017, 36.956882]], [[-120.056111, 36.954903], [-120.056099, 36.956758], [-120.056017, 36.956882]], [[-120.05602, 36.938351], [-120.056111, 36.954903]], [[-120.056059, 36.908071], [-120.056049, 36.933972]], [[-120.056049, 36.933972], [-120.05602, 36.938351]], [[-120.056049, 36.933972], [-120.056072, 36.935738], [-120.05602, 36.938351]], [[-120.054294, 36.965434], [-120.026605, 36.982862], [-120.002297, 36.994263], [-119.988815, 36.995986], [-119.958797, 37.003835], [-119.943869, 37.010014], [-119.794869, 37.010497]], [[-119.794869, 37.010497], [-119.794127, 37.010528], [-119.79394, 37.010479], [-119.794763, 37.010446], [-119.794869, 37.010497]]]}}, {"type": "Feature", "properties": {"route_number": "SR-146"}, "geometry": {"type": "MultiLineString", "coordinates": [[[-121.309787, 36.425678], [-121.287223, 36.423137], [-121.27808, 36.415938], [-121.266413, 36.415903], [-121.263873, 36.414018], [-121.253347, 36.416331], [-121.241011, 36.423172], [-121.230808, 36.425255], [-121.228658, 36.427327], [-121.227867, 36.434402], [-121.222112, 36.441694], [-121.226986, 36.448095], [-121.222317, 36.455225], [-121.221063, 36.46384], [-121.22255, 36.471269], [-121.225352, 36.473674]], [[-121.13699, 36.517727], [-121.137077, 36.518041]]]}}, {"type": "Feature", "properties": {"route_number": "SR-150"}, "geometry": {"type": "MultiLineString", "coordinates": [[[-119.484632, 34.38378], [-119.472945, 34.384545], [-119.45409, 34.395992]], [[-119.45409, 34.395992], [-119.453886, 34.396027]], [[-119.45409, 34.395992], [-119.453889, 34.396027], [-119.453886, 34.396027]], [[-119.453886, 34.396027], [-119.446269, 34.395508], [-119.440989, 34.392792], [-119.424138, 34.393365], [-119.420258, 34.390553], [-119.415998, 34.39069], [-119.413614, 34.388458], [-119.415223, 34.385769], [-119.411041, 34.385163], [-119.405664, 34.38147], [-119.389163, 34.385809], [-119.389768, 34.383769], [-119.38702, 34.38377], [-119.381084, 34.386269], [-119.379323, 34.389068], [-119.373153, 34.387109], [-119.365491, 34.387326], [-119.361568, 34.384623], [-119.359856, 34.385948], [-119.360187, 34.389501], [-119.35407, 34.393381], [-119.353634, 34.395177], [-119.370116, 34.407224], [-119.368608, 34.409284], [-119.360593, 34.412035]], [[-119.360593, 34.412035], [-119.360578, 34.412056], [-119.360401, 34.412346]], [[-119.360593, 34.412035], [-119.360401, 34.412346]], [[-119.360401, 34.412346], [-119.358235, 34.416877], [-119.35116, 34.41992], [-119.335082, 34.418514], [-119.324223, 34.427003], [-119.319697, 34.427439], [-119.306483, 34.424651]], [[-119.306483, 34.424651], [-119.297983, 34.42571], [-119.294526, 34.428842], [-119.293032, 34.429642], [-119.292147, 34.429999], [-119.291107, 34.43021], [-119.289173, 34.43016], [-119.288391, 34.429895]], [[-119.306483, 34.424651], [-119.306344, 34.424607], [-119.304774, 34.424698], [-119.29799, 34.425626], [-119.292607, 34.42974], [-119.288391, 34.429895]], [[-119.288391, 34.429895], [-119.280033, 34.432308], [-119.26638, 34.432226]], [[-119.26638, 34.432226], [-119.26619, 34.432261], [-119.26617, 34.432266]], [[-119.26638, 34.432226], [-119.26617, 34.432266]], [[-119.26617, 34.432266], [-119.26065, 34.441602]], [[-119.26065, 34.441602], [-119.260455, 34.441698]], [[-119.26065, 34.441602], [-119.260465, 34.441695], [-119.260455, 34.441698]], [[-119.260455, 34.441698], [-119.253774, 34.444503]], [[-119.253774, 34.444503], [-119.252355, 34.445098], [-119.249199, 34.447486], [-119.234609, 34.44853]], [[-119.253774, 34.444503], [-119.249256, 34.447549], [-119.234609, 34.44853]], [[-119.234609, 34.44853], [-119.223346, 34.449081], [-119.199966, 34.44511], [-119.201764, 34.443329], [-119.197525, 34.442001], [-119.197651, 34.440858], [-119.199583, 34.438991], [-119.202832, 34.438971], [-119.199601, 34.432633], [-119.169441, 34.437817], [-119.161277, 34.436373], [-119.15352, 34.438448], [-119.132604, 34.4363], [-119.130398, 34.43456], [-119.126147, 34.434495], [-119.123021, 34.429945], [-119.111035, 34.426955], [-119.091163, 34.427493], [-119.085985, 34.42341]], [[-119.085985, 34.42341], [-119.085979, 34.423385], [-119.085949, 34.423319]], [[-119.085985, 34.42341], [-119.085949, 34.423319]], [[-119.085949, 34.423319], [-119.083028, 34.406361], [-119.066272, 34.375918]], [[-119.066272, 34.375918], [-119.066262, 34.375893], [-119.066078, 34.37546]], [[-119.066272, 34.375918], [-119.066078, 34.37546]], [[-119.066078, 34.37546], [-119.062015, 34.364828], [-119.061614, 34.357466], [-119.058208, 34.350045]]]}}, {"type": "Feature", "properties": {"route_number": "SR-152"}, "geometry": {"type": "MultiLineString", "coordinates": [[[-121.790458, 36.920698], [-121.783822, 36.918706]], [[-121.790305, 36.919681], [-121.783886, 36.918545]], [[-121.783869, 36.918542], [-121.763871, 36.915182], [-121.761486, 36.915139]], [[-121.783805, 36.918703], [-121.761486, 36.915139]], [[-121.761486, 36.915139], [-121.7584, 36.9116]], [[-121.7584, 36.9116], [-121.753736, 36.915021]], [[-121.7584, 36.9116], [-121.756893, 36.910247], [-121.752214, 36.913662], [-121.753736, 36.915021]], [[-121.753736, 36.915021], [-121.747983, 36.919251]], [[-121.747983, 36.919251], [-121.747901, 36.91941], [-121.747896, 36.919424]], [[-121.747983, 36.919251], [-121.747896, 36.919424]], [[-121.747896, 36.919424], [-121.747716, 36.919986]], [[-121.747716, 36.919986], [-121.746446, 36.923955]], [[-121.747716, 36.919986], [-121.747622, 36.920479], [-121.746446, 36.923955]], [[-121.746446, 36.923955], [-121.742545, 36.938468], [-121.722236, 36.961048], [-121.721603, 36.96696], [-121.719447, 36.968238], [-121.721228, 36.97213], [-121.719535, 36.975452], [-121.714681, 36.975078], [-121.71496, 36.976533], [-121.710894, 36.97886], [-121.718039, 36.980899], [-121.713465, 36.984563], [-121.718461, 36.985359], [-121.713245, 36.990437], [-121.716272, 36.990276], [-121.717953, 36.995552], [-121.714609, 36.997328], [-121.71444, 36.994901], [-121.707236, 36.994815], [-121.706293, 36.992301], [-121.696627, 36.989601], [-121.689396, 36.992269], [-121.68456, 37.002705], [-121.681373, 37.003905], [-121.672883, 37.003245], [-121.660489, 37.01188], [-121.653505, 37.013416], [-121.638763, 37.013535], [-121.629213, 37.011735]], [[-121.629213, 37.011735], [-121.626259, 37.011664]], [[-121.629213, 37.011735], [-121.628464, 37.011602], [-121.626259, 37.011664]], [[-121.626259, 37.011664], [-121.618126, 37.011896]], [[-121.618126, 37.011896], [-121.61767, 37.011862]], [[-121.618126, 37.011896], [-121.617901, 37.011705], [-121.61767, 37.011862]], [[-121.61767, 37.011862], [-121.593797, 37.013546]], [[-121.593797, 37.013546], [-121.592523, 37.013705], [-121.588003, 37.013655], [-121.57841, 37.013464], [-121.576883, 37.013318]], [[-121.593797, 37.013546], [-121.576883, 37.013318]], [[-121.576883, 37.013318], [-121.57237, 37.014676]], [[-121.574792, 37.019409], [-121.566737, 37.02248]], [[-121.57237, 37.014676], [-121.573623, 37.016885], [-121.574792, 37.019409]], [[-121.57237, 37.014676], [-121.574792, 37.019409]], [[-121.574792, 37.019409], [-121.574632, 37.019376], [-121.574063, 37.019535], [-121.566657, 37.022333]], [[-121.556508, 37.003051], [-121.554794, 37.003507]], [[-121.554794, 37.003507], [-121.532253, 37.00197]], [[-121.554794, 37.003507], [-121.548346, 37.004113], [-121.532253, 37.00197]], [[-121.532253, 37.00197], [-121.524093, 36.999455], [-121.515374, 37.009863], [-121.494363, 36.990085], [-121.485213, 36.986215], [-121.466778, 36.983235], [-121.458669, 36.9875], [-121.449723, 36.989015], [-121.440703, 36.984115], [-121.433747, 36.973325], [-121.421738, 36.971841]], [[-121.421738, 36.971841], [-121.418376, 36.970968]], [[-121.421738, 36.971841], [-121.419054, 36.971216], [-121.418376, 36.970968]], [[-121.418376, 36.970968], [-121.401941, 36.960953], [-121.386126, 36.9676]], [[-121.386126, 36.9676], [-121.384762, 36.968046], [-121.383692, 36.968573], [-121.382497, 36.969833], [-121.381013, 36.977325], [-121.381313, 36.979365], [-121.384366, 36.985458], [-121.384347, 36.988189], [-121.378363, 36.996125], [-121.374841, 36.998714], [-121.368963, 37.004475], [-121.366683, 37.005895], [-121.340277, 37.013927], [-121.329093, 37.022845], [-121.328023, 37.024475], [-121.327033, 37.028405], [-121.323253, 37.032425], [-121.30684, 37.037444], [-121.300604, 37.038543], [-121.296314, 37.038116], [-121.29535, 37.038188], [-121.293915, 37.038594], [-121.292428, 37.039684], [-121.289258, 37.044215], [-121.284143, 37.046915], [-121.272163, 37.044942], [-121.271, 37.045019], [-121.268413, 37.045475], [-121.263228, 37.044629], [-121.262253, 37.044725], [-121.261293, 37.045025], [-121.260013, 37.045905], [-121.257083, 37.049815], [-121.253603, 37.052445], [-121.248153, 37.053885], [-121.226573, 37.064515], [-121.213503, 37.067905], [-121.211968, 37.069298], [-121.208221, 37.076106], [-121.198592, 37.077766], [-121.197212, 37.078624], [-121.191601, 37.084072], [-121.182486, 37.084656], [-121.173326, 37.087005], [-121.165866, 37.086424], [-121.162216, 37.086973], [-121.159197, 37.088723], [-121.152226, 37.096554], [-121.131077, 37.10465], [-121.123143, 37.101385], [-121.120657, 37.095807], [-121.116751, 37.090148], [-121.115381, 37.089016], [-121.110873, 37.086275], [-121.100722, 37.083475], [-121.0943, 37.082318], [-121.054186, 37.059074], [-121.051215, 37.058262], [-121.040652, 37.056847], [-120.935657, 37.056432], [-120.820394, 37.057032], [-120.806385, 37.055908], [-120.787539, 37.055569], [-120.700262, 37.054109], [-120.649201, 37.053993], [-120.635218, 37.050303], [-120.621677, 37.047705], [-120.595341, 37.047587], [-120.552744, 37.054249], [-120.547926, 37.056892], [-120.538261, 37.06623], [-120.525185, 37.070304], [-120.50455, 37.078742]], [[-121.386126, 36.9676], [-121.383053, 36.969835], [-121.381253, 36.977355], [-121.384613, 36.985471], [-121.384603, 36.988243], [-121.378398, 36.996412], [-121.369313, 37.004455], [-121.366802, 37.006054], [-121.340573, 37.014035], [-121.329153, 37.023035], [-121.327133, 37.028655], [-121.323367, 37.032615], [-121.307916, 37.037345], [-121.300331, 37.038679], [-121.294785, 37.03842], [-121.289278, 37.044316], [-121.28459, 37.046914], [-121.282116, 37.047126], [-121.276834, 37.046454], [-121.272142, 37.045043], [-121.267954, 37.045594], [-121.261464, 37.045043], [-121.257414, 37.049611], [-121.253866, 37.052423], [-121.22575, 37.064998], [-121.213523, 37.068135], [-121.20836, 37.076267], [-121.198721, 37.077919], [-121.191701, 37.084238], [-121.17335, 37.087207], [-121.162324, 37.087131], [-121.152181, 37.096811], [-121.131102, 37.10483], [-121.123187, 37.101669], [-121.116594, 37.090246], [-121.110761, 37.086412], [-121.09404, 37.082419], [-121.054099, 37.059232], [-121.04063, 37.057038], [-120.820412, 37.057118], [-120.651353, 37.054444], [-120.645495, 37.053798], [-120.622367, 37.048075], [-120.597021, 37.048063], [-120.553895, 37.054481], [-120.548366, 37.05728], [-120.537876, 37.066772], [-120.504505, 37.079049]], [[-120.504534, 37.078749], [-120.488984, 37.083563], [-120.360942, 37.083197], [-120.210202, 37.083731]], [[-120.504488, 37.079055], [-120.48896, 37.083712], [-120.209997, 37.084349]]]}}, {"type": "Feature", "properties": {"route_number": "SR-154"}, "geometry": {"type": "MultiLineString", "coordinates": [[[-120.15834, 34.687985], [-120.15525, 34.686601], [-120.156214, 34.682933], [-120.154926, 34.681166], [-120.140516, 34.681626], [-120.13028, 34.67475], [-120.124912, 34.668714], [-120.113057, 34.667361], [-120.105969, 34.662377], [-120.07683, 34.628875], [-120.054893, 34.610262]], [[-120.054893, 34.610262], [-120.054632, 34.610058]], [[-120.054893, 34.610262], [-120.054865, 34.610055], [-120.054632, 34.610058]], [[-120.054632, 34.610058], [-120.029893, 34.588641], [-120.01702, 34.58833], [-119.994751, 34.584927], [-119.98701, 34.579503], [-119.964276, 34.572587], [-119.956441, 34.573099], [-119.951628, 34.567836], [-119.943796, 34.56779], [-119.934215, 34.56369], [-119.920369, 34.561517], [-119.912313, 34.55736], [-119.910342, 34.551665], [-119.908172, 34.549914], [-119.894787, 34.547155], [-119.884819, 34.546919], [-119.866324, 34.541502], [-119.860193, 34.534598], [-119.855243, 34.532674], [-119.84539, 34.532079], [-119.837294, 34.528152], [-119.83134, 34.523011]], [[-119.83134, 34.523011], [-119.829551, 34.520624], [-119.829262, 34.517267], [-119.828722, 34.516126], [-119.827857, 34.515458], [-119.825158, 34.51416], [-119.824161, 34.511038], [-119.822947, 34.509667], [-119.822012, 34.5091], [-119.818983, 34.507849]], [[-119.83134, 34.523011], [-119.830108, 34.521798], [-119.829297, 34.520252], [-119.828639, 34.516184], [-119.8251, 34.514219], [-119.823287, 34.510096], [-119.818983, 34.507849]], [[-119.818983, 34.507849], [-119.811703, 34.504283], [-119.803561, 34.503394], [-119.801084, 34.500983], [-119.800254, 34.495015], [-119.791974, 34.487373], [-119.789468, 34.486883], [-119.782532, 34.489957], [-119.780977, 34.484306], [-119.774461, 34.483172], [-119.769307, 34.478502], [-119.769401, 34.476573], [-119.777031, 34.472895], [-119.778099, 34.470883], [-119.771966, 34.468055], [-119.769193, 34.457997], [-119.76021, 34.448439], [-119.76, 34.441699]], [[-119.76, 34.441699], [-119.760012, 34.441243]], [[-119.76, 34.441699], [-119.759554, 34.44171], [-119.759257, 34.441675], [-119.754499, 34.44079], [-119.754098, 34.440296]]]}}, {"type": "Feature", "properties": {"route_number": "SR-156"}, "geometry": {"type": "MultiLineString", "coordinates": [[[-121.765643, 36.75304], [-121.752722, 36.761217], [-121.746733, 36.767117], [-121.744689, 36.768041], [-121.73889, 36.769692]], [[-121.76505, 36.752343], [-121.752593, 36.761032], [-121.747156, 36.766598], [-121.73889, 36.769692]], [[-121.73889, 36.769692], [-121.692144, 36.783197], [-121.681948, 36.78746], [-121.669414, 36.788917], [-121.664938, 36.791907]], [[-121.579595, 36.861959], [-121.577472, 36.860873]], [[-121.577472, 36.860873], [-121.568466, 36.853304], [-121.559664, 36.848941], [-121.558203, 36.848462], [-121.549962, 36.846854], [-121.547092, 36.845579], [-121.541115, 36.841804], [-121.53921, 36.840919], [-121.537259, 36.840574], [-121.533605, 36.840664]], [[-121.577472, 36.860873], [-121.568349, 36.853405], [-121.559879, 36.849192], [-121.549497, 36.846827], [-121.546978, 36.845702], [-121.539371, 36.841124], [-121.533605, 36.840664]], [[-121.533605, 36.840664], [-121.490823, 36.840555]], [[-121.490823, 36.840555], [-121.490228, 36.840497]], [[-121.490823, 36.840555], [-121.490537, 36.840318], [-121.490228, 36.840497]], [[-121.490228, 36.840497], [-121.460984, 36.84126], [-121.45669, 36.842787], [-121.443763, 36.864279], [-121.441013, 36.872932], [-121.431346, 36.881927], [-121.424342, 36.904703], [-121.419222, 36.907494], [-121.403107, 36.908063], [-121.396078, 36.912275]], [[-121.396068, 36.912287], [-121.392419, 36.91732], [-121.382507, 36.952169], [-121.38354, 36.964319]], [[-121.38354, 36.964319], [-121.381462, 36.975351]], [[-121.38354, 36.964319], [-121.382313, 36.972755]]]}}, {"type": "Feature", "properties": {"route_number": "SR-16"}, "geometry": {"type": "MultiLineString", "coordinates": [[[-122.358906, 39.013111], [-122.354578, 39.003328], [-122.353166, 38.990928], [-122.350711, 38.983952], [-122.348696, 38.981732], [-122.339607, 38.978743], [-122.338679, 38.975103], [-122.340592, 38.972838], [-122.343068, 38.956345], [-122.347398, 38.952832], [-122.349305, 38.948662], [-122.333737, 38.933592], [-122.331746, 38.923021], [-122.322435, 38.923747], [-122.319145, 38.917771], [-122.313498, 38.915487], [-122.313625, 38.910046], [-122.31196, 38.908698], [-122.307902, 38.911091], [-122.303153, 38.909915], [-122.290485, 38.912802], [-122.277972, 38.909895], [-122.272756, 38.912621], [-122.266074, 38.912295], [-122.264865, 38.91092], [-122.266175, 38.906382], [-122.263474, 38.902796], [-122.237817, 38.888134], [-122.232701, 38.880193], [-122.227383, 38.87632], [-122.218843, 38.860322], [-122.209789, 38.854478], [-122.199308, 38.836967], [-122.185747, 38.820223], [-122.180551, 38.811117], [-122.179682, 38.793626], [-122.177555, 38.786121], [-122.168698, 38.77085], [-122.150893, 38.750834], [-122.148365, 38.739546], [-122.145466, 38.737221], [-122.138523, 38.72128], [-122.133483, 38.716494], [-122.125065, 38.712097], [-122.117414, 38.704144], [-122.09004, 38.703919], [-122.071927, 38.706927], [-122.06197, 38.70571], [-122.054617, 38.708399], [-122.037218, 38.705394], [-122.033345, 38.70081], [-122.021019, 38.698949], [-122.0206, 38.69621], [-122.016102, 38.695475], [-122.017579, 38.689071], [-121.967486, 38.681889]], [[-121.967486, 38.681889], [-121.967084, 38.681789]], [[-121.967486, 38.681889], [-121.967333, 38.681665], [-121.967084, 38.681789]], [[-121.967084, 38.681789], [-121.952119, 38.679645]], [[-121.952099, 38.679642], [-121.875095, 38.668657], [-121.853601, 38.677871], [-121.802535, 38.677672], [-121.802464, 38.716188], [-121.800447, 38.718661]], [[-121.409415, 38.553692], [-121.409425, 38.551661]], [[-121.409272, 38.553737], [-121.409228, 38.551645]], [[-121.370986, 38.538776], [-121.355343, 38.534469]], [[-121.355343, 38.534469], [-121.344284, 38.531524]], [[-121.355343, 38.534469], [-121.353393, 38.533897], [-121.344284, 38.531524]], [[-121.344284, 38.531524], [-121.274426, 38.512639], [-121.174836, 38.492607], [-121.146863, 38.49576], [-121.13134, 38.494669], [-121.102033, 38.497723], [-121.077221, 38.483774], [-121.054379, 38.485888], [-121.038553, 38.481251], [-121.029294, 38.480846]], [[-121.02928, 38.480846], [-121.002564, 38.484096], [-120.971767, 38.46599], [-120.942159, 38.462484], [-120.930266, 38.459], [-120.918231, 38.453259], [-120.901256, 38.450075], [-120.888878, 38.449599], [-120.867679, 38.454882]]]}}, {"type": "Feature", "properties": {"route_number": "SR-160"}, "geometry": {"type": "MultiLineString", "coordinates": [[[-121.763985, 37.990961], [-121.760002, 37.990313], [-121.756991, 37.992123], [-121.751961, 38.012255], [-121.751498, 38.015935], [-121.751443, 38.026915], [-121.751578, 38.044417]], [[-121.76215, 37.991248], [-121.756665, 37.994125], [-121.751876, 38.013895], [-121.751578, 38.044417]], [[-121.751578, 38.044417], [-121.748754, 38.050889], [-121.738437, 38.058976], [-121.732197, 38.079249], [-121.712426, 38.082794], [-121.70876, 38.084964], [-121.706293, 38.089826], [-121.705907, 38.098883], [-121.699419, 38.108506]], [[-121.699419, 38.108506], [-121.697133, 38.113626]], [[-121.699419, 38.108506], [-121.697984, 38.11219], [-121.697133, 38.113626]], [[-121.697133, 38.113626], [-121.686733, 38.130381], [-121.686127, 38.138258], [-121.681885, 38.151337], [-121.67588, 38.155841], [-121.675306, 38.158965], [-121.666314, 38.172149], [-121.65833, 38.174651], [-121.65057, 38.17206], [-121.643973, 38.171882], [-121.6266, 38.165241], [-121.611468, 38.161992], [-121.596917, 38.166631], [-121.592689, 38.171458], [-121.594845, 38.172452], [-121.582863, 38.187385], [-121.564377, 38.194538], [-121.559644, 38.19955], [-121.55699, 38.227025], [-121.559587, 38.236011], [-121.556255, 38.24089], [-121.550442, 38.242426], [-121.529753, 38.238809], [-121.518505, 38.240423], [-121.512094, 38.24647], [-121.51234, 38.251226], [-121.516306, 38.256], [-121.555591, 38.285379], [-121.574387, 38.304061], [-121.579123, 38.314614], [-121.578929, 38.318744], [-121.576746, 38.318584]], [[-121.57674, 38.318584], [-121.573606, 38.327531], [-121.565655, 38.335546], [-121.554069, 38.335396], [-121.544341, 38.338949], [-121.520249, 38.361151], [-121.519339, 38.368326], [-121.523599, 38.378045], [-121.513868, 38.386926], [-121.512128, 38.399918], [-121.516234, 38.409323], [-121.53153, 38.431306], [-121.526988, 38.433804], [-121.511397, 38.434777], [-121.502046, 38.440621], [-121.50005, 38.444795], [-121.499856, 38.452215], [-121.503402, 38.470054]], [[-121.477403, 38.595878], [-121.467781, 38.600435], [-121.440714, 38.600339], [-121.434272, 38.604476]], [[-121.477152, 38.595564], [-121.467148, 38.600035], [-121.439197, 38.60015], [-121.434119, 38.603852]]]}}, {"type": "Feature", "properties": {"route_number": "SR-162"}, "geometry": {"type": "MultiLineString", "coordinates": [[[-123.4303, 39.555169], [-123.425648, 39.553787], [-123.420896, 39.555266]], [[-123.420896, 39.555266], [-123.42072, 39.555292]], [[-123.420896, 39.555266], [-123.420734, 39.55529], [-123.42072, 39.555292]], [[-123.42072, 39.555292], [-123.41819, 39.55559], [-123.414847, 39.559811], [-123.404038, 39.561376], [-123.401501, 39.565312], [-123.387805, 39.574421], [-123.383394, 39.57912], [-123.385066, 39.582566], [-123.384515, 39.587985], [-123.380934, 39.595116], [-123.384112, 39.598171], [-123.379858, 39.612452], [-123.371147, 39.614647], [-123.360565, 39.614291], [-123.35369, 39.617751], [-123.34394, 39.626933], [-123.343452, 39.633429], [-123.345006, 39.635963], [-123.342217, 39.644173], [-123.344068, 39.646579], [-123.344266, 39.660963], [-123.346832, 39.666787], [-123.344034, 39.670751], [-123.348964, 39.67869], [-123.358907, 39.687263], [-123.358374, 39.692836], [-123.360358, 39.69612], [-123.355164, 39.704533], [-123.353273, 39.711598], [-123.348508, 39.710758]], [[-123.348508, 39.710758], [-123.348336, 39.710766]], [[-123.348508, 39.710758], [-123.348491, 39.710757], [-123.348336, 39.710766]], [[-123.348336, 39.710766], [-123.342659, 39.712358], [-123.327699, 39.707125], [-123.322023, 39.709526], [-123.317717, 39.707503], [-123.312956, 39.712847], [-123.311883, 39.711007], [-123.313555, 39.709667], [-123.313188, 39.706628], [-123.307237, 39.705109], [-123.302231, 39.706785], [-123.302011, 39.709564], [-123.299669, 39.710247], [-123.300715, 39.711875], [-123.296566, 39.712616], [-123.297823, 39.714835], [-123.296007, 39.7174], [-123.282991, 39.716168], [-123.279506, 39.713131], [-123.276185, 39.713671], [-123.272715, 39.711759], [-123.269207, 39.713812], [-123.263605, 39.713917], [-123.257841, 39.724428], [-123.261839, 39.727308], [-123.252197, 39.728968], [-123.255147, 39.731005], [-123.258105, 39.735469], [-123.257905, 39.738265], [-123.259937, 39.739526], [-123.256959, 39.740124], [-123.25319, 39.738309], [-123.253926, 39.741684], [-123.248612, 39.743266], [-123.248127, 39.815841]], [[-123.248127, 39.815841], [-123.248134, 39.817058], [-123.248133, 39.817058]], [[-123.248127, 39.815841], [-123.248133, 39.817058]], [[-123.248133, 39.817058], [-123.205557, 39.816625], [-123.202413, 39.820791], [-123.190942, 39.825129]], [[-122.59144, 39.656483], [-122.585608, 39.653964], [-122.571564, 39.657852], [-122.560034, 39.65708], [-122.549589, 39.659404], [-122.536784, 39.659731], [-122.525779, 39.663438]], [[-122.525779, 39.663438], [-122.525774, 39.66344], [-122.52576, 39.663195]], [[-122.525779, 39.663438], [-122.52576, 39.663195]], [[-122.52576, 39.663195], [-122.526339, 39.658484], [-122.522703, 39.638826], [-122.527131, 39.627182], [-122.526544, 39.615314], [-122.530391, 39.611474], [-122.523762, 39.61191], [-122.514089, 39.615478], [-122.510788, 39.614582], [-122.508115, 39.611355], [-122.508376, 39.600606], [-122.506723, 39.598467], [-122.496266, 39.598501], [-122.489259, 39.596356], [-122.468813, 39.599062], [-122.459104, 39.591652], [-122.446972, 39.586979], [-122.433376, 39.58838], [-122.413117, 39.586924], [-122.39917, 39.584411], [-122.388023, 39.580194], [-122.381787, 39.573721], [-122.368982, 39.565894], [-122.36365, 39.557988], [-122.358741, 39.555993], [-122.356188, 39.55059], [-122.347489, 39.543563], [-122.341913, 39.533429], [-122.339563, 39.531814], [-122.315612, 39.53134], [-122.30458, 39.524137], [-122.220532, 39.524221]], [[-122.220532, 39.524221], [-122.21647, 39.524251]], [[-122.220532, 39.524221], [-122.218346, 39.524189], [-122.21647, 39.524251]], [[-122.21647, 39.524251], [-122.121564, 39.523815], [-122.11248, 39.521879], [-122.014047, 39.521794]], [[-122.017301, 39.457322], [-121.992993, 39.457487], [-121.99119, 39.464478], [-121.68843, 39.465218]], [[-121.688669, 39.494239], [-121.659321, 39.494595], [-121.645473, 39.49807], [-121.610408, 39.498062]], [[-121.610408, 39.498062], [-121.570722, 39.498111], [-121.569517, 39.498362], [-121.560205, 39.501496], [-121.555601, 39.502831]], [[-121.610408, 39.498062], [-121.570715, 39.498018], [-121.56951, 39.498269], [-121.555601, 39.502831]], [[-121.555601, 39.502831], [-121.545714, 39.506749], [-121.534242, 39.500775], [-121.518545, 39.505532], [-121.51032, 39.503967], [-121.505136, 39.505522], [-121.500566, 39.503783], [-121.491113, 39.509571], [-121.48121, 39.512776], [-121.47304, 39.506064], [-121.456959, 39.503284], [-121.451179, 39.505951], [-121.448602, 39.512584], [-121.43413, 39.522431], [-121.432288, 39.527218], [-121.43643, 39.538946], [-121.433142, 39.546745], [-121.43033, 39.548128], [-121.429647, 39.551763], [-121.434228, 39.555132], [-121.432988, 39.557902], [-121.434707, 39.562865], [-121.433496, 39.564603], [-121.435308, 39.569106], [-121.434455, 39.571963], [-121.430082, 39.575229], [-121.42825, 39.583944], [-121.442138, 39.590703], [-121.444854, 39.594177]]]}}, {"type": "Feature", "properties": {"route_number": "SR-166"}, "geometry": {"type": "MultiLineString", "coordinates": [[[-120.567279, 34.957498], [-120.57386, 34.957619], [-120.574027, 34.957569], [-120.570707, 34.957473], [-120.567279, 34.957498]], [[-120.567279, 34.957498], [-120.5529, 34.957369], [-120.533455, 34.959652], [-120.48144, 34.954731]], [[-120.48144, 34.954731], [-120.417273, 34.953053]], [[-120.48144, 34.954731], [-120.417279, 34.952949]], [[-120.434732, 34.99626], [-120.425892, 34.994647], [-120.416026, 34.995409], [-120.393836, 35.000908], [-120.376194, 34.996951], [-120.365314, 34.99761], [-120.360851, 35.000882], [-120.358554, 35.013399], [-120.356013, 35.015678], [-120.350508, 35.017079], [-120.331941, 35.016038], [-120.32294, 35.021723], [-120.315273, 35.019911], [-120.309725, 35.024053], [-120.302898, 35.023026], [-120.296664, 35.017672], [-120.290616, 35.017703], [-120.276993, 35.027724], [-120.269721, 35.025603], [-120.257797, 35.025675], [-120.249863, 35.030615], [-120.238625, 35.024928], [-120.230893, 35.023956], [-120.226951, 35.021365], [-120.219308, 35.019976], [-120.209877, 35.0214], [-120.200746, 35.02822], [-120.189155, 35.030525], [-120.186656, 35.034924], [-120.181718, 35.037204], [-120.181063, 35.039157], [-120.184169, 35.050044], [-120.179871, 35.05445], [-120.177907, 35.060858], [-120.172352, 35.063642], [-120.171526, 35.069304], [-120.166207, 35.074411], [-120.158941, 35.07636], [-120.144015, 35.085273], [-120.140196, 35.093446], [-120.137827, 35.095269], [-120.12682, 35.094228], [-120.114812, 35.101886], [-120.108303, 35.102696], [-120.10576, 35.107508], [-120.090024, 35.111689], [-120.074341, 35.106382], [-120.06989, 35.100602], [-120.063665, 35.096919], [-120.047632, 35.095474], [-120.03041, 35.086729], [-120.006112, 35.07879], [-119.998168, 35.072803], [-119.971418, 35.061538], [-119.961932, 35.059895], [-119.951717, 35.061256], [-119.936943, 35.058052], [-119.928861, 35.060319], [-119.924739, 35.059808], [-119.868646, 35.030531], [-119.835551, 35.001961], [-119.81892, 35.000002], [-119.805904, 34.995065], [-119.796733, 34.987745], [-119.764292, 34.980482], [-119.739059, 34.967178], [-119.722468, 34.96451], [-119.691693, 34.948962]], [[-119.691693, 34.948962], [-119.685709, 34.946829], [-119.6845, 34.946545], [-119.683739, 34.946456]], [[-119.691693, 34.948962], [-119.683739, 34.946456]], [[-119.683739, 34.946456], [-119.676394, 34.945266]], [[-119.676394, 34.945266], [-119.673185, 34.944754]], [[-119.676394, 34.945266], [-119.673859, 34.944836], [-119.673185, 34.944754]], [[-119.673185, 34.944754], [-119.609975, 34.93455]], [[-119.609975, 34.93455], [-119.608087, 34.934263]], [[-119.609975, 34.93455], [-119.609614, 34.934452], [-119.608087, 34.934263]], [[-119.608087, 34.934263], [-119.597393, 34.932832], [-119.587206, 34.934431], [-119.535896, 34.934146], [-119.512051, 34.93628]], [[-119.401021, 35.058434], [-119.14397, 35.058764]], [[-119.14397, 35.058764], [-119.135298, 35.058802]], [[-119.14397, 35.058764], [-119.13884, 35.058736], [-119.135298, 35.058802]], [[-119.135298, 35.058802], [-118.976872, 35.059412]], [[-118.976872, 35.059412], [-118.974044, 35.059387], [-118.968778, 35.057895]], [[-118.976872, 35.059412], [-118.968778, 35.057895]], [[-118.968778, 35.057895], [-118.96792, 35.057836]]]}}, {"type": "Feature", "properties": {"route_number": "SR-168"}, "geometry": {"type": "MultiLineString", "coordinates": [[[-119.755997, 36.754396], [-119.751206, 36.75482], [-119.749211, 36.757066], [-119.748895, 36.788569], [-119.746775, 36.79446], [-119.730914, 36.811027], [-119.707087, 36.831386], [-119.702126, 36.838359], [-119.696123, 36.840682], [-119.673903, 36.840764], [-119.666123, 36.842103], [-119.661707, 36.843966], [-119.62468, 36.865196], [-119.617888, 36.866469]], [[-119.753792, 36.755544], [-119.749654, 36.757885], [-119.749181, 36.788495], [-119.747154, 36.794383], [-119.730178, 36.812078], [-119.707578, 36.831307], [-119.702552, 36.838436], [-119.696473, 36.840943], [-119.666106, 36.842459], [-119.624925, 36.865348], [-119.617888, 36.866469]], [[-119.617888, 36.866469], [-119.565899, 36.867208], [-119.547893, 36.881409], [-119.533682, 36.889549], [-119.521208, 36.899267], [-119.517947, 36.907969], [-119.520526, 36.911071], [-119.520208, 36.917537], [-119.513212, 36.927219], [-119.504764, 36.931154], [-119.503, 36.937669], [-119.505216, 36.939889], [-119.504147, 36.943114], [-119.506508, 36.945903], [-119.505531, 36.958259], [-119.52866, 36.969382], [-119.526911, 36.974395], [-119.528408, 36.976655], [-119.527784, 36.984857], [-119.529607, 36.994319], [-119.525669, 37.000085], [-119.529515, 37.012064], [-119.525345, 37.015752], [-119.526326, 37.023593], [-119.519332, 37.031899]], [[-119.519326, 37.031912], [-119.516387, 37.036616], [-119.513876, 37.037389], [-119.5085, 37.035871], [-119.504244, 37.037733], [-119.499856, 37.042553], [-119.487921, 37.043935], [-119.485226, 37.045614], [-119.473924, 37.046221], [-119.472549, 37.04445], [-119.463685, 37.051198]], [[-119.463685, 37.051198], [-119.458964, 37.059219], [-119.45869, 37.060232], [-119.458524, 37.063401], [-119.45523, 37.064887], [-119.449701, 37.061148], [-119.446503, 37.056812], [-119.445318, 37.055662], [-119.440354, 37.052505], [-119.437111, 37.051361], [-119.43027, 37.047039], [-119.427789, 37.044491], [-119.421293, 37.039851], [-119.420491, 37.039534], [-119.419205, 37.03945], [-119.418539, 37.039579], [-119.416584, 37.04041], [-119.414356, 37.039993], [-119.411599, 37.040611], [-119.408617, 37.039188], [-119.407555, 37.039065], [-119.406459, 37.039475], [-119.403688, 37.041826], [-119.40326, 37.042516], [-119.403215, 37.043], [-119.40342, 37.043573], [-119.404024, 37.044109], [-119.407117, 37.045348], [-119.409652, 37.048599], [-119.408339, 37.051355], [-119.407569, 37.051567], [-119.404755, 37.051419], [-119.401144, 37.05177], [-119.38398, 37.054519], [-119.382719, 37.054927], [-119.379832, 37.056367], [-119.377836, 37.056634], [-119.370559, 37.058436], [-119.365774, 37.060378]], [[-119.463685, 37.051198], [-119.459056, 37.059262], [-119.45877, 37.062893], [-119.458414, 37.063759], [-119.455273, 37.064982], [-119.453974, 37.064522], [-119.449204, 37.060795], [-119.445275, 37.055746], [-119.437046, 37.051419], [-119.430223, 37.047115], [-119.4212, 37.039894], [-119.419151, 37.039532], [-119.416534, 37.040484], [-119.411577, 37.040683], [-119.407579, 37.039136], [-119.403317, 37.043027], [-119.407167, 37.045276], [-119.409748, 37.048581], [-119.408418, 37.05141], [-119.406998, 37.051674], [-119.401115, 37.051854], [-119.384008, 37.054593], [-119.379843, 37.056449], [-119.365774, 37.060378]], [[-119.365774, 37.060378], [-119.359789, 37.062164], [-119.357081, 37.061361], [-119.358166, 37.065046], [-119.355996, 37.069926], [-119.352165, 37.068721], [-119.350037, 37.070627], [-119.344693, 37.069975], [-119.344429, 37.076168], [-119.334456, 37.079655], [-119.333318, 37.084495], [-119.32551, 37.083938], [-119.323418, 37.086796], [-119.320947, 37.086058], [-119.320522, 37.088828], [-119.317219, 37.089125], [-119.317917, 37.093025]], [[-119.318508, 37.098647], [-119.31847, 37.098735], [-119.318471, 37.098737]], [[-119.318508, 37.098647], [-119.318471, 37.098737]], [[-119.317921, 37.093146], [-119.319393, 37.097347], [-119.318508, 37.098647]], [[-119.318471, 37.098737], [-119.320849, 37.113988], [-119.310371, 37.131727], [-119.307682, 37.144666], [-119.305584, 37.144478], [-119.307785, 37.146604], [-119.305402, 37.145957], [-119.301746, 37.147531], [-119.295886, 37.156092], [-119.293418, 37.155415], [-119.293617, 37.151444], [-119.289885, 37.147465], [-119.277406, 37.151323], [-119.266916, 37.148439], [-119.264467, 37.150818], [-119.264186, 37.154476], [-119.253885, 37.149713], [-119.242673, 37.159259], [-119.239206, 37.157324], [-119.229267, 37.156506], [-119.224579, 37.158026], [-119.214271, 37.157461], [-119.203002, 37.162084], [-119.208011, 37.170039], [-119.203495, 37.177912], [-119.202373, 37.192039], [-119.204901, 37.195841], [-119.209645, 37.197358], [-119.214043, 37.202073], [-119.213472, 37.205404], [-119.201385, 37.214734], [-119.192112, 37.217427], [-119.19135, 37.221053], [-119.185283, 37.225162], [-119.185997, 37.230435], [-119.17531, 37.230555], [-119.169134, 37.234186], [-119.159573, 37.234222], [-119.161013, 37.236976], [-119.160263, 37.239917], [-119.164041, 37.242851], [-119.161733, 37.244719], [-119.15895, 37.251324], [-119.160784, 37.254998], [-119.163128, 37.25524]], [[-119.317917, 37.093025], [-119.317921, 37.093146]], [[-119.317917, 37.093025], [-119.31792, 37.093139], [-119.317921, 37.093146]], [[-118.606533, 37.218289], [-118.59734, 37.232042], [-118.596478, 37.242815], [-118.588705, 37.24833], [-118.581564, 37.25033], [-118.579701, 37.257804], [-118.580391, 37.264355], [-118.574235, 37.275445], [-118.553461, 37.292347], [-118.5322, 37.302754], [-118.518946, 37.31421], [-118.514053, 37.325274], [-118.517012, 37.327731], [-118.523792, 37.327898], [-118.52479, 37.329695], [-118.523725, 37.331567], [-118.50673, 37.339534], [-118.478818, 37.342632], [-118.458981, 37.358746], [-118.454054, 37.360901], [-118.405033, 37.361368]], [[-118.405033, 37.361368], [-118.399304, 37.361432], [-118.395296, 37.361407], [-118.395364, 37.361362], [-118.405033, 37.361368]], [[-118.290307, 37.173464], [-118.272139, 37.173858], [-118.260058, 37.182547], [-118.251668, 37.185742], [-118.249762, 37.193125], [-118.242702, 37.198189], [-118.24304, 37.206708], [-118.237726, 37.213756], [-118.208171, 37.229911], [-118.201166, 37.238311], [-118.195134, 37.242814], [-118.184263, 37.247211], [-118.180335, 37.246285], [-118.17427, 37.250051], [-118.161712, 37.252389], [-118.157236, 37.256747], [-118.150614, 37.259265], [-118.15115, 37.261097], [-118.15398, 37.260836], [-118.157122, 37.263622], [-118.152228, 37.271882], [-118.150606, 37.279957], [-118.153635, 37.298731], [-118.156289, 37.305353], [-118.155588, 37.313845], [-118.153023, 37.317158], [-118.14418, 37.318191], [-118.139051, 37.313448], [-118.135188, 37.314208], [-118.133594, 37.311075], [-118.104058, 37.31351], [-118.096587, 37.318197], [-118.064911, 37.323036], [-118.039278, 37.330018], [-117.98143, 37.39127], [-117.969307, 37.415295], [-117.96074, 37.416129], [-117.958408, 37.420817], [-117.95918, 37.422014], [-117.954986, 37.425752], [-117.951611, 37.433949], [-117.949014, 37.432297], [-117.94597, 37.433485], [-117.943622, 37.429518], [-117.939002, 37.430481], [-117.938555, 37.433532], [-117.942531, 37.436018], [-117.944384, 37.441634], [-117.937452, 37.443951], [-117.935781, 37.448512], [-117.926434, 37.448441], [-117.919951, 37.4523], [-117.918436, 37.454837], [-117.914011, 37.484771], [-117.91205, 37.486798]]]}}, {"type": "Feature", "properties": {"route_number": "SR-17"}, "geometry": {"type": "MultiLineString", "coordinates": [[[-122.022003, 36.989896], [-122.019132, 36.994051], [-122.01933, 36.995207], [-122.021017, 36.997471], [-122.021586, 36.999072], [-122.020977, 37.006578], [-122.028001, 37.018423], [-122.026795, 37.025227], [-122.026369, 37.025946], [-122.023414, 37.029101], [-122.022304, 37.034483], [-122.02148, 37.035574], [-122.017956, 37.038153], [-122.01473, 37.045225], [-122.003248, 37.063647], [-122.001992, 37.064633], [-121.993987, 37.069237], [-121.987622, 37.075481], [-121.987, 37.075924], [-121.985455, 37.076567], [-121.9826, 37.07712], [-121.980794, 37.07803], [-121.976738, 37.081972], [-121.978909, 37.08614], [-121.978989, 37.086801], [-121.978828, 37.087524], [-121.977576, 37.089591], [-121.978441, 37.091241], [-121.978627, 37.092505], [-121.978259, 37.093467], [-121.97521, 37.097264], [-121.975323, 37.098254], [-121.97745, 37.101008], [-121.97765, 37.101922], [-121.977269, 37.102942], [-121.974881, 37.105169], [-121.97684, 37.107101], [-121.977165, 37.107633], [-121.977226, 37.108243], [-121.976056, 37.112028], [-121.974608, 37.114002], [-121.975858, 37.116212], [-121.976062, 37.120474], [-121.975832, 37.120915], [-121.975421, 37.121287], [-121.973259, 37.122354], [-121.972878, 37.123418], [-121.973781, 37.126159], [-121.975328, 37.127192], [-121.984193, 37.135808], [-121.984502, 37.136965], [-121.984275, 37.139088], [-121.985305, 37.141745], [-121.984702, 37.145005], [-121.987381, 37.14662], [-121.987946, 37.147453], [-121.987922, 37.147985], [-121.987642, 37.148455], [-121.98494, 37.151257], [-121.985593, 37.15399], [-121.985488, 37.154727], [-121.982236, 37.158151], [-121.984496, 37.160135], [-121.985787, 37.161735], [-121.986519, 37.162134], [-121.989584, 37.16165], [-121.990515, 37.161854], [-121.991144, 37.162348], [-121.991411, 37.163041], [-121.99126, 37.163661], [-121.988309, 37.166366], [-121.988856, 37.167312], [-121.989645, 37.169784], [-121.990646, 37.171411], [-121.995554, 37.175111], [-121.996007, 37.17569], [-121.996163, 37.176189], [-121.995906, 37.177452], [-121.991342, 37.185991], [-121.99149, 37.187843], [-121.993863, 37.191632], [-121.99418, 37.193257], [-121.991959, 37.204482], [-121.991557, 37.205336], [-121.989719, 37.207906], [-121.989639, 37.208691], [-121.990037, 37.210122], [-121.989957, 37.210779], [-121.98957, 37.211404], [-121.988363, 37.212391], [-121.987878, 37.213266], [-121.988565, 37.216213], [-121.988176, 37.217479], [-121.987048, 37.218648], [-121.976799, 37.225159], [-121.974633, 37.227239], [-121.968191, 37.239642], [-121.961618, 37.246102], [-121.956633, 37.254983], [-121.949595, 37.264628], [-121.94848, 37.267038], [-121.94583, 37.277942], [-121.945033, 37.279396], [-121.936987, 37.287017], [-121.936857, 37.291037], [-121.940063, 37.297403], [-121.940646, 37.299253], [-121.940691, 37.312629], [-121.94037, 37.317323]], [[-122.021827, 36.989769], [-122.019318, 36.992895], [-122.018997, 36.994467], [-122.019316, 36.995474], [-122.021386, 36.998807], [-122.020475, 37.003491], [-122.020868, 37.00673], [-122.02121, 37.007864], [-122.027589, 37.018255], [-122.026541, 37.025424], [-122.023248, 37.029024], [-122.021853, 37.034818], [-122.017865, 37.037976], [-122.003017, 37.06358], [-121.993934, 37.069172], [-121.986991, 37.075803], [-121.982408, 37.077087], [-121.98072, 37.077964], [-121.977169, 37.080868], [-121.976631, 37.082141], [-121.978865, 37.086241], [-121.977485, 37.089412], [-121.978515, 37.092508], [-121.975125, 37.097146], [-121.975216, 37.098233], [-121.977535, 37.10192], [-121.974765, 37.105273], [-121.977129, 37.108276], [-121.974511, 37.113967], [-121.975949, 37.1205], [-121.973328, 37.122157], [-121.972767, 37.123413], [-121.973695, 37.126199], [-121.983998, 37.135697], [-121.984603, 37.145045], [-121.98786, 37.147482], [-121.984837, 37.151246], [-121.985428, 37.154624], [-121.982439, 37.156548], [-121.982181, 37.158283], [-121.986019, 37.162], [-121.986519, 37.162208], [-121.987283, 37.162312], [-121.989693, 37.161755], [-121.991063, 37.162416], [-121.988166, 37.166256], [-121.989433, 37.169713], [-121.990336, 37.171214], [-121.996078, 37.176265], [-121.991191, 37.186149], [-121.991507, 37.18815], [-121.994061, 37.192713], [-121.991843, 37.204479], [-121.989624, 37.207873], [-121.989552, 37.208765], [-121.989927, 37.210095], [-121.989766, 37.210985], [-121.988324, 37.212278], [-121.987774, 37.213197], [-121.988095, 37.217253], [-121.976507, 37.225228], [-121.974639, 37.226962], [-121.968024, 37.239493], [-121.961112, 37.246347], [-121.949703, 37.263975], [-121.948067, 37.267737], [-121.944822, 37.27929], [-121.936928, 37.286651], [-121.936532, 37.290696], [-121.940437, 37.299161], [-121.940185, 37.317326]]]}}, {"type": "Feature", "properties": {"route_number": "SR-170"}, "geometry": {"type": "MultiLineString", "coordinates": [[[-118.376682, 34.15321], [-118.379366, 34.157017], [-118.384808, 34.168757], [-118.392479, 34.174618], [-118.401312, 34.186114], [-118.403441, 34.200207], [-118.406252, 34.206837], [-118.41101, 34.224406], [-118.411094, 34.226223], [-118.410162, 34.23165], [-118.412177, 34.234851]], [[-118.376375, 34.153117], [-118.384539, 34.168828], [-118.392451, 34.174952], [-118.400976, 34.185972], [-118.403217, 34.200264], [-118.410827, 34.224686], [-118.409583, 34.233073]]]}}, {"type": "Feature", "properties": {"route_number": "SR-178"}, "geometry": {"type": "MultiLineString", "coordinates": [[[-119.044524, 35.383042], [-119.041299, 35.382157]], [[-119.044521, 35.383187], [-119.041213, 35.382253]], [[-119.015292, 35.380044], [-119.011425, 35.381236]], [[-119.015292, 35.381177], [-119.013444, 35.380863], [-119.011677, 35.381365]], [[-119.014231, 35.380019], [-119.010622, 35.380981]], [[-119.014157, 35.381033], [-119.011677, 35.381365]], [[-119.011677, 35.381365], [-119.00868, 35.382907], [-119.006666, 35.383482], [-118.995517, 35.383875], [-118.986928, 35.386102], [-118.977796, 35.391814], [-118.961007, 35.396282], [-118.880695, 35.398305], [-118.877937, 35.399316], [-118.873346, 35.402684], [-118.87007, 35.404358], [-118.841591, 35.41337]], [[-119.011677, 35.381365], [-119.011425, 35.381236]], [[-119.011425, 35.381236], [-119.006683, 35.383266], [-118.995801, 35.38354], [-118.986799, 35.385826], [-118.977796, 35.391484], [-118.961202, 35.395958], [-118.880745, 35.398146], [-118.877994, 35.399083], [-118.870007, 35.404251], [-118.841591, 35.41337]], [[-119.011425, 35.381236], [-119.010622, 35.380981]], [[-119.010622, 35.380981], [-119.00703, 35.380966]], [[-118.841591, 35.41337], [-118.827202, 35.418511], [-118.812578, 35.431427], [-118.794735, 35.440219], [-118.782268, 35.450175], [-118.778929, 35.460424], [-118.762547, 35.461477], [-118.759955, 35.464668], [-118.755966, 35.465742], [-118.750471, 35.47037], [-118.752627, 35.476179], [-118.747299, 35.481184], [-118.743986, 35.481657], [-118.740708, 35.478792], [-118.732357, 35.479005], [-118.730158, 35.474304], [-118.720619, 35.475567], [-118.714053, 35.472553], [-118.709789, 35.478213], [-118.711695, 35.482689], [-118.711531, 35.490299], [-118.707781, 35.49284], [-118.698554, 35.4935], [-118.691454, 35.504032], [-118.689456, 35.513047], [-118.666994, 35.523893], [-118.664417, 35.526863], [-118.647362, 35.531499], [-118.634586, 35.530955], [-118.631927, 35.532638], [-118.631855, 35.535918], [-118.625192, 35.537509]], [[-118.625175, 35.537513], [-118.621661, 35.539299], [-118.615586, 35.547257]], [[-118.615586, 35.547257], [-118.615417, 35.548226], [-118.61566, 35.555645], [-118.613346, 35.558313], [-118.602605, 35.559558], [-118.600477, 35.558977], [-118.597105, 35.556857], [-118.595741, 35.556343], [-118.59451, 35.556255], [-118.588861, 35.556906], [-118.587397, 35.557712], [-118.586479, 35.558951], [-118.586284, 35.559895], [-118.58637, 35.566009], [-118.583554, 35.569231], [-118.580863, 35.570049], [-118.572178, 35.568368], [-118.571127, 35.568385], [-118.570218, 35.56871], [-118.569062, 35.569825], [-118.567872, 35.572685], [-118.562341, 35.575295], [-118.561619, 35.575848], [-118.55821, 35.581564], [-118.555194, 35.581817], [-118.548904, 35.579326], [-118.547524, 35.579202], [-118.54644, 35.579472], [-118.542735, 35.581722], [-118.530739, 35.583385], [-118.529675, 35.583827], [-118.518456, 35.594147], [-118.515833, 35.597881], [-118.510194, 35.598944], [-118.502162, 35.601561], [-118.501431, 35.601983], [-118.500882, 35.602452], [-118.498609, 35.605885], [-118.497392, 35.606663], [-118.492733, 35.608592], [-118.491438, 35.609404], [-118.489293, 35.611985], [-118.481339, 35.624427], [-118.473673, 35.633372], [-118.465228, 35.639661]], [[-118.615586, 35.547257], [-118.615791, 35.555657], [-118.613431, 35.558413], [-118.602609, 35.559668], [-118.60038, 35.559049], [-118.595644, 35.556415], [-118.588926, 35.557005], [-118.586544, 35.559051], [-118.58649, 35.566003], [-118.583641, 35.569281], [-118.580916, 35.570166], [-118.570205, 35.568829], [-118.567982, 35.572747], [-118.561891, 35.575732], [-118.558256, 35.581689], [-118.55524, 35.581942], [-118.547532, 35.57931], [-118.542786, 35.581847], [-118.529766, 35.583933], [-118.515856, 35.597988], [-118.502167, 35.601643], [-118.498659, 35.605994], [-118.497273, 35.606804], [-118.493009, 35.608601], [-118.491714, 35.609414], [-118.481517, 35.624505], [-118.472962, 35.634491], [-118.465228, 35.639661]], [[-118.465228, 35.639661], [-118.457996, 35.647527], [-118.456504, 35.652434], [-118.447774, 35.656918], [-118.4321, 35.658227], [-118.430438, 35.657525], [-118.427959, 35.649256], [-118.419767, 35.651307], [-118.418715, 35.646372], [-118.410755, 35.642312]], [[-118.410755, 35.642312], [-118.404702, 35.639371]], [[-118.410755, 35.642312], [-118.410617, 35.642304], [-118.404702, 35.639371]], [[-118.404702, 35.639371], [-118.386015, 35.632647], [-118.382232, 35.635965], [-118.376649, 35.636873], [-118.352103, 35.652546], [-118.334273, 35.656714], [-118.317796, 35.657492], [-118.305155, 35.663979], [-118.266529, 35.667513], [-118.245797, 35.683978], [-118.213562, 35.697445], [-118.207874, 35.694923], [-118.1905, 35.695905], [-118.183512, 35.701442], [-118.173734, 35.71298], [-118.168322, 35.728267], [-118.163061, 35.728941], [-118.147056, 35.725611], [-118.135448, 35.729446], [-118.128279, 35.732955], [-118.112399, 35.748764], [-118.105377, 35.750715], [-118.094045, 35.748926], [-118.081841, 35.742987], [-118.077169, 35.736227], [-118.078336, 35.732108], [-118.077115, 35.725379], [-118.068952, 35.714002], [-118.06885, 35.707491], [-118.056945, 35.696128], [-118.053801, 35.688978], [-118.045985, 35.68125], [-118.042547, 35.669599], [-118.038401, 35.665685], [-118.035661, 35.669315], [-118.034855, 35.666876], [-118.025593, 35.662384]], [[-118.025577, 35.662377], [-118.015998, 35.659171], [-118.008444, 35.652673], [-117.995189, 35.648529], [-117.929386, 35.60661], [-117.920579, 35.60301], [-117.903071, 35.601608]], [[-117.882816, 35.640937], [-117.880136, 35.64034], [-117.866585, 35.644448], [-117.821369, 35.644709], [-117.798692, 35.651832]], [[-117.798692, 35.651832], [-117.798663, 35.651834], [-117.798202, 35.651894]], [[-117.798692, 35.651832], [-117.798202, 35.651894]], [[-117.798202, 35.651894], [-117.795958, 35.652074], [-117.789995, 35.652124], [-117.669889, 35.651652]], [[-117.798202, 35.651894], [-117.669889, 35.651652]], [[-117.669942, 35.622518], [-117.648036, 35.622496]], [[-117.669889, 35.651652], [-117.669747, 35.637021], [-117.669942, 35.622518]], [[-117.669889, 35.651652], [-117.669942, 35.622518]], [[-117.669942, 35.622518], [-117.662206, 35.622428], [-117.648036, 35.622496]], [[-117.648036, 35.622496], [-117.597862, 35.622695], [-117.573012, 35.635725], [-117.561982, 35.639365], [-117.542162, 35.643475], [-117.474652, 35.649385], [-117.461882, 35.654695], [-117.447341, 35.655443], [-117.429682, 35.662565], [-117.425052, 35.668275], [-117.416952, 35.670255], [-117.392098, 35.681318]], [[-116.492167, 35.911215], [-116.48152, 35.909244], [-116.461261, 35.908916], [-116.4429, 35.914049], [-116.433069, 35.923273], [-116.426658, 35.926447], [-116.424934, 35.933264], [-116.417154, 35.945085], [-116.407254, 35.954678], [-116.403406, 35.956761], [-116.373652, 35.962697], [-116.345793, 35.9743], [-116.334533, 35.98446], [-116.332068, 35.990429], [-116.32978, 35.991743], [-116.314111, 35.99553], [-116.284012, 35.997206], [-116.274899, 35.996344]], [[-116.270395, 35.972726], [-116.260181, 35.971337], [-116.251818, 35.973059], [-116.245095, 35.985044], [-116.225267, 35.99823], [-116.220508, 35.99784], [-116.212384, 35.991711], [-116.203606, 35.994067], [-116.197858, 36.001667], [-116.181177, 36.114441], [-116.178564, 36.121951], [-116.15945, 36.150811], [-116.142126, 36.160152], [-116.108331, 36.167188]]]}}, {"type": "Feature", "properties": {"route_number": "SR-18"}, "geometry": {"type": "MultiLineString", "coordinates": [[[-117.361905, 34.506712], [-117.615988, 34.506328], [-117.636132, 34.499008], [-117.741031, 34.498528]], [[-117.361905, 34.506712], [-117.332334, 34.50694], [-117.322865, 34.507775], [-117.33233, 34.506837], [-117.346771, 34.506659], [-117.361905, 34.506712]], [[-117.278707, 34.145958], [-117.27865, 34.175089], [-117.271855, 34.177854], [-117.2709, 34.178726], [-117.270696, 34.179548], [-117.271022, 34.180341], [-117.27307, 34.18204], [-117.277344, 34.184331], [-117.278496, 34.18457], [-117.281047, 34.18458], [-117.284268, 34.187197], [-117.285392, 34.187489], [-117.287609, 34.187335], [-117.288386, 34.188027], [-117.287503, 34.189382], [-117.276905, 34.189348], [-117.276248, 34.189567], [-117.275909, 34.190074], [-117.275967, 34.190491], [-117.2764, 34.191452], [-117.277034, 34.19246], [-117.279649, 34.194901], [-117.279664, 34.197442], [-117.279814, 34.198342], [-117.28034, 34.198789], [-117.281905, 34.198999], [-117.282305, 34.199414], [-117.28102, 34.200855], [-117.281006, 34.202572], [-117.281391, 34.203875], [-117.282705, 34.206162], [-117.286002, 34.210627], [-117.291598, 34.214839], [-117.291123, 34.217311], [-117.286192, 34.215621], [-117.285485, 34.215801], [-117.2851, 34.216088], [-117.284837, 34.216729], [-117.28495, 34.217181], [-117.288107, 34.220416], [-117.293287, 34.223055], [-117.295283, 34.226057], [-117.295837, 34.226465], [-117.296393, 34.226607], [-117.297176, 34.226492], [-117.300033, 34.224684], [-117.306632, 34.227084], [-117.307148, 34.227009], [-117.308891, 34.225795], [-117.309716, 34.226192], [-117.308085, 34.226888], [-117.306701, 34.228087], [-117.304908, 34.226909], [-117.30443, 34.226899], [-117.303159, 34.227259], [-117.301857, 34.226451], [-117.301566, 34.226377], [-117.300952, 34.226475], [-117.300669, 34.226703], [-117.300534, 34.227093], [-117.300987, 34.230091], [-117.300208, 34.230313], [-117.298552, 34.229271], [-117.297957, 34.229184], [-117.297483, 34.229295], [-117.296975, 34.229713], [-117.295601, 34.232113], [-117.29481, 34.232598], [-117.291809, 34.230556]], [[-117.291801, 34.230544], [-117.291241, 34.229377], [-117.290417, 34.228193], [-117.289615, 34.227911], [-117.289132, 34.227956], [-117.288736, 34.228175]], [[-117.278707, 34.145958], [-117.278752, 34.175142], [-117.270805, 34.179563], [-117.27692, 34.184026], [-117.2811, 34.184526], [-117.284287, 34.187125], [-117.287637, 34.187275], [-117.28844, 34.187989], [-117.287571, 34.189447], [-117.275994, 34.190073], [-117.279752, 34.194876], [-117.279885, 34.198296], [-117.280417, 34.19873], [-117.281655, 34.198842], [-117.282305, 34.199217], [-117.282386, 34.199526], [-117.282276, 34.199941], [-117.281184, 34.200719], [-117.28112, 34.202626], [-117.282798, 34.206088], [-117.29141, 34.214272], [-117.291671, 34.214771], [-117.291976, 34.216104], [-117.291631, 34.217077], [-117.290867, 34.21743], [-117.28642, 34.215724], [-117.285013, 34.216964], [-117.293883, 34.223459], [-117.295915, 34.226419], [-117.300022, 34.224616], [-117.306642, 34.226993], [-117.308877, 34.225732], [-117.309802, 34.226148], [-117.306692, 34.228176], [-117.304876, 34.226992], [-117.302909, 34.227313], [-117.300997, 34.226549], [-117.301121, 34.230076], [-117.300181, 34.230385], [-117.297501, 34.229384], [-117.295678, 34.232176], [-117.294944, 34.232673], [-117.293566, 34.232494], [-117.291755, 34.230624]], [[-117.291748, 34.230612], [-117.288736, 34.228175]], [[-117.288736, 34.228175], [-117.282683, 34.226799], [-117.281401, 34.229624], [-117.278658, 34.22969], [-117.271706, 34.227372], [-117.267357, 34.222953], [-117.260802, 34.22736], [-117.247696, 34.228143], [-117.244497, 34.225304], [-117.239262, 34.224292], [-117.238563, 34.225242], [-117.241341, 34.227778], [-117.237273, 34.229954], [-117.222946, 34.229891]], [[-117.278707, 34.145958], [-117.279769, 34.146019], [-117.280871, 34.145975], [-117.280791, 34.145916], [-117.278707, 34.145958]], [[-117.278686, 34.144661], [-117.278707, 34.145958]], [[-117.278686, 34.144661], [-117.278613, 34.145034], [-117.278707, 34.145958]], [[-117.278684, 34.144586], [-117.278686, 34.144661]], [[-117.222946, 34.229891], [-117.221584, 34.229892]], [[-117.222946, 34.229891], [-117.221603, 34.229893], [-117.221584, 34.229892]], [[-117.221584, 34.229892], [-117.215278, 34.230902], [-117.212407, 34.229137], [-117.204877, 34.232414], [-117.199782, 34.231296], [-117.196665, 34.233859], [-117.189532, 34.235065], [-117.186552, 34.2332]], [[-117.186552, 34.2332], [-117.186484, 34.233171], [-117.186468, 34.233166]], [[-117.186552, 34.2332], [-117.186468, 34.233166]], [[-117.186468, 34.233166], [-117.179428, 34.235377], [-117.165768, 34.22999], [-117.163936, 34.233171], [-117.160334, 34.233699], [-117.150263, 34.23399], [-117.143421, 34.231558], [-117.138998, 34.232077], [-117.134516, 34.229169], [-117.134848, 34.226944], [-117.130121, 34.221912], [-117.130729, 34.220189], [-117.127763, 34.215228], [-117.122268, 34.215904], [-117.121356, 34.21291], [-117.116263, 34.211488], [-117.115834, 34.20905], [-117.112784, 34.207333], [-117.10942, 34.207621], [-117.105817, 34.204503], [-117.092801, 34.202954], [-117.088218, 34.203706], [-117.087637, 34.205434]], [[-117.127378, 34.474937], [-117.13376, 34.479472], [-117.13859, 34.48718], [-117.154468, 34.500253], [-117.170605, 34.500679]], [[-117.170605, 34.500679], [-117.192271, 34.501183], [-117.21677, 34.523841], [-117.226707, 34.530088], [-117.240494, 34.536289], [-117.243297, 34.536844], [-117.250963, 34.537262], [-117.265261, 34.540502], [-117.26764, 34.54072], [-117.274298, 34.53991], [-117.276228, 34.539437], [-117.279477, 34.538175], [-117.281823, 34.536179], [-117.284994, 34.535313], [-117.288556, 34.533419], [-117.298051, 34.540392], [-117.30071, 34.545244], [-117.297976, 34.540149], [-117.288599, 34.533344], [-117.281736, 34.536077], [-117.276225, 34.539301], [-117.267654, 34.540581], [-117.250991, 34.537144], [-117.240555, 34.536168], [-117.216877, 34.523717], [-117.192364, 34.501099], [-117.170605, 34.500679]], [[-117.119249, 34.472039], [-117.120973, 34.472184], [-117.122211, 34.472556], [-117.12533, 34.47373], [-117.127378, 34.474937]], [[-117.119249, 34.472039], [-117.127378, 34.474937]], [[-116.982785, 34.443902], [-117.007106, 34.450793], [-117.051688, 34.450394], [-117.068102, 34.454067], [-117.094504, 34.471555], [-117.119249, 34.472039]], [[-117.087801, 34.205614], [-117.088167, 34.207866], [-117.082075, 34.213587], [-117.078632, 34.213872], [-117.062132, 34.224863], [-117.056267, 34.226211], [-117.057157, 34.220485], [-117.053531, 34.219922], [-117.036921, 34.22555], [-117.026862, 34.22428], [-117.026028, 34.226158], [-117.029277, 34.226441], [-117.029911, 34.229011], [-117.026665, 34.231205], [-117.027573, 34.23579], [-117.025891, 34.237424], [-117.030725, 34.239215], [-117.030555, 34.241664], [-117.018506, 34.250981], [-117.016044, 34.248325], [-117.012627, 34.251052], [-117.010129, 34.248766], [-117.003267, 34.249905], [-117.001761, 34.247341], [-116.998138, 34.247962], [-116.996174, 34.25035], [-116.99299, 34.246234], [-116.988686, 34.248188], [-116.980428, 34.242263], [-116.975033, 34.24223], [-116.970816, 34.239552], [-116.967067, 34.239952], [-116.962235, 34.23666], [-116.959126, 34.238416], [-116.947734, 34.238456]], [[-117.087637, 34.205434], [-117.087789, 34.205599], [-117.087801, 34.205614]], [[-117.087637, 34.205434], [-117.087801, 34.205614]], [[-116.977602, 34.443709], [-116.980885, 34.443759], [-116.982676, 34.443924], [-116.982785, 34.443902]], [[-116.977602, 34.443709], [-116.980893, 34.443692], [-116.982785, 34.443902]], [[-116.973854, 34.443734], [-116.977602, 34.443709]], [[-116.969307, 34.443763], [-116.973854, 34.443734]], [[-116.969307, 34.443763], [-116.969369, 34.443741], [-116.973782, 34.443717], [-116.973854, 34.443734]], [[-116.869684, 34.380302], [-116.881161, 34.38886], [-116.894269, 34.40518], [-116.931096, 34.429461], [-116.949719, 34.443878], [-116.969307, 34.443763]], [[-116.947734, 34.238456], [-116.946781, 34.238561]], [[-116.947734, 34.238456], [-116.946805, 34.238559], [-116.946781, 34.238561]], [[-116.946781, 34.238561], [-116.934695, 34.239093]], [[-116.934695, 34.239093], [-116.934614, 34.239205], [-116.934604, 34.239221]], [[-116.934695, 34.239093], [-116.934604, 34.239221]], [[-116.934604, 34.239221], [-116.932829, 34.240228]], [[-116.932829, 34.240228], [-116.932723, 34.240228], [-116.932709, 34.240229]], [[-116.932829, 34.240228], [-116.932709, 34.240229]], [[-116.932709, 34.240229], [-116.922104, 34.238445], [-116.919953, 34.241449], [-116.911494, 34.243685]], [[-116.911494, 34.243685], [-116.885089, 34.243904], [-116.882783, 34.246709], [-116.884955, 34.253978], [-116.884586, 34.255114], [-116.883027, 34.256695]], [[-116.911494, 34.243685], [-116.887281, 34.243305], [-116.885024, 34.243835], [-116.882662, 34.246721], [-116.884843, 34.253943], [-116.883027, 34.256695]], [[-116.883027, 34.256695], [-116.87891, 34.259404], [-116.866312, 34.260502], [-116.856444, 34.259478]], [[-116.858922, 34.369311], [-116.860113, 34.372831], [-116.865646, 34.376319], [-116.869684, 34.380302]], [[-116.858922, 34.369311], [-116.860031, 34.372875], [-116.869684, 34.380302]], [[-116.819394, 34.274317], [-116.814947, 34.275534], [-116.814059, 34.277653], [-116.821099, 34.289071], [-116.819577, 34.291851], [-116.813676, 34.293699], [-116.807813, 34.289139], [-116.803003, 34.290455], [-116.80239, 34.292538], [-116.803739, 34.293801], [-116.798439, 34.295582], [-116.801145, 34.297198], [-116.801075, 34.300257], [-116.803268, 34.300196], [-116.802865, 34.302556], [-116.810576, 34.315045], [-116.816767, 34.318075], [-116.819296, 34.323016], [-116.827768, 34.328493], [-116.830165, 34.331316], [-116.829202, 34.332417], [-116.830972, 34.331307], [-116.829071, 34.333406], [-116.8338, 34.335106], [-116.834868, 34.337695], [-116.837642, 34.337041], [-116.839472, 34.338815], [-116.842364, 34.345771], [-116.845828, 34.347993], [-116.847389, 34.353311], [-116.854919, 34.359207], [-116.858265, 34.364775], [-116.858922, 34.369311]], [[-116.856444, 34.259478], [-116.855042, 34.260039]], [[-116.856444, 34.259478], [-116.855061, 34.260034], [-116.855042, 34.260039]], [[-116.855042, 34.260039], [-116.854695, 34.260139]], [[-116.854695, 34.260139], [-116.85241, 34.260773]], [[-116.854695, 34.260139], [-116.853776, 34.260448], [-116.85241, 34.260773]], [[-116.85241, 34.260773], [-116.851103, 34.261118]], [[-116.851103, 34.261118], [-116.850922, 34.261132]], [[-116.851103, 34.261118], [-116.850947, 34.261132], [-116.850922, 34.261132]], [[-116.850922, 34.261132], [-116.845597, 34.261157], [-116.846821, 34.270349], [-116.844255, 34.271336]], [[-116.844255, 34.271336], [-116.84347, 34.271533], [-116.843452, 34.271539]], [[-116.844255, 34.271336], [-116.843452, 34.271539]], [[-116.843452, 34.271539], [-116.835381, 34.274314], [-116.824574, 34.272353], [-116.820562, 34.272717], [-116.819461, 34.274214]], [[-116.819461, 34.274214], [-116.819394, 34.274317]], [[-116.819461, 34.274214], [-116.819403, 34.274305], [-116.819394, 34.274317]]]}}, {"type": "Feature", "properties": {"route_number": "SR-180"}, "geometry": {"type": "MultiLineString", "coordinates": [[[-120.386239, 36.760375], [-120.36661, 36.743638], [-120.361382, 36.732465]], [[-120.361382, 36.732465], [-120.360774, 36.731982], [-120.359907, 36.731575], [-120.359021, 36.731348], [-120.358178, 36.731313]], [[-120.361382, 36.732465], [-120.358178, 36.731313]], [[-120.358178, 36.731313], [-120.328233, 36.734342]], [[-120.328233, 36.734342], [-120.320886, 36.734373]], [[-120.328233, 36.734342], [-120.322237, 36.73433], [-120.320886, 36.734373]], [[-120.320886, 36.734373], [-120.31973, 36.734382]], [[-120.31973, 36.734382], [-120.318538, 36.734388]], [[-120.31973, 36.734382], [-120.318552, 36.73439], [-120.318538, 36.734388]], [[-120.318538, 36.734388], [-120.313864, 36.734374]], [[-120.318538, 36.734388], [-120.317288, 36.734353], [-120.313864, 36.734374]], [[-120.313864, 36.734374], [-120.225985, 36.734371]], [[-120.225985, 36.734371], [-120.223176, 36.734382]], [[-120.225985, 36.734371], [-120.223677, 36.734329], [-120.223176, 36.734382]], [[-120.223176, 36.734382], [-120.205633, 36.734563]], [[-120.205633, 36.734563], [-120.20447, 36.734572]], [[-120.205633, 36.734563], [-120.205509, 36.734532], [-120.20447, 36.734572]], [[-120.20447, 36.734572], [-120.072414, 36.734815]], [[-120.072414, 36.734815], [-120.068445, 36.734858]], [[-120.072414, 36.734815], [-120.068584, 36.73479], [-120.068445, 36.734858]], [[-120.068445, 36.734858], [-120.06691, 36.734883]], [[-120.06691, 36.734883], [-120.057033, 36.734946]], [[-120.06691, 36.734883], [-120.066756, 36.734819], [-120.057033, 36.734946]], [[-120.057033, 36.734946], [-120.029609, 36.73495]], [[-120.029609, 36.73495], [-120.022182, 36.734966]], [[-120.029609, 36.73495], [-120.029459, 36.734909], [-120.022182, 36.734966]], [[-120.022182, 36.734966], [-119.973547, 36.735014]], [[-119.973547, 36.735014], [-119.967975, 36.735036]], [[-119.973547, 36.735014], [-119.969978, 36.734964], [-119.967975, 36.735036]], [[-119.967975, 36.735036], [-119.922372, 36.735299]], [[-119.922372, 36.735299], [-119.895495, 36.735413]], [[-119.922372, 36.735299], [-119.916725, 36.735256], [-119.895495, 36.735413]], [[-119.895495, 36.735413], [-119.885367, 36.735483]], [[-119.885367, 36.735483], [-119.878676, 36.735496]], [[-119.885367, 36.735483], [-119.878794, 36.735459], [-119.878676, 36.735496]], [[-119.878676, 36.735496], [-119.867571, 36.735492]], [[-119.867571, 36.735492], [-119.85963, 36.735783], [-119.853175, 36.738223], [-119.819883, 36.738998], [-119.795347, 36.75102], [-119.783377, 36.753521], [-119.770462, 36.755095], [-119.739324, 36.755138], [-119.700291, 36.752831], [-119.685793, 36.753694], [-119.680825, 36.752931], [-119.675792, 36.750893], [-119.672293, 36.748296], [-119.665472, 36.740671], [-119.657542, 36.737451], [-119.625558, 36.736117], [-119.514757, 36.73592], [-119.497832, 36.734916], [-119.474788, 36.732455], [-119.440986, 36.719397]], [[-119.867571, 36.735492], [-119.860487, 36.735457], [-119.85958, 36.735569], [-119.852913, 36.737904], [-119.819758, 36.738726], [-119.79621, 36.750441], [-119.770133, 36.754852], [-119.739281, 36.754859], [-119.700273, 36.752574], [-119.685443, 36.75338], [-119.676293, 36.750865], [-119.666065, 36.740742], [-119.657542, 36.737188], [-119.627909, 36.735892], [-119.498254, 36.734712], [-119.47425, 36.732018], [-119.440986, 36.719397]], [[-119.440986, 36.719397], [-119.41223, 36.713845], [-119.397203, 36.719926], [-119.367544, 36.719351], [-119.358817, 36.715605], [-119.339548, 36.715181], [-119.330085, 36.718492], [-119.31409, 36.720172], [-119.306689, 36.723383], [-119.297436, 36.723457], [-119.293422, 36.725243], [-119.289466, 36.73049], [-119.283733, 36.730418], [-119.23332, 36.744192], [-119.213187, 36.754393], [-119.208006, 36.754897], [-119.202005, 36.75287], [-119.194954, 36.755641], [-119.188825, 36.753569], [-119.179248, 36.756455], [-119.173985, 36.753717], [-119.160517, 36.757482], [-119.150514, 36.75482], [-119.143627, 36.758148], [-119.137192, 36.763879], [-119.12987, 36.765298], [-119.127341, 36.764492], [-119.126502, 36.761561], [-119.122925, 36.758409], [-119.111553, 36.760969], [-119.099, 36.757155], [-119.088735, 36.746943], [-119.082123, 36.746624], [-119.078528, 36.743605], [-119.069045, 36.744958], [-119.057151, 36.740567], [-119.055739, 36.742019], [-119.063849, 36.748383], [-119.058347, 36.748671], [-119.055773, 36.746563], [-119.04517, 36.747069], [-119.044497, 36.742794], [-119.036084, 36.744066], [-119.032426, 36.741592], [-119.027729, 36.74133], [-119.012727, 36.725272], [-119.009094, 36.723287], [-118.999316, 36.719725], [-118.993402, 36.720344], [-118.991736, 36.723563]], [[-118.991736, 36.723563], [-118.991509, 36.72358]], [[-118.991736, 36.723563], [-118.99173, 36.723565], [-118.991509, 36.72358]], [[-118.991509, 36.72358], [-118.979551, 36.714872], [-118.973222, 36.713052], [-118.969482, 36.716474], [-118.96536, 36.714436], [-118.96391, 36.716328]], [[-118.959385, 36.75597], [-118.959332, 36.761267], [-118.956206, 36.76615], [-118.957981, 36.771385], [-118.961179, 36.774421], [-118.959574, 36.785548], [-118.956267, 36.78907], [-118.955493, 36.794314], [-118.948974, 36.801248], [-118.949064, 36.80279], [-118.940769, 36.805931], [-118.937405, 36.802576], [-118.933886, 36.80189], [-118.913284, 36.810771], [-118.914188, 36.816824], [-118.908399, 36.816342], [-118.910516, 36.822016], [-118.907783, 36.828369], [-118.908479, 36.830682], [-118.902667, 36.82998], [-118.901073, 36.83364], [-118.895726, 36.831601], [-118.890239, 36.831667], [-118.89259, 36.825875], [-118.897513, 36.822092], [-118.89411, 36.822087], [-118.888305, 36.825095], [-118.886908, 36.821331], [-118.888812, 36.816848]], [[-118.888812, 36.816848], [-118.888807, 36.816843], [-118.888664, 36.816762]], [[-118.888812, 36.816848], [-118.888664, 36.816762]], [[-118.888664, 36.816762], [-118.875509, 36.832178], [-118.870458, 36.828704], [-118.868322, 36.82959], [-118.862214, 36.826875], [-118.859284, 36.828276]], [[-118.859284, 36.828276], [-118.859119, 36.828217]], [[-118.859284, 36.828276], [-118.859276, 36.828274], [-118.859119, 36.828217]], [[-118.859119, 36.828217], [-118.848248, 36.824618], [-118.844989, 36.822002], [-118.84555, 36.819912], [-118.84222, 36.819287], [-118.834988, 36.813188], [-118.830674, 36.817528], [-118.835355, 36.822503], [-118.829914, 36.824384], [-118.823678, 36.817918], [-118.815962, 36.815173], [-118.814705, 36.811798], [-118.810726, 36.810531], [-118.805704, 36.813022], [-118.798405, 36.80754], [-118.790925, 36.809819], [-118.784462, 36.807277], [-118.779313, 36.808843], [-118.75713, 36.810152], [-118.751578, 36.808186], [-118.748341, 36.803143], [-118.745444, 36.802304], [-118.720745, 36.804474], [-118.697745, 36.802271]]]}}, {"type": "Feature", "properties": {"route_number": "SR-183"}, "geometry": {"type": "MultiLineString", "coordinates": [[[-121.75248, 36.761613], [-121.765433, 36.770827]], [[-121.752076, 36.761307], [-121.75248, 36.761613]], [[-121.752076, 36.761307], [-121.752334, 36.7616], [-121.75248, 36.761613]], [[-121.751147, 36.760621], [-121.752076, 36.761307]], [[-121.745038, 36.756146], [-121.751147, 36.760621]], [[-121.745038, 36.756146], [-121.748605, 36.75884], [-121.751147, 36.760621]], [[-121.677697, 36.685303], [-121.700191, 36.696429], [-121.732877, 36.729716], [-121.737525, 36.73657], [-121.742864, 36.753522], [-121.745038, 36.756146]], [[-121.655962, 36.6776], [-121.673976, 36.684528], [-121.675549, 36.685003], [-121.67755, 36.685327], [-121.677697, 36.685303]], [[-121.655962, 36.6776], [-121.677697, 36.685303]], [[-121.654862, 36.678993], [-121.65455, 36.677689], [-121.655463, 36.677584], [-121.655962, 36.6776]], [[-121.654862, 36.678993], [-121.655954, 36.677613]], [[-121.652766, 36.684658], [-121.654862, 36.678993]], [[-121.653201, 36.68729], [-121.652766, 36.684658]], [[-121.652534, 36.686943], [-121.652766, 36.684658]]]}}, {"type": "Feature", "properties": {"route_number": "SR-185"}, "geometry": {"type": "MultiLineString", "coordinates": [[[-122.165461, 37.737523], [-122.178497, 37.755179], [-122.216215, 37.77301], [-122.178611, 37.755103], [-122.165461, 37.737523]], [[-122.143079, 37.715528], [-122.156871, 37.72579], [-122.165461, 37.737523]], [[-122.12242, 37.700859], [-122.143079, 37.715528]], [[-122.122371, 37.700996], [-122.143079, 37.715528]]]}}, {"type": "Feature", "properties": {"route_number": "SR-187"}, "geometry": {"type": "MultiLineString", "coordinates": [[[-118.377282, 34.035702], [-118.374201, 34.037475]], [[-118.37711, 34.035599], [-118.37392, 34.037409]]]}}, {"type": "Feature", "properties": {"route_number": "SR-190"}, "geometry": {"type": "MultiLineString", "coordinates": [[[-119.311008, 36.051282], [-119.232678, 36.051411]], [[-119.232678, 36.051411], [-119.232091, 36.051396]], [[-119.232678, 36.051411], [-119.232387, 36.051178], [-119.232091, 36.051396]], [[-119.232091, 36.051396], [-119.192399, 36.051235]], [[-119.192399, 36.051235], [-119.178882, 36.051238]], [[-119.192399, 36.051235], [-119.178915, 36.051239], [-119.178882, 36.051238]], [[-119.178882, 36.051238], [-119.161093, 36.051265]], [[-119.161093, 36.051265], [-119.160097, 36.051266]], [[-119.161093, 36.051265], [-119.161074, 36.051266], [-119.160097, 36.051266]], [[-119.160097, 36.051266], [-119.046209, 36.051506]], [[-119.046209, 36.051506], [-119.042564, 36.051765], [-119.026311, 36.051669], [-119.017118, 36.051088], [-118.979057, 36.051251]], [[-119.046209, 36.051506], [-119.019249, 36.050948], [-118.979057, 36.051251]], [[-118.979057, 36.051251], [-118.96906, 36.050897], [-118.953183, 36.044217], [-118.937481, 36.04752]], [[-118.937481, 36.04752], [-118.937035, 36.047508]], [[-118.937481, 36.04752], [-118.937246, 36.047323], [-118.937035, 36.047508]], [[-118.937035, 36.047508], [-118.928616, 36.047862], [-118.915992, 36.055595], [-118.903781, 36.069142], [-118.900483, 36.078111], [-118.892002, 36.087126], [-118.880081, 36.09286], [-118.86685, 36.102189], [-118.832878, 36.100583], [-118.82028, 36.102895], [-118.818676, 36.106311], [-118.824315, 36.114724], [-118.825042, 36.122374], [-118.813611, 36.135276], [-118.807921, 36.138915], [-118.799348, 36.139393], [-118.793685, 36.135399], [-118.783575, 36.13205], [-118.775425, 36.13303], [-118.771981, 36.134338], [-118.770356, 36.138739], [-118.765854, 36.143742], [-118.758312, 36.145439], [-118.749405, 36.151435], [-118.744799, 36.151705], [-118.747506, 36.153936], [-118.742905, 36.152886], [-118.732605, 36.154652], [-118.711307, 36.162016], [-118.705454, 36.161034], [-118.706372, 36.161847], [-118.705954, 36.162964], [-118.705897, 36.161859], [-118.696098, 36.159093], [-118.691588, 36.160746], [-118.681855, 36.158812], [-118.673799, 36.160165], [-118.670447, 36.158382], [-118.669776, 36.155708], [-118.66373, 36.156588], [-118.662598, 36.153696], [-118.656723, 36.153123], [-118.655511, 36.150037], [-118.652501, 36.150435], [-118.648962, 36.146798], [-118.644559, 36.147281], [-118.644529, 36.143726], [-118.636888, 36.142841], [-118.637118, 36.140979], [-118.631721, 36.141147], [-118.628036, 36.13848], [-118.624852, 36.139766], [-118.619709, 36.136221], [-118.61664, 36.139564], [-118.617102, 36.141536], [-118.615217, 36.142003], [-118.615791, 36.145584], [-118.611797, 36.150111], [-118.609425, 36.148206], [-118.60801, 36.150901], [-118.605919, 36.15021], [-118.60517, 36.151663], [-118.602534, 36.150385], [-118.600341, 36.15329], [-118.596787, 36.152183], [-118.594332, 36.153552], [-118.592626, 36.151174], [-118.590934, 36.151924], [-118.585855, 36.149764], [-118.583219, 36.151011], [-118.581722, 36.149307], [-118.577307, 36.149333], [-118.577026, 36.147363], [-118.571293, 36.144669], [-118.569164, 36.144903], [-118.571823, 36.145239], [-118.573184, 36.147917], [-118.567183, 36.14499], [-118.563846, 36.145008], [-118.563257, 36.142919], [-118.560504, 36.141768], [-118.562342, 36.139874], [-118.560356, 36.138363], [-118.560697, 36.135679], [-118.555889, 36.12307], [-118.544764, 36.123365]], [[-118.006133, 36.282197], [-118.002172, 36.282627], [-117.979633, 36.307698], [-117.965062, 36.318489], [-117.944037, 36.32559], [-117.918458, 36.343776], [-117.824392, 36.430041], [-117.812386, 36.412166], [-117.802704, 36.377499], [-117.790935, 36.36537], [-117.779868, 36.358497], [-117.771396, 36.348926], [-117.748471, 36.335233], [-117.70144, 36.328475], [-117.684025, 36.31625], [-117.677645, 36.316072], [-117.665016, 36.321822], [-117.657184, 36.3284], [-117.634526, 36.358882], [-117.603016, 36.377103], [-117.595595, 36.379984], [-117.58519, 36.369356], [-117.583152, 36.361885], [-117.578038, 36.358768], [-117.57505, 36.358834], [-117.574554, 36.355165], [-117.571131, 36.352564], [-117.553389, 36.352214], [-117.549044, 36.349001], [-117.5438, 36.349378], [-117.539523, 36.344034], [-117.538424, 36.34564], [-117.540833, 36.348556], [-117.536104, 36.348806], [-117.534994, 36.357623], [-117.529339, 36.358437], [-117.52782, 36.348481], [-117.518242, 36.344874], [-117.512321, 36.340283], [-117.506355, 36.341772], [-117.504399, 36.345606], [-117.492105, 36.34653], [-117.481094, 36.342333], [-117.478292, 36.335254], [-117.469446, 36.339956], [-117.455003, 36.336718], [-117.349036, 36.344629], [-117.335511, 36.348737], [-117.31729, 36.346154], [-117.313799, 36.342899], [-117.311004, 36.342604], [-117.307649, 36.346867], [-117.30097, 36.347246], [-117.28917, 36.358921], [-117.286239, 36.36477], [-117.287003, 36.368213], [-117.27967, 36.402417], [-117.274192, 36.414661], [-117.270484, 36.419478], [-117.266525, 36.420318], [-117.261934, 36.427708], [-117.251161, 36.43415], [-117.244152, 36.445751], [-117.236158, 36.463843], [-117.227014, 36.49502], [-117.222858, 36.519436], [-117.219332, 36.529054], [-117.198627, 36.564497], [-117.145543, 36.607359], [-117.137139, 36.607195], [-117.127125, 36.603528], [-117.110594, 36.605333], [-117.095378, 36.601309], [-117.08206, 36.611341], [-117.067722, 36.61791], [-117.035755, 36.639244], [-117.032538, 36.64003], [-117.02902, 36.638991], [-117.016664, 36.628765], [-117.005006, 36.624333], [-116.97154, 36.597453], [-116.941864, 36.587464], [-116.93463, 36.583104], [-116.927688, 36.576353], [-116.911375, 36.569846], [-116.905691, 36.562313], [-116.894416, 36.556761], [-116.891615, 36.549688], [-116.885202, 36.541189], [-116.88263, 36.531851], [-116.881306, 36.51215], [-116.875799, 36.50287], [-116.874733, 36.497123], [-116.868573, 36.487935], [-116.871381, 36.482418], [-116.868469, 36.478152], [-116.864975, 36.45561], [-116.863139, 36.452325], [-116.854273, 36.448291], [-116.848917, 36.451402], [-116.844087, 36.450457], [-116.841172, 36.445851], [-116.836142, 36.442153], [-116.819672, 36.435684], [-116.802274, 36.414232], [-116.790709, 36.40738], [-116.773436, 36.401774], [-116.757304, 36.388144], [-116.744013, 36.385091], [-116.725609, 36.36589], [-116.710386, 36.362606], [-116.700804, 36.36821], [-116.691708, 36.376508], [-116.665218, 36.3722], [-116.65686, 36.366868], [-116.64166, 36.352826], [-116.597212, 36.340328], [-116.527623, 36.308964], [-116.507918, 36.303928], [-116.498751, 36.302913], [-116.415209, 36.304633]]]}}, {"type": "Feature", "properties": {"route_number": "SR-198"}, "geometry": {"type": "MultiLineString", "coordinates": [[[-121.024545, 36.120735], [-121.016185, 36.126024], [-121.011853, 36.131574], [-121.011275, 36.140494], [-121.006174, 36.14692], [-120.989916, 36.157593], [-120.981779, 36.158381], [-120.964332, 36.148731], [-120.933919, 36.150165], [-120.914562, 36.154608], [-120.903783, 36.160741], [-120.883804, 36.165847], [-120.857069, 36.165662], [-120.852117, 36.168922], [-120.846507, 36.183471], [-120.840921, 36.189482], [-120.837066, 36.189653], [-120.825358, 36.185706], [-120.811581, 36.18902], [-120.805758, 36.19236], [-120.80093, 36.190327], [-120.798408, 36.195578], [-120.800109, 36.198901], [-120.794308, 36.200527], [-120.78486, 36.19733], [-120.780007, 36.193753], [-120.774064, 36.192255], [-120.768079, 36.193916], [-120.759025, 36.192892], [-120.749036, 36.187689], [-120.746956, 36.189006], [-120.747184, 36.195764], [-120.73941, 36.195755], [-120.739043, 36.198314], [-120.734603, 36.202032], [-120.725411, 36.200546], [-120.719138, 36.196174], [-120.714084, 36.197059], [-120.708158, 36.192637], [-120.703939, 36.18592], [-120.690878, 36.177793], [-120.673599, 36.17343], [-120.665211, 36.167509], [-120.649697, 36.162351], [-120.646091, 36.159228], [-120.642453, 36.159521], [-120.637471, 36.157272], [-120.630807, 36.150217], [-120.62511, 36.147353], [-120.598774, 36.125024], [-120.557006, 36.108358], [-120.550698, 36.102892], [-120.512753, 36.091739], [-120.508236, 36.09256], [-120.493081, 36.088029], [-120.482893, 36.081776], [-120.479769, 36.083019], [-120.48141, 36.090242], [-120.480543, 36.091961], [-120.474696, 36.095835], [-120.466367, 36.098219], [-120.461487, 36.098119], [-120.461101, 36.09511], [-120.45943, 36.094465], [-120.444388, 36.099077], [-120.436558, 36.096593], [-120.434406, 36.093897], [-120.428363, 36.094413], [-120.42734, 36.091662], [-120.423989, 36.090511], [-120.423508, 36.095723], [-120.419118, 36.099543], [-120.405734, 36.103514], [-120.400987, 36.106979], [-120.390422, 36.110727], [-120.387673, 36.113466], [-120.378674, 36.116638], [-120.370617, 36.12891], [-120.360296, 36.139727]], [[-120.315277, 36.245816], [-120.310392, 36.249231], [-120.30206, 36.248226], [-120.276659, 36.249973], [-120.264595, 36.254129], [-120.10359, 36.255383]], [[-120.10359, 36.255383], [-120.090446, 36.255369]], [[-120.10359, 36.255383], [-120.103572, 36.255382], [-120.090446, 36.255369]], [[-120.090446, 36.255369], [-119.907601, 36.25535]], [[-119.907601, 36.25535], [-119.868197, 36.25608], [-119.789135, 36.290577], [-119.786646, 36.291272], [-119.784521, 36.29159], [-119.767323, 36.292273], [-119.754123, 36.297995], [-119.709601, 36.30886], [-119.683562, 36.316967], [-119.635745, 36.324401], [-119.605398, 36.324479], [-119.593474, 36.327633], [-119.591082, 36.327871], [-119.585526, 36.32785]], [[-119.907601, 36.25535], [-119.901127, 36.255238], [-119.871668, 36.255398], [-119.868101, 36.255874], [-119.789045, 36.290464], [-119.767272, 36.292165], [-119.754074, 36.297875], [-119.709557, 36.308715], [-119.683337, 36.316902], [-119.635712, 36.32428], [-119.605391, 36.324327], [-119.594459, 36.327308], [-119.585526, 36.32785]], [[-119.585526, 36.32785], [-119.582384, 36.327856]], [[-119.582384, 36.327856], [-119.574929, 36.328476], [-119.493308, 36.328568], [-119.417796, 36.327414], [-119.408694, 36.329035], [-119.400623, 36.327306], [-119.320895, 36.327543], [-119.281369, 36.326999], [-119.274656, 36.326449], [-119.260764, 36.327653], [-119.254629, 36.327122], [-119.232407, 36.327081], [-119.224726, 36.326568], [-119.218392, 36.326908], [-119.18499, 36.326853], [-119.130268, 36.326298], [-119.114864, 36.325796]], [[-119.582384, 36.327856], [-119.578415, 36.32784], [-119.575037, 36.328198], [-119.524854, 36.328313], [-119.421429, 36.327086], [-119.412808, 36.327477], [-119.406912, 36.326198], [-119.320731, 36.327334], [-119.274608, 36.326286], [-119.260761, 36.327525], [-119.254626, 36.326994], [-119.224626, 36.32645], [-119.114864, 36.325796]], [[-119.114864, 36.325796], [-119.07744, 36.32637], [-119.065867, 36.340586], [-119.043822, 36.35326], [-119.039529, 36.357728], [-119.026926, 36.375528], [-119.025001, 36.385595], [-119.022261, 36.387455], [-119.021028, 36.396279], [-119.013334, 36.401696], [-119.000349, 36.403686]], [[-119.000349, 36.403686], [-118.995109, 36.405511]], [[-119.000349, 36.403686], [-118.995301, 36.405514], [-118.995109, 36.405511]], [[-118.995109, 36.405511], [-118.991823, 36.406014], [-118.989623, 36.404489], [-118.991429, 36.397972], [-118.989849, 36.395971], [-118.983517, 36.398369], [-118.978727, 36.397094], [-118.972754, 36.39885], [-118.959507, 36.390127], [-118.952113, 36.387169], [-118.947704, 36.387315], [-118.946456, 36.389041], [-118.947239, 36.393711], [-118.952675, 36.400854], [-118.951628, 36.40528], [-118.944942, 36.41002], [-118.926288, 36.413433], [-118.920916, 36.419995], [-118.916116, 36.422403], [-118.914934, 36.426777], [-118.906338, 36.435893], [-118.901312, 36.447602], [-118.894341, 36.45392], [-118.88817, 36.454069], [-118.884501, 36.457554], [-118.873939, 36.458402], [-118.870733, 36.460331], [-118.867952, 36.465717], [-118.863486, 36.464279], [-118.860327, 36.465292], [-118.85869, 36.471425], [-118.839701, 36.47884], [-118.838238, 36.481652]]]}}, {"type": "Feature", "properties": {"route_number": "SR-2"}, "geometry": {"type": "MultiLineString", "coordinates": [[[-118.446191, 34.047213], [-118.451991, 34.045578], [-118.467734, 34.038634], [-118.446119, 34.047092]], [[-118.336296, 34.090729], [-118.306592, 34.090791]], [[-118.336296, 34.090729], [-118.342841, 34.090754], [-118.343361, 34.090705], [-118.343306, 34.090651], [-118.336296, 34.090729]], [[-118.266866, 34.072096], [-118.260002, 34.083519]], [[-118.260002, 34.083519], [-118.259344, 34.088904], [-118.258446, 34.091102], [-118.258459, 34.091452], [-118.259305, 34.089553], [-118.260002, 34.083519]], [[-118.258815, 34.091185], [-118.250623, 34.101101], [-118.249747, 34.108403], [-118.248744, 34.110359], [-118.242802, 34.11426], [-118.231816, 34.119722], [-118.228762, 34.123347], [-118.229628, 34.135268], [-118.224307, 34.154343], [-118.225594, 34.159704], [-118.225608, 34.162062], [-118.220476, 34.17878], [-118.217728, 34.18489], [-118.220206, 34.193097], [-118.220405, 34.19634], [-118.218644, 34.205769], [-118.215463, 34.211455], [-118.220131, 34.196347], [-118.217364, 34.185446], [-118.225215, 34.162632], [-118.224214, 34.153679], [-118.229414, 34.134703], [-118.228585, 34.123276], [-118.231665, 34.119573], [-118.248467, 34.110352], [-118.250272, 34.10103], [-118.258359, 34.091131]], [[-118.200244, 34.205886], [-118.200203, 34.217133], [-118.199789, 34.218258], [-118.199025, 34.218857], [-118.198476, 34.219063], [-118.196004, 34.219117], [-118.194019, 34.218553], [-118.191821, 34.217172], [-118.189337, 34.218412]], [[-118.200114, 34.205887], [-118.199679, 34.218212], [-118.196016, 34.219064], [-118.19172, 34.217084], [-118.189337, 34.218412]], [[-118.197522, 34.252332], [-118.199099, 34.254767], [-118.196647, 34.256622], [-118.196723, 34.259425], [-118.192915, 34.258114], [-118.192189, 34.26032], [-118.188659, 34.260344], [-118.187131, 34.263053], [-118.18343, 34.260624], [-118.182239, 34.264975], [-118.175796, 34.263046], [-118.173754, 34.266853], [-118.167874, 34.269685], [-118.161793, 34.267492], [-118.158843, 34.269756], [-118.152256, 34.27034], [-118.14444, 34.268324], [-118.140592, 34.269519], [-118.134052, 34.265867], [-118.126952, 34.265285], [-118.115656, 34.260792], [-118.117742, 34.268231], [-118.114555, 34.266136], [-118.115207, 34.263775], [-118.113199, 34.262154], [-118.111355, 34.263969], [-118.107804, 34.263816], [-118.10842, 34.262258], [-118.104948, 34.25844], [-118.100648, 34.261207], [-118.097876, 34.265533], [-118.089983, 34.264299], [-118.075318, 34.269855], [-118.069964, 34.267675], [-118.063378, 34.268979], [-118.060611, 34.271621], [-118.050604, 34.270623], [-118.040749, 34.273667], [-118.025467, 34.272294], [-118.015331, 34.273841], [-118.005789, 34.27784], [-117.999514, 34.284474], [-117.992806, 34.285826], [-117.996154, 34.289701], [-117.9956, 34.292754], [-118.00277, 34.295403], [-118.00298, 34.298539], [-118.008813, 34.298384], [-118.013109, 34.301155], [-118.013236, 34.305534], [-118.016032, 34.309138], [-118.008549, 34.311961], [-118.007523, 34.314448], [-118.010226, 34.31633], [-118.01017, 34.318778], [-118.002585, 34.31932], [-118.001608, 34.330053], [-117.995909, 34.331808], [-117.994453, 34.339702], [-117.988338, 34.345042], [-117.985251, 34.342286], [-117.978687, 34.34361], [-117.974206, 34.342198], [-117.967035, 34.34781], [-117.959718, 34.351023], [-117.949965, 34.34721], [-117.940877, 34.34997], [-117.946233, 34.352487], [-117.946703, 34.355483], [-117.944338, 34.353023], [-117.939074, 34.353343], [-117.928856, 34.349561], [-117.92553, 34.350318], [-117.921537, 34.347227], [-117.921285, 34.343051], [-117.919639, 34.342065], [-117.915323, 34.34452], [-117.909548, 34.343705], [-117.910026, 34.346285], [-117.903066, 34.349268], [-117.900841, 34.352498], [-117.89529, 34.352582], [-117.8926, 34.350189], [-117.888214, 34.352789], [-117.881411, 34.351013], [-117.880282, 34.353548], [-117.877318, 34.355062], [-117.876068, 34.359992], [-117.865077, 34.362646], [-117.859097, 34.359836], [-117.859328, 34.355957], [-117.848307, 34.357465], [-117.844305, 34.356128], [-117.842622, 34.358811], [-117.840526, 34.35909], [-117.837342, 34.356621], [-117.834848, 34.349915], [-117.828781, 34.348645], [-117.827134, 34.345408], [-117.821226, 34.344672], [-117.819447, 34.35009], [-117.810113, 34.348352], [-117.80848, 34.354301], [-117.812877, 34.359316], [-117.810214, 34.360403], [-117.803308, 34.368192]], [[-118.197395, 34.252128], [-118.197397, 34.25213], [-118.197522, 34.252332]], [[-118.197395, 34.252128], [-118.197522, 34.252332]], [[-118.189337, 34.218412], [-118.192963, 34.222252], [-118.188111, 34.224868], [-118.187914, 34.227035], [-118.18288, 34.22892], [-118.181584, 34.231721], [-118.185822, 34.237345], [-118.189798, 34.238076], [-118.188289, 34.241172], [-118.19054, 34.245771], [-118.194364, 34.248446], [-118.195061, 34.251645], [-118.197395, 34.252128]], [[-117.803308, 34.368192], [-117.802313, 34.3682]], [[-117.803308, 34.368192], [-117.803305, 34.368193], [-117.802313, 34.3682]], [[-117.802313, 34.3682], [-117.800769, 34.366938], [-117.802739, 34.364142], [-117.802306, 34.362106], [-117.799386, 34.361136], [-117.797653, 34.357931], [-117.790919, 34.36092], [-117.787345, 34.368174], [-117.781447, 34.367317], [-117.781238, 34.373972], [-117.782604, 34.376135], [-117.781024, 34.377443], [-117.778295, 34.374501], [-117.768607, 34.375703], [-117.766211, 34.37243], [-117.762477, 34.37428], [-117.747437, 34.372368], [-117.746073, 34.373229], [-117.746069, 34.377601], [-117.742081, 34.378553], [-117.73757, 34.375767], [-117.731928, 34.376834], [-117.729699, 34.379215], [-117.72348, 34.374692], [-117.713914, 34.373891], [-117.711084, 34.372003], [-117.705418, 34.378507], [-117.703802, 34.37825], [-117.701641, 34.373919], [-117.698532, 34.378598], [-117.693456, 34.378407]], [[-117.693456, 34.378407], [-117.692985, 34.378341], [-117.69253, 34.378385], [-117.690073, 34.378849]], [[-117.693456, 34.378407], [-117.693006, 34.378391], [-117.692545, 34.378439], [-117.690628, 34.378989], [-117.690073, 34.378849]], [[-117.690073, 34.378849], [-117.683842, 34.374686], [-117.65402, 34.366385]], [[-117.65402, 34.366385], [-117.653432, 34.366241], [-117.653426, 34.36624]], [[-117.65402, 34.366385], [-117.653426, 34.36624]], [[-117.653426, 34.36624], [-117.637428, 34.362973]], [[-117.637428, 34.362973], [-117.636225, 34.362084], [-117.635516, 34.36172], [-117.63182, 34.360566]], [[-117.637428, 34.362973], [-117.63182, 34.360566]], [[-117.63182, 34.360566], [-117.616298, 34.35615]], [[-117.616298, 34.35615], [-117.614543, 34.356573]], [[-117.616298, 34.35615], [-117.616223, 34.356145], [-117.615324, 34.356346], [-117.614543, 34.356573]], [[-117.614543, 34.356573], [-117.607225, 34.3589], [-117.60399, 34.362485], [-117.603373, 34.367079], [-117.608396, 34.373935], [-117.604878, 34.379595], [-117.59782, 34.379867], [-117.586386, 34.387956], [-117.576271, 34.390812]]]}}, {"type": "Feature", "properties": {"route_number": "SR-20"}, "geometry": {"type": "MultiLineString", "coordinates": [[[-123.807995, 39.420129], [-123.803728, 39.419423]], [[-123.803728, 39.419423], [-123.803229, 39.419359]], [[-123.803728, 39.419423], [-123.803623, 39.419363], [-123.803229, 39.419359]], [[-123.803229, 39.419359], [-123.802928, 39.419322]], [[-123.802928, 39.419322], [-123.801344, 39.419086]], [[-123.802928, 39.419322], [-123.802874, 39.419273], [-123.801344, 39.419086]], [[-123.801344, 39.419086], [-123.801012, 39.41906], [-123.800991, 39.41906]], [[-123.801344, 39.419086], [-123.800991, 39.41906]], [[-123.800991, 39.41906], [-123.800362, 39.419117], [-123.800283, 39.41905]], [[-123.800991, 39.41906], [-123.800283, 39.41905]], [[-123.800283, 39.41905], [-123.798763, 39.41902]], [[-123.798763, 39.41902], [-123.797888, 39.419042], [-123.797102, 39.418762], [-123.796348, 39.418345], [-123.795318, 39.41751]], [[-123.798763, 39.41902], [-123.795318, 39.41751]], [[-123.795318, 39.41751], [-123.792803, 39.416482]], [[-123.792803, 39.416482], [-123.790292, 39.41644], [-123.788996, 39.416168], [-123.788001, 39.415836]], [[-123.792803, 39.416482], [-123.788001, 39.415836]], [[-123.788001, 39.415836], [-123.783594, 39.415409]], [[-123.783594, 39.415409], [-123.777141, 39.415483]], [[-123.783594, 39.415409], [-123.781421, 39.415503], [-123.777141, 39.415483]], [[-123.777141, 39.415483], [-123.772942, 39.415414]], [[-123.772942, 39.415414], [-123.772399, 39.41547], [-123.7698, 39.414993]], [[-123.772942, 39.415414], [-123.7698, 39.414993]], [[-123.7698, 39.414993], [-123.766684, 39.414425]], [[-123.766684, 39.414425], [-123.766549, 39.414459], [-123.765946, 39.414301]], [[-123.766684, 39.414425], [-123.765946, 39.414301]], [[-123.765946, 39.414301], [-123.747419, 39.410767]], [[-123.747419, 39.410767], [-123.747254, 39.410592]], [[-123.747419, 39.410767], [-123.747267, 39.41061], [-123.747254, 39.410592]], [[-123.747254, 39.410592], [-123.739462, 39.402978], [-123.736043, 39.403551], [-123.733499, 39.406668], [-123.728383, 39.407532], [-123.721525, 39.404854], [-123.710352, 39.392869], [-123.704905, 39.390659], [-123.699167, 39.385298], [-123.692543, 39.383405], [-123.690796, 39.378602], [-123.682773, 39.374042], [-123.676456, 39.365342], [-123.672961, 39.365317], [-123.669135, 39.362808], [-123.665048, 39.363543], [-123.660737, 39.35895], [-123.657239, 39.359475], [-123.651421, 39.356707], [-123.644689, 39.360417], [-123.629302, 39.355817], [-123.624232, 39.359084], [-123.620042, 39.359541], [-123.614313, 39.35419], [-123.609534, 39.353476], [-123.601874, 39.34807], [-123.595681, 39.34636], [-123.587608, 39.34921], [-123.572254, 39.348699], [-123.563247, 39.346482], [-123.561869, 39.351701], [-123.556852, 39.35286]], [[-123.556852, 39.35286], [-123.556665, 39.35286]], [[-123.556852, 39.35286], [-123.556831, 39.352862], [-123.556665, 39.35286]], [[-123.556665, 39.35286], [-123.554064, 39.351297]], [[-123.554064, 39.351297], [-123.554037, 39.351289], [-123.553721, 39.351231]], [[-123.554064, 39.351297], [-123.553721, 39.351231]], [[-123.553721, 39.351231], [-123.536311, 39.346796], [-123.531926, 39.348612], [-123.522315, 39.34625], [-123.516374, 39.348594], [-123.512594, 39.348253], [-123.509268, 39.353014], [-123.510517, 39.354214], [-123.509746, 39.35899], [-123.506451, 39.359767], [-123.507235, 39.360954], [-123.505611, 39.362175], [-123.500928, 39.363333], [-123.502006, 39.365476], [-123.498794, 39.365938], [-123.498863, 39.367632], [-123.496648, 39.368308], [-123.497516, 39.371649], [-123.495584, 39.372577], [-123.495687, 39.37559], [-123.4892, 39.377824], [-123.486044, 39.377092], [-123.484965, 39.379891], [-123.480346, 39.381437], [-123.480678, 39.382918], [-123.474909, 39.382848], [-123.474054, 39.385569], [-123.468839, 39.387144], [-123.466284, 39.392605]], [[-123.466284, 39.392605], [-123.466283, 39.392864]], [[-123.466284, 39.392605], [-123.466287, 39.392839], [-123.466283, 39.392864]], [[-123.466283, 39.392864], [-123.455655, 39.394241], [-123.45347, 39.397564], [-123.442314, 39.388442], [-123.427555, 39.38758], [-123.416671, 39.391296], [-123.407926, 39.389904], [-123.391786, 39.394646], [-123.39003, 39.402186], [-123.378664, 39.407952], [-123.372831, 39.405674], [-123.359967, 39.405232], [-123.356093, 39.403788]], [[-123.356093, 39.403788], [-123.356078, 39.403785], [-123.355832, 39.403768]], [[-123.356093, 39.403788], [-123.355832, 39.403768]], [[-123.355832, 39.403768], [-123.351657, 39.404119]], [[-123.351657, 39.404119], [-123.348962, 39.39454], [-123.34287, 39.383091]], [[-123.351657, 39.404119], [-123.349808, 39.401663], [-123.348808, 39.394603], [-123.34287, 39.383091]], [[-123.34287, 39.383091], [-123.339018, 39.37826], [-123.332601, 39.375809]], [[-123.332601, 39.375809], [-123.332594, 39.375807], [-123.332041, 39.375677]], [[-123.332601, 39.375809], [-123.332041, 39.375677]], [[-123.332041, 39.375677], [-123.324408, 39.375914]], [[-123.207486, 39.239922], [-123.20017, 39.243356], [-123.195783, 39.242613]], [[-123.195783, 39.242613], [-123.195593, 39.242473]], [[-123.195783, 39.242613], [-123.195613, 39.242491], [-123.195593, 39.242473]], [[-123.195593, 39.242473], [-123.192022, 39.239279], [-123.179947, 39.239819], [-123.173319, 39.237767], [-123.15139, 39.236631]], [[-123.15139, 39.236631], [-123.149837, 39.23755]], [[-123.15139, 39.236631], [-123.149912, 39.237539], [-123.149837, 39.23755]], [[-123.149837, 39.23755], [-123.144535, 39.239389], [-123.141502, 39.242326], [-123.137219, 39.242754]], [[-123.137219, 39.242754], [-123.129933, 39.245654], [-123.128646, 39.246017], [-123.127104, 39.246001], [-123.126025, 39.2457], [-123.123662, 39.244094]], [[-123.137219, 39.242754], [-123.137106, 39.242743], [-123.136079, 39.243085], [-123.13233, 39.24442], [-123.128652, 39.2459], [-123.123662, 39.244094]], [[-123.123662, 39.244094], [-123.110732, 39.236987]], [[-123.110732, 39.236987], [-123.109824, 39.235859], [-123.109808, 39.235841]], [[-123.110732, 39.236987], [-123.109808, 39.235841]], [[-123.109808, 39.235841], [-123.095189, 39.230109], [-123.078562, 39.215771], [-123.066372, 39.211903], [-123.060183, 39.206485], [-123.051116, 39.202077], [-123.038893, 39.190322], [-123.022767, 39.183652], [-123.012086, 39.172336], [-122.997676, 39.164525], [-122.995636, 39.160053], [-122.992112, 39.157232], [-122.989812, 39.157286], [-122.980803, 39.164281], [-122.974881, 39.166414], [-122.96553, 39.165094], [-122.954701, 39.173798], [-122.951255, 39.174955], [-122.938623, 39.172089], [-122.921118, 39.163403]], [[-122.921118, 39.163403], [-122.920759, 39.163325]], [[-122.921118, 39.163403], [-122.921035, 39.163192], [-122.920759, 39.163325]], [[-122.920759, 39.163325], [-122.914319, 39.162758]], [[-122.914319, 39.162758], [-122.902057, 39.161485]], [[-122.914319, 39.162758], [-122.912005, 39.162262], [-122.902057, 39.161485]], [[-122.902057, 39.161485], [-122.893681, 39.158077], [-122.884088, 39.143543]], [[-122.884088, 39.143543], [-122.882287, 39.140696]], [[-122.884088, 39.143543], [-122.884, 39.143479], [-122.882287, 39.140696]], [[-122.882287, 39.140696], [-122.878109, 39.13498], [-122.873256, 39.13168]], [[-122.873256, 39.13168], [-122.87124, 39.130112], [-122.869715, 39.129806]], [[-122.873256, 39.13168], [-122.869715, 39.129806]], [[-122.869715, 39.129806], [-122.858101, 39.123318], [-122.852271, 39.122853]], [[-122.852271, 39.122853], [-122.845323, 39.123063], [-122.842959, 39.122774], [-122.837268, 39.120821], [-122.832098, 39.117917]], [[-122.852271, 39.122853], [-122.842944, 39.122705], [-122.832098, 39.117917]], [[-122.832098, 39.117917], [-122.821847, 39.113849], [-122.801325, 39.095738]], [[-122.801325, 39.095738], [-122.791088, 39.083714]], [[-122.801325, 39.095738], [-122.796153, 39.090953], [-122.791088, 39.083714]], [[-122.791088, 39.083714], [-122.78317, 39.076642], [-122.782007, 39.071365], [-122.784666, 39.064377], [-122.78095, 39.058968], [-122.782701, 39.054659], [-122.777808, 39.047263], [-122.778261, 39.044774], [-122.769275, 39.038149], [-122.757779, 39.040134], [-122.755247, 39.042818], [-122.751556, 39.043081], [-122.747588, 39.041163], [-122.743617, 39.033467], [-122.734803, 39.027058], [-122.725589, 39.023646], [-122.722065, 39.024335], [-122.716974, 39.021813], [-122.704629, 39.02029], [-122.689697, 39.021436], [-122.686423, 39.01969], [-122.6829, 39.020716], [-122.676722, 39.019546], [-122.675301, 39.022275]], [[-122.675301, 39.022275], [-122.673245, 39.025234], [-122.667773, 39.027485], [-122.659688, 39.025277]], [[-122.675301, 39.022275], [-122.673369, 39.025278], [-122.667776, 39.02758], [-122.659688, 39.025277]], [[-122.659688, 39.025277], [-122.652793, 39.022167]], [[-122.652793, 39.022167], [-122.648521, 39.020205]], [[-122.652793, 39.022167], [-122.650754, 39.021319], [-122.648521, 39.020205]], [[-122.648521, 39.020205], [-122.636042, 39.013998], [-122.61449, 39.008554]], [[-122.61449, 39.008554], [-122.614056, 39.008582]], [[-122.61449, 39.008554], [-122.614194, 39.008349], [-122.614056, 39.008582]], [[-122.614056, 39.008582], [-122.606035, 39.010112], [-122.600031, 39.016454]], [[-122.600031, 39.016454], [-122.595995, 39.018217]], [[-122.600031, 39.016454], [-122.598066, 39.018031], [-122.595995, 39.018217]], [[-122.595995, 39.018217], [-122.588602, 39.015385], [-122.584536, 39.017446], [-122.57558, 39.018168]], [[-122.57558, 39.018168], [-122.574555, 39.01829], [-122.573567, 39.018229], [-122.571278, 39.017562]], [[-122.57558, 39.018168], [-122.571278, 39.017562]], [[-122.571278, 39.017562], [-122.560729, 39.011612], [-122.559877, 39.00351], [-122.556692, 38.998515], [-122.540434, 38.988921], [-122.522898, 38.994382], [-122.510164, 39.004484], [-122.50417, 39.004339], [-122.499278, 39.002232]], [[-122.499278, 39.002232], [-122.494683, 39.002337]], [[-122.499278, 39.002232], [-122.49692, 39.001444], [-122.494683, 39.002337]], [[-122.494683, 39.002337], [-122.489775, 39.00657], [-122.491359, 39.018501], [-122.486045, 39.022804], [-122.478398, 39.021948], [-122.469679, 39.025245], [-122.454407, 39.023058]], [[-122.454407, 39.023058], [-122.453268, 39.022838]], [[-122.454407, 39.023058], [-122.453348, 39.022811], [-122.453268, 39.022838]], [[-122.453268, 39.022838], [-122.449214, 39.021557], [-122.443478, 39.015925], [-122.438251, 39.014904], [-122.433568, 39.010925], [-122.427835, 39.008985], [-122.415471, 39.009145], [-122.40881, 39.011307], [-122.392877, 39.004179], [-122.3914, 39.004868], [-122.390128, 39.011554], [-122.388094, 39.01324], [-122.378917, 39.013524], [-122.36448, 39.01124], [-122.360082, 39.012145]], [[-122.360082, 39.012145], [-122.357807, 39.014568]], [[-122.360082, 39.012145], [-122.360007, 39.012142], [-122.359543, 39.012447], [-122.358665, 39.013214], [-122.357807, 39.014568]], [[-122.357807, 39.014568], [-122.353437, 39.022113], [-122.346089, 39.023977], [-122.338445, 39.03156], [-122.342728, 39.053313], [-122.345498, 39.058519], [-122.346701, 39.076989], [-122.345991, 39.088691], [-122.34201, 39.098317], [-122.334085, 39.103074], [-122.30542, 39.107911], [-122.259759, 39.147851], [-122.246863, 39.149033], [-122.239822, 39.152933], [-122.174664, 39.153089], [-122.155372, 39.164246], [-122.133017, 39.173993], [-122.094832, 39.195334], [-122.040725, 39.195572], [-122.023037, 39.20241], [-122.018136, 39.206918], [-122.014761, 39.215621]], [[-122.014761, 39.215621], [-122.001268, 39.212471]], [[-122.014761, 39.215621], [-122.010107, 39.214444], [-122.001268, 39.212471]], [[-122.004381, 39.204143], [-122.004472, 39.202944]], [[-122.004472, 39.202944], [-121.989435, 39.176291], [-121.98862, 39.175098], [-121.984813, 39.171098]], [[-122.004472, 39.202944], [-121.989325, 39.176317], [-121.984813, 39.171098]], [[-122.003715, 39.205995], [-122.004381, 39.204143]], [[-122.003715, 39.205995], [-122.004343, 39.20443], [-122.004381, 39.204143]], [[-122.001268, 39.212471], [-122.003715, 39.205995]], [[-121.984813, 39.171098], [-121.967846, 39.151451]], [[-121.967846, 39.151451], [-121.966607, 39.150718], [-121.964606, 39.149993], [-121.948068, 39.146186], [-121.945604, 39.145961], [-121.939218, 39.146047]], [[-121.967846, 39.151451], [-121.948049, 39.146261], [-121.939218, 39.146047]], [[-121.939218, 39.146047], [-121.924876, 39.146008]], [[-121.924876, 39.146008], [-121.91915, 39.145676]], [[-121.924876, 39.146008], [-121.921256, 39.145684], [-121.91915, 39.145676]], [[-121.91915, 39.145676], [-121.915898, 39.145663]], [[-121.915898, 39.145663], [-121.913678, 39.145755], [-121.91183, 39.145736], [-121.910509, 39.145661], [-121.908589, 39.145351]], [[-121.915898, 39.145663], [-121.908589, 39.145351]], [[-121.908589, 39.145351], [-121.901685, 39.14362]], [[-121.901685, 39.14362], [-121.897886, 39.143305]], [[-121.901685, 39.14362], [-121.899992, 39.14334], [-121.897886, 39.143305]], [[-121.897886, 39.143305], [-121.88886, 39.143295]], [[-121.88886, 39.143295], [-121.882324, 39.143237]], [[-121.88886, 39.143295], [-121.882489, 39.143202], [-121.882324, 39.143237]], [[-121.882324, 39.143237], [-121.844003, 39.142885], [-121.815475, 39.150037], [-121.792147, 39.149467], [-121.776352, 39.143056], [-121.758521, 39.142373]], [[-121.758521, 39.142373], [-121.751195, 39.142271]], [[-121.758521, 39.142373], [-121.753976, 39.142252], [-121.751195, 39.142271]], [[-121.751195, 39.142271], [-121.724937, 39.141948]], [[-121.724937, 39.141948], [-121.684439, 39.141277], [-121.631888, 39.141706], [-121.6179, 39.140567], [-121.599426, 39.144986], [-121.591172, 39.144689]], [[-121.724937, 39.141948], [-121.633508, 39.141907], [-121.617914, 39.140706], [-121.599469, 39.145077], [-121.591721, 39.145815], [-121.591172, 39.144689]], [[-121.591172, 39.144689], [-121.586656, 39.145022], [-121.587141, 39.148436], [-121.585313, 39.14856]], [[-121.585313, 39.14856], [-121.577323, 39.149404]], [[-121.585313, 39.14856], [-121.585166, 39.14854], [-121.578255, 39.149131], [-121.577323, 39.149404]], [[-121.577323, 39.149404], [-121.561809, 39.160948], [-121.558055, 39.167372], [-121.550228, 39.174122], [-121.536038, 39.190951], [-121.517447, 39.201826], [-121.51457, 39.210877]], [[-121.51457, 39.210877], [-121.512732, 39.213294], [-121.509562, 39.214177]], [[-121.51457, 39.210877], [-121.512816, 39.213393], [-121.509562, 39.214177]], [[-121.509562, 39.214177], [-121.483247, 39.21436], [-121.466371, 39.221406], [-121.44663, 39.221448], [-121.405491, 39.230444], [-121.37557, 39.229719], [-121.370665, 39.233231]], [[-121.370665, 39.233231], [-121.370521, 39.23327]], [[-121.370665, 39.233231], [-121.370541, 39.233266], [-121.370521, 39.23327]], [[-121.370521, 39.23327], [-121.365003, 39.233255]], [[-121.365003, 39.233255], [-121.364192, 39.233259]], [[-121.365003, 39.233255], [-121.364974, 39.233254], [-121.364192, 39.233259]], [[-121.364192, 39.233259], [-121.358439, 39.230885], [-121.352563, 39.230819], [-121.349199, 39.2275]], [[-121.349199, 39.2275], [-121.348198, 39.226052], [-121.347754, 39.225642]], [[-121.349199, 39.2275], [-121.347754, 39.225642]], [[-121.347754, 39.225642], [-121.336489, 39.221251], [-121.330761, 39.216493]], [[-121.330761, 39.216493], [-121.330108, 39.216258], [-121.329318, 39.216166]], [[-121.330761, 39.216493], [-121.329318, 39.216166]], [[-121.329318, 39.216166], [-121.322492, 39.216231], [-121.317522, 39.21121], [-121.310988, 39.210388]], [[-121.310988, 39.210388], [-121.309903, 39.210381], [-121.308861, 39.210197], [-121.307818, 39.209808], [-121.30709, 39.209334]], [[-121.310988, 39.210388], [-121.30709, 39.209334]], [[-121.30709, 39.209334], [-121.296001, 39.201325], [-121.290911, 39.201563]], [[-121.290911, 39.201563], [-121.2857, 39.20235]], [[-121.290911, 39.201563], [-121.289632, 39.201847], [-121.2857, 39.20235]], [[-121.2857, 39.20235], [-121.279593, 39.203863], [-121.275067, 39.206949], [-121.265704, 39.204001], [-121.249231, 39.209403], [-121.243744, 39.208516]], [[-121.243744, 39.208516], [-121.24371, 39.208512], [-121.242803, 39.208435]], [[-121.243744, 39.208516], [-121.242803, 39.208435]], [[-121.242803, 39.208435], [-121.220075, 39.199781], [-121.201395, 39.206257], [-121.183349, 39.20337], [-121.171396, 39.203294]], [[-121.171396, 39.203294], [-121.168063, 39.203308]], [[-121.171396, 39.203294], [-121.168206, 39.20325], [-121.168063, 39.203308]], [[-121.168063, 39.203308], [-121.159077, 39.205215], [-121.15102, 39.204825], [-121.138735, 39.208818], [-121.127163, 39.209722], [-121.111012, 39.205287], [-121.090957, 39.209112], [-121.078891, 39.209283]], [[-121.078891, 39.209283], [-121.074251, 39.21014], [-121.071433, 39.210111], [-121.069847, 39.20984]], [[-121.078891, 39.209283], [-121.078705, 39.209256], [-121.075738, 39.209832], [-121.074199, 39.21001], [-121.069847, 39.20984]], [[-121.069847, 39.20984], [-121.068454, 39.209665]], [[-121.068454, 39.209665], [-121.068198, 39.209665]], [[-121.068454, 39.209665], [-121.068223, 39.209591]], [[-121.068232, 39.209564], [-121.068223, 39.209591]], [[-121.068223, 39.209591], [-121.068198, 39.209665]], [[-121.068223, 39.209591], [-121.06812, 39.209573]], [[-121.068198, 39.209665], [-121.067673, 39.210678], [-121.064027, 39.214381], [-121.058316, 39.219053], [-121.05717, 39.219717], [-121.052288, 39.221405], [-121.04975, 39.224259], [-121.042938, 39.229572], [-121.03602, 39.236034], [-121.032707, 39.241824], [-121.025942, 39.246731], [-121.018757, 39.257077], [-121.01857, 39.260307], [-121.016616, 39.263007], [-121.016833, 39.265055], [-121.016603, 39.266094], [-121.014054, 39.269273]], [[-121.068198, 39.209665], [-121.068087, 39.209648]], [[-121.068059, 39.209538], [-121.058256, 39.218979], [-121.052198, 39.221304], [-121.042737, 39.229547], [-121.035776, 39.236044], [-121.032734, 39.241597], [-121.025779, 39.246649], [-121.018556, 39.256995], [-121.01647, 39.262967], [-121.016426, 39.266024], [-121.014054, 39.269273]], [[-121.014054, 39.269273], [-121.010872, 39.273062], [-120.997987, 39.280405]], [[-120.997987, 39.280405], [-120.997757, 39.28052]], [[-120.997987, 39.280405], [-120.997788, 39.280507], [-120.997757, 39.28052]], [[-120.997757, 39.28052], [-120.983984, 39.283374], [-120.976993, 39.281968], [-120.97218, 39.2835], [-120.968938, 39.282784], [-120.96503, 39.284926], [-120.94276, 39.287317], [-120.921197, 39.298879], [-120.906415, 39.312834], [-120.890708, 39.317746], [-120.880094, 39.32337], [-120.853555, 39.322976], [-120.84387, 39.319895], [-120.832714, 39.324038], [-120.830407, 39.3213], [-120.822311, 39.321904], [-120.8178, 39.317718], [-120.806306, 39.315273], [-120.798064, 39.31659], [-120.791505, 39.320064], [-120.786235, 39.319549], [-120.781135, 39.313538], [-120.775171, 39.309711], [-120.768045, 39.31018], [-120.763593, 39.308047]], [[-120.763593, 39.308047], [-120.763575, 39.308046], [-120.763227, 39.308045]], [[-120.763593, 39.308047], [-120.763227, 39.308045]], [[-120.763227, 39.308045], [-120.758131, 39.310341], [-120.746376, 39.319775], [-120.742809, 39.320633], [-120.726458, 39.317984], [-120.722663, 39.314523], [-120.715755, 39.31374], [-120.718592, 39.309635], [-120.714758, 39.307005], [-120.718026, 39.304493], [-120.717072, 39.302968], [-120.689111, 39.310529], [-120.671068, 39.303958], [-120.624969, 39.319448], [-120.604443, 39.322607], [-120.598972, 39.324815]]]}}, {"type": "Feature", "properties": {"route_number": "SR-202"}, "geometry": {"type": "MultiLineString", "coordinates": [[[-118.574795, 35.12371], [-118.573702, 35.12647], [-118.56477, 35.134463], [-118.560418, 35.135642], [-118.537027, 35.123031], [-118.53037, 35.11519], [-118.514538, 35.111207], [-118.510228, 35.112566], [-118.499386, 35.122995], [-118.495681, 35.124302]], [[-118.495681, 35.124302], [-118.484562, 35.124346]], [[-118.495681, 35.124302], [-118.485141, 35.124283], [-118.484562, 35.124346]], [[-118.484562, 35.124346], [-118.4678, 35.124346]], [[-118.4678, 35.124346], [-118.467098, 35.133519], [-118.467238, 35.135614], [-118.467599, 35.136899]], [[-118.4678, 35.124346], [-118.467599, 35.136899]], [[-118.467599, 35.136899], [-118.468554, 35.139753], [-118.466482, 35.142292]]]}}, {"type": "Feature", "properties": {"route_number": "SR-203"}, "geometry": {"type": "MultiLineString", "coordinates": [[[-119.057858, 37.653961], [-119.048563, 37.650407], [-119.039354, 37.650301], [-119.030543, 37.654723], [-119.02218, 37.649959], [-119.012988, 37.648613], [-119.005491, 37.651281], [-119.003421, 37.65031], [-119.000701, 37.651468], [-118.99805, 37.649939], [-118.994685, 37.653714], [-118.996111, 37.6556], [-118.993016, 37.656208], [-118.990783, 37.653997], [-118.985444, 37.653495], [-118.984545, 37.650286]], [[-118.984545, 37.650286], [-118.984536, 37.650271], [-118.984514, 37.650239]], [[-118.984545, 37.650286], [-118.984514, 37.650239]], [[-118.984514, 37.650239], [-118.983216, 37.648832]], [[-118.983216, 37.648832], [-118.983124, 37.648451], [-118.983119, 37.648452]], [[-118.983216, 37.648832], [-118.983119, 37.648452]], [[-118.983119, 37.648452], [-118.982216, 37.648556]], [[-118.982216, 37.648556], [-118.981337, 37.648612]], [[-118.982216, 37.648556], [-118.982187, 37.648559], [-118.981337, 37.648612]], [[-118.981337, 37.648612], [-118.974641, 37.648622]], [[-118.974641, 37.648622], [-118.952767, 37.646159], [-118.936427, 37.640109], [-118.918064, 37.640994]], [[-118.974641, 37.648622], [-118.954267, 37.646227], [-118.936841, 37.639625], [-118.918064, 37.640994]], [[-118.918064, 37.640994], [-118.915928, 37.641475]], [[-118.915928, 37.641475], [-118.915567, 37.641562]], [[-118.915928, 37.641475], [-118.91559, 37.641557], [-118.915567, 37.641562]], [[-118.915567, 37.641562], [-118.914858, 37.641708]]]}}, {"type": "Feature", "properties": {"route_number": "SR-204"}, "geometry": {"type": "MultiLineString", "coordinates": [[[-119.003082, 35.352456], [-119.0038, 35.378993], [-119.01297, 35.383411], [-119.021612, 35.388519], [-119.036089, 35.399371], [-119.045698, 35.403208]], [[-119.002946, 35.352464], [-119.003664, 35.379082], [-119.021072, 35.388364], [-119.035707, 35.399197], [-119.045322, 35.404181]]]}}, {"type": "Feature", "properties": {"route_number": "SR-207"}, "geometry": {"type": "LineString", "coordinates": [[-120.019467, 38.482564], [-120.023681, 38.491827], [-120.034593, 38.492165]]}}, {"type": "Feature", "properties": {"route_number": "SR-22"}, "geometry": {"type": "MultiLineString", "coordinates": [[[-118.122673, 33.77537], [-118.113081, 33.775344], [-118.108695, 33.774261], [-118.086098, 33.774828]], [[-118.122547, 33.775277], [-118.108718, 33.774162], [-118.086115, 33.774204]], [[-118.042096, 33.774337], [-118.014045, 33.77419], [-118.008605, 33.774483], [-118.002292, 33.771976], [-118.0005, 33.771561], [-117.981944, 33.770344], [-117.975582, 33.766659], [-117.972235, 33.765718], [-117.926577, 33.766038], [-117.923774, 33.766515], [-117.912663, 33.770433], [-117.894257, 33.778851], [-117.860894, 33.778126], [-117.853493, 33.77565], [-117.850277, 33.775094], [-117.831207, 33.776974]], [[-118.042086, 33.775139], [-118.008493, 33.774647], [-118.000557, 33.771758], [-117.981787, 33.77049], [-117.972235, 33.765898], [-117.928306, 33.766198], [-117.914293, 33.769984], [-117.894183, 33.779037], [-117.860994, 33.778312], [-117.850307, 33.775305], [-117.831207, 33.776974]], [[-117.831207, 33.776974], [-117.831052, 33.77716]], [[-117.831207, 33.776974], [-117.831038, 33.77681]]]}}, {"type": "Feature", "properties": {"route_number": "SR-223"}, "geometry": {"type": "MultiLineString", "coordinates": [[[-119.162888, 35.209137], [-118.843924, 35.209026]], [[-118.843924, 35.209026], [-118.824612, 35.209114]], [[-118.843924, 35.209026], [-118.833208, 35.209024], [-118.824612, 35.209114]], [[-118.824612, 35.209114], [-118.742474, 35.209867], [-118.724867, 35.218206], [-118.711111, 35.221404], [-118.70112, 35.233676], [-118.691796, 35.237256], [-118.672839, 35.248543], [-118.658406, 35.264293]]]}}, {"type": "Feature", "properties": {"route_number": "SR-227"}, "geometry": {"type": "MultiLineString", "coordinates": [[[-120.62111, 35.221292], [-120.62587, 35.224637], [-120.630922, 35.233176], [-120.631675, 35.234209], [-120.633778, 35.2365], [-120.625906, 35.224557], [-120.62111, 35.221292]], [[-120.616432, 35.21578], [-120.62111, 35.221292]], [[-120.616106, 35.211695], [-120.616432, 35.21578]], [[-120.616106, 35.211695], [-120.616197, 35.214228], [-120.616432, 35.21578]], [[-120.573954, 35.148715], [-120.573733, 35.152312], [-120.577122, 35.155783], [-120.577522, 35.165853], [-120.582177, 35.16874], [-120.586618, 35.174849], [-120.602566, 35.189436], [-120.6039, 35.192198], [-120.603297, 35.197488], [-120.612195, 35.202898], [-120.616106, 35.211695]], [[-120.573917, 35.148583], [-120.573919, 35.148586], [-120.573954, 35.148715]], [[-120.573917, 35.148583], [-120.573954, 35.148715]], [[-120.570646, 35.128006], [-120.571617, 35.129979], [-120.569946, 35.133941], [-120.57119, 35.134857], [-120.569002, 35.140732], [-120.573917, 35.148583]]]}}, {"type": "Feature", "properties": {"route_number": "SR-229"}, "geometry": {"type": "MultiLineString", "coordinates": [[[-120.546857, 35.423785], [-120.547094, 35.42953], [-120.543603, 35.435364], [-120.543317, 35.43886], [-120.549365, 35.452607], [-120.555303, 35.458434], [-120.552967, 35.465884], [-120.542782, 35.470059], [-120.54247, 35.484045], [-120.544946, 35.488203], [-120.531156, 35.498252], [-120.531779, 35.506611], [-120.523632, 35.520016]], [[-120.523503, 35.520239], [-120.521449, 35.528201], [-120.526156, 35.534349]], [[-120.523632, 35.520016], [-120.523503, 35.520239]], [[-120.523632, 35.520016], [-120.523517, 35.520219], [-120.523503, 35.520239]]]}}, {"type": "Feature", "properties": {"route_number": "SR-23"}, "geometry": {"type": "MultiLineString", "coordinates": [[[-118.905747, 34.345314], [-118.911887, 34.344093], [-118.9163, 34.34845], [-118.920995, 34.357023], [-118.920194, 34.371276], [-118.915618, 34.372636], [-118.915775, 34.385486], [-118.917798, 34.396209]], [[-118.905798, 34.345221], [-118.90578, 34.34524], [-118.905747, 34.345314]], [[-118.905798, 34.345221], [-118.905747, 34.345314]], [[-118.88155, 34.291506], [-118.877639, 34.299385], [-118.880257, 34.314654], [-118.902171, 34.315532], [-118.903687, 34.330503], [-118.90093, 34.339861], [-118.903428, 34.34073], [-118.904024, 34.343194], [-118.90651, 34.343016], [-118.904683, 34.341261], [-118.908552, 34.343277], [-118.905798, 34.345221]], [[-118.894434, 34.041425], [-118.897837, 34.045808], [-118.897839, 34.048811], [-118.89681, 34.047963], [-118.899358, 34.051783], [-118.897832, 34.053236], [-118.898588, 34.054536], [-118.89623, 34.05597], [-118.897628, 34.057996], [-118.896893, 34.063074], [-118.89386, 34.06964], [-118.882354, 34.075173], [-118.87886, 34.078421], [-118.877368, 34.084823], [-118.870012, 34.091126], [-118.863956, 34.093145], [-118.86248, 34.095552], [-118.863434, 34.098142], [-118.861393, 34.099884], [-118.8631, 34.101622], [-118.861728, 34.103624], [-118.858572, 34.104308]], [[-118.88213, 34.286439], [-118.882109, 34.28684], [-118.8823, 34.287305], [-118.883559, 34.288366], [-118.88155, 34.291506]], [[-118.88213, 34.286439], [-118.883618, 34.288375], [-118.88155, 34.291506]], [[-118.882122, 34.281849], [-118.88213, 34.286439]], [[-118.882122, 34.281849], [-118.88218, 34.278998], [-118.88212, 34.278927], [-118.882066, 34.278992], [-118.882122, 34.281849]], [[-118.863232, 34.282301], [-118.874731, 34.278998]], [[-118.863341, 34.282123], [-118.869222, 34.279392], [-118.874724, 34.278856]], [[-118.863341, 34.282123], [-118.863364, 34.282177]], [[-118.863183, 34.282198], [-118.863341, 34.282123]], [[-118.859791, 34.176164], [-118.860873, 34.178126], [-118.862466, 34.188546], [-118.862116, 34.191077], [-118.860611, 34.194571], [-118.856419, 34.201327], [-118.84978, 34.207916], [-118.84974, 34.222022], [-118.845973, 34.230125], [-118.842156, 34.236014], [-118.839826, 34.244367], [-118.841475, 34.257022], [-118.849625, 34.264477], [-118.863341, 34.282123]], [[-118.857717, 34.176861], [-118.859949, 34.178824], [-118.861896, 34.190653], [-118.856153, 34.201164], [-118.849418, 34.207968], [-118.849393, 34.22203], [-118.841749, 34.23611], [-118.839477, 34.244412], [-118.841028, 34.256942], [-118.848972, 34.264222], [-118.863008, 34.282344]], [[-118.858572, 34.104308], [-118.858446, 34.104421], [-118.858443, 34.104425]], [[-118.858572, 34.104308], [-118.858443, 34.104425]], [[-118.858443, 34.104425], [-118.85731, 34.107902], [-118.852972, 34.111017], [-118.853949, 34.112653], [-118.852053, 34.113119], [-118.853105, 34.114729], [-118.850674, 34.116755], [-118.856231, 34.123489], [-118.856484, 34.126791], [-118.851508, 34.134147], [-118.849102, 34.143218]], [[-118.849102, 34.143218], [-118.838889, 34.149388], [-118.832594, 34.149977], [-118.830615, 34.150665], [-118.82926, 34.151788], [-118.825067, 34.157604]], [[-118.849102, 34.143218], [-118.839169, 34.149417], [-118.830721, 34.15079], [-118.825181, 34.157686]]]}}, {"type": "Feature", "properties": {"route_number": "SR-232"}, "geometry": {"type": "MultiLineString", "coordinates": [[[-119.174254, 34.230737], [-119.155019, 34.255997], [-119.153159, 34.257972]], [[-119.174128, 34.23067], [-119.153159, 34.257972]], [[-119.153159, 34.257972], [-119.144231, 34.26638]], [[-119.144231, 34.26638], [-119.13522, 34.27401]], [[-119.144231, 34.26638], [-119.135333, 34.274093]]]}}, {"type": "Feature", "properties": {"route_number": "SR-237"}, "geometry": {"type": "MultiLineString", "coordinates": [[[-122.073045, 37.380397], [-122.071293, 37.382548], [-122.070266, 37.383276], [-122.065369, 37.385685], [-122.059177, 37.38672], [-122.044942, 37.396003], [-122.036921, 37.400184], [-122.0332, 37.401631], [-122.027143, 37.403138], [-121.988723, 37.411518], [-121.970209, 37.418814], [-121.956956, 37.419455], [-121.943917, 37.419476], [-121.932113, 37.422118], [-121.925062, 37.423028], [-121.91101, 37.427306], [-121.909719, 37.429732], [-121.907229, 37.431423], [-121.888558, 37.434787]], [[-122.072929, 37.380342], [-122.070613, 37.38285], [-122.058899, 37.386636], [-122.033175, 37.401505], [-121.987589, 37.411638], [-121.970099, 37.418577], [-121.943953, 37.419319], [-121.924367, 37.422843], [-121.911118, 37.4271], [-121.906938, 37.43134], [-121.888487, 37.434627]]]}}, {"type": "Feature", "properties": {"route_number": "SR-24"}, "geometry": {"type": "MultiLineString", "coordinates": [[[-122.268571, 37.824359], [-122.265557, 37.837894], [-122.263684, 37.840405], [-122.240389, 37.850007], [-122.224685, 37.849233], [-122.221533, 37.853651], [-122.210964, 37.861125], [-122.208724, 37.864888], [-122.207921, 37.865631], [-122.203363, 37.86716], [-122.196437, 37.86789], [-122.18995, 37.872493], [-122.177159, 37.888118], [-122.172398, 37.891357], [-122.167847, 37.892695], [-122.162549, 37.893174], [-122.135356, 37.890875], [-122.121076, 37.894185], [-122.097075, 37.897873], [-122.084837, 37.89817], [-122.075031, 37.896233], [-122.071611, 37.898393], [-122.069712, 37.906285]], [[-122.268041, 37.824229], [-122.265229, 37.837757], [-122.26343, 37.84018], [-122.240406, 37.849753], [-122.224425, 37.849126], [-122.22144, 37.853447], [-122.21597, 37.855095], [-122.210753, 37.859503], [-122.207682, 37.865532], [-122.19626, 37.867759], [-122.188408, 37.873358], [-122.176725, 37.887933], [-122.171574, 37.891264], [-122.162488, 37.892814], [-122.135592, 37.890397], [-122.097765, 37.897495], [-122.084265, 37.897791], [-122.074646, 37.895859], [-122.071704, 37.897209], [-122.070389, 37.901314]]]}}, {"type": "Feature", "properties": {"route_number": "SR-241"}, "geometry": {"type": "MultiLineString", "coordinates": [[[-117.611152, 33.590685], [-117.61389, 33.601124], [-117.611282, 33.61261], [-117.608252, 33.61803], [-117.600786, 33.625883], [-117.599142, 33.630473], [-117.599962, 33.63478], [-117.607565, 33.648752], [-117.611538, 33.651301], [-117.619176, 33.652892], [-117.629902, 33.65642], [-117.639775, 33.663199], [-117.668661, 33.674938], [-117.671814, 33.677412], [-117.677649, 33.685021], [-117.6912, 33.694506], [-117.717523, 33.707475], [-117.72001, 33.710707], [-117.72095, 33.713999], [-117.717669, 33.737482], [-117.719064, 33.743629], [-117.722369, 33.747159], [-117.728952, 33.75074], [-117.730682, 33.75209], [-117.732039, 33.75372], [-117.732593, 33.754923], [-117.732973, 33.757464], [-117.73242, 33.763691], [-117.734037, 33.766711], [-117.745408, 33.774237], [-117.747659, 33.777335], [-117.748081, 33.782336], [-117.745717, 33.786229], [-117.727147, 33.798883], [-117.724048, 33.807409], [-117.717502, 33.819859], [-117.716356, 33.827897], [-117.718572, 33.838298], [-117.717237, 33.845686], [-117.71747, 33.862773], [-117.720417, 33.866327]], [[-117.610592, 33.590725], [-117.613617, 33.601006], [-117.611072, 33.612235], [-117.608792, 33.616785], [-117.60062, 33.625423], [-117.598681, 33.630986], [-117.599712, 33.635355], [-117.607351, 33.649187], [-117.610959, 33.65151], [-117.62966, 33.656792], [-117.639944, 33.663733], [-117.668356, 33.675214], [-117.676646, 33.684642], [-117.691302, 33.695012], [-117.717259, 33.707918], [-117.720414, 33.714247], [-117.717481, 33.738269], [-117.719088, 33.743986], [-117.722809, 33.747615], [-117.731534, 33.753255], [-117.732767, 33.756707], [-117.732063, 33.762376], [-117.732555, 33.764624], [-117.73333, 33.766082], [-117.735314, 33.768131], [-117.74462, 33.774156], [-117.747219, 33.777475], [-117.747407, 33.782441], [-117.745008, 33.78607], [-117.726612, 33.798875], [-117.717259, 33.819176], [-117.715978, 33.82807], [-117.71808, 33.838826], [-117.716734, 33.845397], [-117.716316, 33.861743], [-117.720081, 33.866783]]]}}, {"type": "Feature", "properties": {"route_number": "SR-242"}, "geometry": {"type": "MultiLineString", "coordinates": [[[-122.053941, 37.955509], [-122.047607, 37.971391], [-122.04208, 37.981772], [-122.037293, 38.003761], [-122.036245, 38.005915]], [[-122.052225, 37.957904], [-122.041874, 37.98168], [-122.037076, 38.003378], [-122.035174, 38.005849]]]}}, {"type": "Feature", "properties": {"route_number": "SR-243"}, "geometry": {"type": "MultiLineString", "coordinates": [[[-116.876717, 33.921743], [-116.885453, 33.921686], [-116.885452, 33.924901]], [[-116.876707, 33.919934], [-116.876712, 33.921743], [-116.876717, 33.921743]], [[-116.876707, 33.919934], [-116.876717, 33.921743]], [[-116.852417, 33.882634], [-116.857575, 33.887271], [-116.854328, 33.888164], [-116.854487, 33.890016], [-116.859203, 33.889409], [-116.862539, 33.891184], [-116.859966, 33.895086], [-116.861402, 33.899255], [-116.867131, 33.901621], [-116.868807, 33.899785], [-116.870628, 33.900812], [-116.867668, 33.902794], [-116.860642, 33.901814], [-116.856422, 33.898642], [-116.854922, 33.899824], [-116.86183, 33.906085], [-116.873882, 33.907513], [-116.876674, 33.91189], [-116.876707, 33.919934]], [[-116.781455, 33.804319], [-116.787042, 33.805558], [-116.787929, 33.81209], [-116.790243, 33.816334], [-116.788998, 33.818946], [-116.793939, 33.821599], [-116.796517, 33.831159], [-116.801902, 33.834833], [-116.808322, 33.836658], [-116.810733, 33.839164], [-116.810541, 33.841312], [-116.813001, 33.841342], [-116.822674, 33.850001], [-116.829116, 33.851988], [-116.838081, 33.859284], [-116.836873, 33.86421], [-116.839529, 33.867618], [-116.839647, 33.872301], [-116.842435, 33.878208], [-116.846648, 33.880546], [-116.850645, 33.880719], [-116.852406, 33.882622]], [[-116.781281, 33.804309], [-116.781455, 33.804319]], [[-116.781281, 33.804309], [-116.78131, 33.804313], [-116.781455, 33.804319]], [[-116.724954, 33.704355], [-116.726127, 33.708074], [-116.721145, 33.707321], [-116.716005, 33.713529], [-116.720335, 33.715569], [-116.719951, 33.718426], [-116.725366, 33.719572], [-116.724401, 33.723819], [-116.721673, 33.728162], [-116.719916, 33.72854], [-116.719866, 33.732019], [-116.724046, 33.735219], [-116.71921, 33.740143], [-116.719011, 33.742627], [-116.714715, 33.74518], [-116.714168, 33.749563], [-116.719472, 33.752681], [-116.724404, 33.753473], [-116.728197, 33.75082], [-116.732365, 33.751297], [-116.734325, 33.749042], [-116.737658, 33.748108], [-116.735012, 33.749936], [-116.73515, 33.754824], [-116.738903, 33.758497], [-116.737783, 33.764326], [-116.740323, 33.766309], [-116.740899, 33.770379], [-116.739429, 33.774399], [-116.736117, 33.776825], [-116.740515, 33.779225], [-116.743798, 33.778778], [-116.75112, 33.783073], [-116.752031, 33.786866], [-116.750179, 33.790467], [-116.744879, 33.791533], [-116.741009, 33.796743], [-116.745503, 33.794596], [-116.748559, 33.798886], [-116.751011, 33.796551], [-116.754185, 33.796173], [-116.767437, 33.799932], [-116.7736, 33.796655], [-116.777516, 33.797211], [-116.781281, 33.804309]]]}}, {"type": "Feature", "properties": {"route_number": "SR-245"}, "geometry": {"type": "MultiLineString", "coordinates": [[[-119.116977, 36.325791], [-119.116337, 36.358444], [-119.098511, 36.358577], [-119.098907, 36.413542]], [[-119.116755, 36.442784], [-119.116818, 36.450006], [-119.125776, 36.450011], [-119.125734, 36.460598], [-119.122875, 36.465098], [-119.120001, 36.483111], [-119.120876, 36.499021], [-119.125221, 36.499952], [-119.125626, 36.50801], [-119.129697, 36.511731], [-119.130232, 36.51537], [-119.126635, 36.528142], [-119.128286, 36.537288], [-119.12467, 36.544349], [-119.122882, 36.553052], [-119.133584, 36.566022], [-119.126855, 36.56825], [-119.124015, 36.572045], [-119.123705, 36.575313], [-119.126542, 36.578294], [-119.122737, 36.585644], [-119.107026, 36.587866], [-119.106003, 36.595903], [-119.102689, 36.601149], [-119.099508, 36.602484], [-119.098312, 36.607634], [-119.088632, 36.609488], [-119.079676, 36.609158], [-119.073565, 36.614423], [-119.072157, 36.612628], [-119.06752, 36.611925], [-119.069068, 36.609438], [-119.056477, 36.609085], [-119.054147, 36.614218], [-119.047775, 36.61341], [-119.043427, 36.617094], [-119.035547, 36.617746], [-119.033621, 36.615511], [-119.032913, 36.617511], [-119.022802, 36.618734], [-119.021069, 36.620506], [-119.01942, 36.619743], [-119.019146, 36.622801], [-119.013103, 36.631666], [-119.013191, 36.636263], [-119.011934, 36.636896], [-119.014863, 36.640669], [-119.012722, 36.642263], [-119.013565, 36.655512], [-119.014814, 36.659336], [-119.016811, 36.659387], [-119.017538, 36.661022], [-119.017696, 36.668566], [-119.019716, 36.674545], [-119.017702, 36.675605], [-119.017659, 36.679548], [-119.018696, 36.680764], [-119.018896, 36.676906], [-119.022632, 36.68384], [-119.021814, 36.687758], [-119.019823, 36.688426], [-119.020679, 36.690497], [-119.01671, 36.692498], [-119.016312, 36.697291], [-119.007525, 36.694279], [-119.007739, 36.692267]], [[-119.116666, 36.442681], [-119.116735, 36.442759], [-119.116755, 36.442784]], [[-119.116666, 36.442681], [-119.116755, 36.442784]], [[-119.098905, 36.413805], [-119.098963, 36.428314], [-119.116666, 36.442681]], [[-119.007739, 36.692267], [-119.007682, 36.692267], [-119.007673, 36.692269]], [[-119.007739, 36.692267], [-119.007673, 36.692269]], [[-119.007673, 36.692269], [-119.004583, 36.695332], [-119.007465, 36.697923], [-119.007431, 36.704413], [-119.001378, 36.703916], [-118.995383, 36.708933], [-118.995092, 36.711134], [-118.993231, 36.711263], [-118.993832, 36.713911], [-118.987699, 36.714361]], [[-118.987651, 36.714392], [-118.988764, 36.718257], [-118.990531, 36.719127], [-118.99112, 36.717347], [-119.000172, 36.719725]], [[-118.987699, 36.714361], [-118.987654, 36.714388], [-118.987651, 36.714392]], [[-118.987699, 36.714361], [-118.987651, 36.714392]]]}}, {"type": "Feature", "properties": {"route_number": "SR-246"}, "geometry": {"type": "MultiLineString", "coordinates": [[[-120.479913, 34.639126], [-120.467157, 34.639042]], [[-120.467157, 34.639042], [-120.466918, 34.639109], [-120.457886, 34.638995], [-120.458014, 34.638922], [-120.467157, 34.639042]], [[-120.435951, 34.641251], [-120.428582, 34.646238], [-120.422529, 34.663278], [-120.41944, 34.664596], [-120.408203, 34.664557]], [[-120.408203, 34.664557], [-120.407742, 34.664544]], [[-120.408203, 34.664557], [-120.408041, 34.664381], [-120.407742, 34.664544]], [[-120.407742, 34.664544], [-120.331903, 34.664152], [-120.309597, 34.649552], [-120.287916, 34.632509], [-120.277126, 34.628975]], [[-120.277126, 34.628975], [-120.265018, 34.624639], [-120.259368, 34.620754], [-120.255561, 34.619687], [-120.253416, 34.619736], [-120.240874, 34.622079], [-120.233855, 34.622097], [-120.220679, 34.623944], [-120.193689, 34.613491]], [[-120.277126, 34.628975], [-120.265127, 34.624919], [-120.255847, 34.619954], [-120.24081, 34.622317], [-120.220935, 34.62426], [-120.193689, 34.613491]], [[-120.193689, 34.613491], [-120.189217, 34.611775]], [[-120.189217, 34.611775], [-120.179772, 34.608189]], [[-120.189217, 34.611775], [-120.180876, 34.608672], [-120.179772, 34.608189]], [[-120.179772, 34.608189], [-120.156397, 34.597614], [-120.151794, 34.594035], [-120.139543, 34.596017]], [[-120.139543, 34.596017], [-120.133541, 34.596225]], [[-120.139543, 34.596017], [-120.134776, 34.59593], [-120.133541, 34.596225]], [[-120.133541, 34.596225], [-120.120164, 34.603436], [-120.107354, 34.606626]], [[-120.107354, 34.606626], [-120.10639, 34.60672], [-120.098284, 34.606618]], [[-120.107354, 34.606626], [-120.098284, 34.606618]], [[-120.098284, 34.606618], [-120.085584, 34.610361], [-120.078407, 34.610524]], [[-120.078407, 34.610524], [-120.074911, 34.610674]], [[-120.078407, 34.610524], [-120.078, 34.610508], [-120.075145, 34.610612], [-120.074911, 34.610674]], [[-120.074911, 34.610674], [-120.054865, 34.610055]]]}}, {"type": "Feature", "properties": {"route_number": "SR-247"}, "geometry": {"type": "MultiLineString", "coordinates": [[[-117.022912, 34.876875], [-117.022829, 34.877001], [-117.022889, 34.885988], [-117.022999, 34.882306], [-117.022912, 34.876875]], [[-116.945931, 34.443915], [-116.94528, 34.542438], [-116.973291, 34.583799], [-116.979583, 34.602149], [-116.97768, 34.606292], [-116.944805, 34.637656], [-116.944024, 34.640134], [-116.945742, 34.648005], [-116.951162, 34.658085], [-116.961302, 34.672025], [-117.009772, 34.759855], [-117.029222, 34.823445], [-117.024342, 34.835415], [-117.019922, 34.838945], [-117.014032, 34.848555], [-117.022912, 34.876875]], [[-116.945931, 34.443915], [-116.949719, 34.443878]], [[-116.945934, 34.440151], [-116.945931, 34.443915]], [[-116.422754, 34.164769], [-116.425347, 34.174159], [-116.430984, 34.18498], [-116.445793, 34.199193], [-116.439662, 34.208632], [-116.438557, 34.256438], [-116.447457, 34.26873], [-116.450531, 34.278723], [-116.488471, 34.333423], [-116.51165, 34.345472], [-116.525055, 34.349023], [-116.53855, 34.367295], [-116.543657, 34.368664], [-116.652188, 34.370298], [-116.656996, 34.372599], [-116.684754, 34.397587], [-116.706707, 34.399854], [-116.730898, 34.415695], [-116.758807, 34.419722], [-116.810906, 34.433542], [-116.858751, 34.44366], [-116.912831, 34.444139], [-116.945931, 34.443915]], [[-116.422247, 34.163166], [-116.422754, 34.164769]], [[-116.422247, 34.163166], [-116.422223, 34.16331], [-116.422754, 34.164769]], [[-116.418756, 34.147492], [-116.422247, 34.163166]], [[-116.417998, 34.146524], [-116.418501, 34.147013], [-116.418756, 34.147492]], [[-116.417998, 34.146524], [-116.418756, 34.147492]], [[-116.412085, 34.137661], [-116.414433, 34.143454], [-116.417998, 34.146524]], [[-116.413897, 34.12846], [-116.412096, 34.137365]], [[-116.413897, 34.12846], [-116.41455, 34.125502], [-116.414372, 34.124019], [-116.414046, 34.123415], [-116.413897, 34.12846]], [[-116.412096, 34.137365], [-116.412084, 34.137654], [-116.412085, 34.137661]], [[-116.412096, 34.137365], [-116.412085, 34.137661]]]}}, {"type": "Feature", "properties": {"route_number": "SR-25"}, "geometry": {"type": "MultiLineString", "coordinates": [[[-121.551335, 36.961141], [-121.551613, 36.961038]], [[-121.5513040656934, 36.9611504890511], [-121.551335, 36.961141]], [[-121.5513040656934, 36.9611504890511], [-121.551307, 36.96115], [-121.551335, 36.961141]], [[-121.551172, 36.961191], [-121.551301, 36.961151], [-121.5513040656934, 36.9611504890511]], [[-121.551172, 36.961191], [-121.5513040656934, 36.9611504890511]], [[-121.551049, 36.961229], [-121.551065, 36.961224], [-121.551172, 36.961191]], [[-121.551049, 36.961229], [-121.551172, 36.961191]], [[-121.549043, 36.961841], [-121.550955, 36.961257], [-121.551048, 36.961229], [-121.551049, 36.961229]], [[-121.548208, 36.962098], [-121.549043, 36.961841]], [[-121.548208, 36.962098], [-121.548987, 36.961894], [-121.549043, 36.961841]], [[-121.541712, 36.962401], [-121.548208, 36.962098]], [[-121.536879, 36.96134], [-121.538699, 36.961999], [-121.539858, 36.962208], [-121.541572, 36.96241], [-121.541712, 36.962401]], [[-121.536879, 36.96134], [-121.541712, 36.962401]], [[-121.403392, 36.866086], [-121.422842, 36.890948], [-121.450179, 36.918667], [-121.51052, 36.947485], [-121.525233, 36.951375], [-121.536879, 36.96134]], [[-121.3886, 36.835718], [-121.390625, 36.838578], [-121.390974, 36.839759], [-121.390962, 36.862955], [-121.393237, 36.864673], [-121.401419, 36.865139], [-121.402666, 36.865506], [-121.403392, 36.866086]], [[-121.3886, 36.835718], [-121.390795, 36.839769], [-121.390794, 36.863007], [-121.393182, 36.86481], [-121.403392, 36.866086]], [[-120.821247, 36.187219], [-120.822743, 36.190468], [-120.83393, 36.198228], [-120.857897, 36.209815], [-120.865748, 36.209702], [-120.873851, 36.219174], [-120.900585, 36.239523], [-120.903384, 36.245105], [-120.91221, 36.252754], [-120.933023, 36.262584], [-120.944526, 36.271935], [-120.945869, 36.275765], [-120.939208, 36.280475], [-120.933643, 36.28923], [-120.929318, 36.301104], [-120.928574, 36.313144], [-120.931159, 36.321145], [-120.93313, 36.325547], [-120.945554, 36.334025], [-120.950362, 36.341106], [-120.968731, 36.354704], [-120.974294, 36.360119], [-120.975004, 36.362706], [-120.984456, 36.36933], [-120.993383, 36.373132], [-121.004854, 36.384004], [-121.005502, 36.38561], [-120.993401, 36.407792], [-121.002408, 36.416887], [-121.032301, 36.434874], [-121.043113, 36.445207], [-121.048709, 36.447274], [-121.052123, 36.458784], [-121.066286, 36.470227], [-121.070861, 36.483973], [-121.082806, 36.495504], [-121.086646, 36.501549], [-121.094992, 36.50775], [-121.099291, 36.508805], [-121.109403, 36.506334], [-121.125895, 36.51687], [-121.137077, 36.518041], [-121.160349, 36.551107], [-121.168853, 36.553997], [-121.171643, 36.558947], [-121.183747, 36.567158], [-121.184377, 36.57311], [-121.19499, 36.584966], [-121.196866, 36.589477], [-121.1946, 36.595022], [-121.196002, 36.602988], [-121.208314, 36.613361], [-121.215299, 36.615134], [-121.219407, 36.619834], [-121.252892, 36.673316], [-121.274893, 36.701603], [-121.279322, 36.723958], [-121.279086, 36.730099], [-121.281742, 36.737968], [-121.281044, 36.745033], [-121.29496, 36.756167], [-121.295894, 36.760493], [-121.301137, 36.767248], [-121.308762, 36.772677], [-121.316283, 36.787397], [-121.335506, 36.799629], [-121.350341, 36.813048], [-121.366159, 36.816947], [-121.380244, 36.824929], [-121.3886, 36.835718]]]}}, {"type": "Feature", "properties": {"route_number": "SR-253"}, "geometry": {"type": "MultiLineString", "coordinates": [[[-123.358405, 38.999148], [-123.354443, 39.000804], [-123.334296, 38.99988], [-123.330758, 38.998488], [-123.325015, 39.000538], [-123.320647, 39.00637], [-123.321003, 39.01156], [-123.324266, 39.015322], [-123.32237, 39.017827], [-123.319575, 39.017498], [-123.318454, 39.021855], [-123.314922, 39.024437], [-123.303403, 39.026875], [-123.292199, 39.025012], [-123.277414, 39.029977], [-123.279991, 39.031428], [-123.279526, 39.032504], [-123.271201, 39.032165], [-123.269957, 39.035153], [-123.265928, 39.03539], [-123.263972, 39.037707], [-123.266262, 39.047975], [-123.264834, 39.0499], [-123.258603, 39.050783], [-123.253904, 39.047547], [-123.249064, 39.050654], [-123.245573, 39.049728], [-123.244692, 39.057359], [-123.236598, 39.060232], [-123.236606, 39.066705], [-123.228243, 39.062617], [-123.217521, 39.070252], [-123.214093, 39.069343], [-123.211344, 39.070527], [-123.212682, 39.075446], [-123.219452, 39.083826], [-123.221107, 39.090517], [-123.218766, 39.093182], [-123.211626, 39.095543], [-123.206929, 39.10088], [-123.197689, 39.105262]], [[-123.197689, 39.105262], [-123.196895, 39.105488]], [[-123.197689, 39.105262], [-123.197662, 39.10527], [-123.196895, 39.105488]], [[-123.196895, 39.105488], [-123.194978, 39.106077], [-123.196524, 39.109323], [-123.195196, 39.10923]]]}}, {"type": "Feature", "properties": {"route_number": "SR-254"}, "geometry": {"type": "MultiLineString", "coordinates": [[[-123.939077, 40.396429], [-123.947494, 40.398824], [-123.950157, 40.401167], [-123.952473, 40.406916], [-123.962821, 40.416111], [-123.971278, 40.416301], [-123.977837, 40.419296], [-123.978712, 40.422875], [-123.984684, 40.431124], [-123.985929, 40.442424], [-123.989013, 40.445956], [-124.015445, 40.446113], [-124.031706, 40.441262], [-124.032056, 40.439907]], [[-123.779938, 40.180011], [-123.772415, 40.184222], [-123.768481, 40.193756], [-123.773502, 40.196579], [-123.778136, 40.202713], [-123.785218, 40.205408], [-123.786768, 40.211936], [-123.78606, 40.219671], [-123.787862, 40.22174], [-123.796105, 40.221596], [-123.803103, 40.223455], [-123.812986, 40.218984], [-123.819641, 40.221379], [-123.824375, 40.230484], [-123.824346, 40.237135], [-123.820815, 40.242325], [-123.823001, 40.248786], [-123.821173, 40.255196], [-123.842462, 40.26014], [-123.849267, 40.268872], [-123.853685, 40.280124], [-123.857504, 40.282813], [-123.861639, 40.282248], [-123.864017, 40.272389], [-123.868938, 40.267127], [-123.872523, 40.26646], [-123.876538, 40.271157], [-123.885225, 40.275548], [-123.888774, 40.27952], [-123.889767, 40.2832], [-123.898303, 40.288393], [-123.899371, 40.291921], [-123.894385, 40.296904], [-123.894812, 40.302594], [-123.903917, 40.304717], [-123.913429, 40.312432], [-123.926971, 40.319673], [-123.925667, 40.327825], [-123.937408, 40.33916], [-123.931138, 40.345221], [-123.925287, 40.355122], [-123.920812, 40.358464], [-123.9194, 40.362634], [-123.925701, 40.372236], [-123.92454, 40.374078], [-123.925079, 40.381918], [-123.927625, 40.387891], [-123.933255, 40.39512], [-123.939062, 40.396432]]]}}, {"type": "Feature", "properties": {"route_number": "SR-255"}, "geometry": {"type": "MultiLineString", "coordinates": [[[-124.159157, 40.860446], [-124.152264, 40.864597]], [[-124.159157, 40.860446], [-124.157702, 40.861848], [-124.152264, 40.864597]], [[-124.153641, 40.804722], [-124.154388, 40.808635], [-124.161675, 40.815839], [-124.176601, 40.825942], [-124.159157, 40.860446]], [[-124.153718, 40.803832], [-124.153641, 40.804722]], [[-124.153538, 40.803859], [-124.153641, 40.804722]], [[-124.152264, 40.864597], [-124.136982, 40.86825], [-124.108933, 40.868254]], [[-124.108933, 40.868254], [-124.102779, 40.8681], [-124.098615, 40.867419], [-124.086964, 40.864879], [-124.082758, 40.862681], [-124.098659, 40.867288], [-124.108933, 40.868254]]]}}, {"type": "Feature", "properties": {"route_number": "SR-26"}, "geometry": {"type": "MultiLineString", "coordinates": [[[-121.223776, 37.976283], [-121.219058, 37.977531]], [[-121.223776, 37.976283], [-121.242321, 37.971394], [-121.245813, 37.969915], [-121.240873, 37.971721], [-121.223776, 37.976283]], [[-121.219058, 37.977531], [-121.218288, 37.977767], [-121.216057, 37.978327]], [[-121.219058, 37.977531], [-121.219021, 37.977528], [-121.216374, 37.978214], [-121.216057, 37.978327]], [[-121.216057, 37.978327], [-121.202013, 37.982064], [-121.194547, 37.988014]], [[-121.194547, 37.988014], [-121.186379, 37.990494]], [[-121.194547, 37.988014], [-121.19264, 37.988856], [-121.186379, 37.990494]], [[-121.186379, 37.990494], [-121.179111, 37.992404]], [[-121.179111, 37.992404], [-121.165704, 37.995408]], [[-121.179111, 37.992404], [-121.179014, 37.992395], [-121.176539, 37.992969], [-121.169456, 37.994367], [-121.165704, 37.995408]], [[-121.165704, 37.995408], [-121.098097, 38.016561]], [[-121.098097, 38.016561], [-121.081332, 38.021929]], [[-121.098097, 38.016561], [-121.098021, 38.016551], [-121.082316, 38.021563], [-121.081332, 38.021929]], [[-121.081332, 38.021929], [-121.044859, 38.033553], [-121.038606, 38.038807], [-121.028603, 38.041212], [-121.023792, 38.045766], [-121.015694, 38.049206]], [[-121.015694, 38.049206], [-121.014164, 38.051664]], [[-121.015694, 38.049206], [-121.015578, 38.049203], [-121.01488, 38.049747], [-121.014468, 38.050307], [-121.014164, 38.051664]], [[-121.014164, 38.051664], [-121.013156, 38.055816], [-121.00095, 38.067466], [-120.990703, 38.068292], [-120.982086, 38.072725], [-120.976405, 38.078584], [-120.967444, 38.082463]], [[-120.967444, 38.082463], [-120.966739, 38.082529]], [[-120.967444, 38.082463], [-120.967418, 38.082466], [-120.966739, 38.082529]], [[-120.966739, 38.082529], [-120.948429, 38.091081], [-120.943386, 38.095855], [-120.923498, 38.102366]], [[-120.923498, 38.102366], [-120.922922, 38.102495], [-120.922068, 38.10285]], [[-120.923498, 38.102366], [-120.922068, 38.10285]], [[-120.922068, 38.10285], [-120.909133, 38.105848]], [[-120.909133, 38.105848], [-120.908759, 38.106412], [-120.908662, 38.106893]], [[-120.909133, 38.105848], [-120.908662, 38.106893]], [[-120.908662, 38.106893], [-120.908479, 38.113056]], [[-120.908479, 38.113056], [-120.908401, 38.11362]], [[-120.908479, 38.113056], [-120.908484, 38.113364], [-120.908401, 38.11362]], [[-120.908401, 38.11362], [-120.906297, 38.115051], [-120.890385, 38.115914], [-120.877152, 38.122976], [-120.873688, 38.130838], [-120.869255, 38.133837], [-120.857348, 38.151245], [-120.849634, 38.158369]], [[-120.849634, 38.158369], [-120.845912, 38.159286], [-120.844994, 38.159839]], [[-120.849634, 38.158369], [-120.844994, 38.159839]], [[-120.844994, 38.159839], [-120.840336, 38.167281]], [[-120.840336, 38.167281], [-120.838055, 38.169919]], [[-120.840336, 38.167281], [-120.839424, 38.168473], [-120.838055, 38.169919]], [[-120.838055, 38.169919], [-120.825958, 38.183303], [-120.825614, 38.186623], [-120.829056, 38.191547]], [[-120.764415, 38.211882], [-120.761889, 38.217933], [-120.762904, 38.230761], [-120.760443, 38.233217], [-120.759926, 38.242662], [-120.755727, 38.247536], [-120.754281, 38.252208], [-120.750122, 38.25531], [-120.745483, 38.256324], [-120.743869, 38.259622], [-120.738978, 38.261737], [-120.735406, 38.266586], [-120.731723, 38.268537], [-120.731803, 38.277267], [-120.721762, 38.287591], [-120.711021, 38.292897], [-120.70747, 38.293091], [-120.706993, 38.297002], [-120.698442, 38.29947], [-120.69634, 38.303585], [-120.686205, 38.299761], [-120.673571, 38.302633], [-120.664053, 38.310852], [-120.655455, 38.314002], [-120.650752, 38.319877], [-120.642002, 38.321366], [-120.63486, 38.326012], [-120.632975, 38.329252], [-120.625627, 38.330909], [-120.610648, 38.339573], [-120.606367, 38.340777], [-120.595335, 38.338024], [-120.591284, 38.341105], [-120.587945, 38.34102], [-120.582021, 38.345976], [-120.583094, 38.35553], [-120.575652, 38.356537], [-120.564895, 38.362598], [-120.5617, 38.362917], [-120.559732, 38.364859], [-120.559876, 38.368168], [-120.556575, 38.36855]], [[-120.54679, 38.369227], [-120.557375, 38.371973], [-120.55936, 38.37339], [-120.559694, 38.376148], [-120.533077, 38.380098], [-120.533795, 38.385458], [-120.531904, 38.388995], [-120.526373, 38.389311], [-120.523796, 38.392161], [-120.527553, 38.397318], [-120.525239, 38.402665], [-120.52995, 38.404959], [-120.532556, 38.408283], [-120.538991, 38.410114], [-120.542602, 38.414411], [-120.550403, 38.413062], [-120.55415, 38.409953], [-120.555769, 38.410259], [-120.555336, 38.413917], [-120.550706, 38.415566], [-120.54998, 38.418231], [-120.542233, 38.42139], [-120.541534, 38.423291], [-120.552516, 38.421548], [-120.561494, 38.417995], [-120.577524, 38.421499], [-120.580826, 38.41971], [-120.58294, 38.415756], [-120.593388, 38.412932], [-120.595363, 38.41352], [-120.595959, 38.416929], [-120.598805, 38.418488], [-120.602442, 38.416426], [-120.610177, 38.415605]], [[-120.556575, 38.36855], [-120.556483, 38.368534]], [[-120.556575, 38.36855], [-120.55649, 38.368536], [-120.556483, 38.368534]], [[-120.556483, 38.368534], [-120.554433, 38.367479], [-120.546896, 38.369178]], [[-120.546896, 38.369178], [-120.546867, 38.36919], [-120.54679, 38.369227]], [[-120.546896, 38.369178], [-120.54679, 38.369227]]]}}, {"type": "Feature", "properties": {"route_number": "SR-266"}, "geometry": {"type": "LineString", "coordinates": [[-117.839596, 37.469433], [-117.87781, 37.486307], [-117.922211, 37.487324], [-117.934378, 37.510166], [-117.948969, 37.532832], [-117.982799, 37.574054]]}}, {"type": "Feature", "properties": {"route_number": "SR-267"}, "geometry": {"type": "LineString", "coordinates": [[-120.168647, 39.337953], [-120.15902, 39.328215], [-120.155613, 39.318323], [-120.139913, 39.310905], [-120.133444, 39.304239], [-120.10765, 39.300496], [-120.103466, 39.291626], [-120.103957, 39.27914], [-120.099648, 39.273094], [-120.073564, 39.266995], [-120.071575, 39.260816], [-120.068203, 39.258451], [-120.045667, 39.256893], [-120.036169, 39.251833], [-120.030567, 39.246231], [-120.031535, 39.237912]]}}, {"type": "Feature", "properties": {"route_number": "SR-269"}, "geometry": {"type": "MultiLineString", "coordinates": [[[-120.136885, 36.000356], [-120.136153, 36.000868], [-120.122441, 36.007538]], [[-120.136789, 36.000288], [-120.122441, 36.007538]], [[-120.122441, 36.007538], [-120.120304, 36.009447], [-120.118002, 36.019417], [-120.112359, 36.02804], [-120.113511, 36.041137], [-120.108094, 36.047848], [-120.105296, 36.06702], [-120.102021, 36.074855], [-120.103391, 36.195855]], [[-120.103544, 36.206223], [-120.103099, 36.429657]], [[-120.103391, 36.195855], [-120.103544, 36.206223]], [[-120.103391, 36.195855], [-120.103342, 36.199996], [-120.103544, 36.206223]]]}}, {"type": "Feature", "properties": {"route_number": "SR-27"}, "geometry": {"type": "MultiLineString", "coordinates": [[[-118.607517, 34.145483], [-118.605487, 34.146391]], [[-118.605487, 34.144521], [-118.606783, 34.144094], [-118.607283, 34.144037], [-118.607502, 34.144106], [-118.60768, 34.14422], [-118.607805, 34.144398], [-118.607918, 34.14503], [-118.607757, 34.145385], [-118.607517, 34.145483]], [[-118.605487, 34.144521], [-118.60745, 34.144126], [-118.607517, 34.145483]], [[-118.606169, 34.268827], [-118.604797, 34.277751]], [[-118.605847, 34.165566], [-118.606091, 34.22573], [-118.605526, 34.227269], [-118.603152, 34.229232], [-118.602782, 34.230538], [-118.606047, 34.23724], [-118.607308, 34.245745], [-118.607197, 34.246533], [-118.606135, 34.248894], [-118.606169, 34.268827]], [[-118.605847, 34.165566], [-118.604825, 34.17785], [-118.605923, 34.225822], [-118.603093, 34.229039], [-118.602626, 34.230494], [-118.605894, 34.23719], [-118.607142, 34.245752], [-118.605989, 34.248903], [-118.606169, 34.268827]], [[-118.60576, 34.15346], [-118.605847, 34.165566]], [[-118.605692, 34.153324], [-118.605704, 34.153347], [-118.60576, 34.15346]], [[-118.605692, 34.153324], [-118.60576, 34.15346]], [[-118.605432, 34.148009], [-118.605692, 34.153324]], [[-118.604974, 34.143813], [-118.604459, 34.144379], [-118.604839, 34.144626], [-118.605487, 34.144521]], [[-118.605487, 34.146391], [-118.605432, 34.148009]], [[-118.605487, 34.146391], [-118.605538, 34.147487], [-118.605432, 34.148009]], [[-118.601041, 34.138877], [-118.601463, 34.139232], [-118.602304, 34.139468], [-118.602525, 34.139641], [-118.603616, 34.141721], [-118.604194, 34.141577], [-118.604261, 34.14088], [-118.604381, 34.140713], [-118.60469, 34.140618], [-118.605166, 34.140691], [-118.60751, 34.141327], [-118.607947, 34.141468], [-118.60814, 34.141613], [-118.608214, 34.141766], [-118.608157, 34.142008], [-118.607814, 34.14217], [-118.605592, 34.14167], [-118.605867, 34.143317], [-118.605518, 34.14371], [-118.604974, 34.143813]], [[-118.601041, 34.138877], [-118.603589, 34.141755], [-118.604221, 34.141633], [-118.604684, 34.140666], [-118.608129, 34.141678], [-118.605561, 34.141634], [-118.604974, 34.143813]], [[-118.599201, 34.136828], [-118.601041, 34.138877]], [[-118.598779, 34.134296], [-118.599201, 34.136828]], [[-118.598779, 34.134296], [-118.598941, 34.136316], [-118.599201, 34.136828]], [[-118.598679, 34.124056], [-118.600533, 34.126225], [-118.598357, 34.12744], [-118.600534, 34.12856], [-118.598779, 34.134296]], [[-118.59838, 34.123943], [-118.598655, 34.12404], [-118.598679, 34.124056]], [[-118.59838, 34.123943], [-118.598679, 34.124056]], [[-118.590987, 34.11365], [-118.592268, 34.117816], [-118.590533, 34.123019], [-118.594208, 34.121046], [-118.59838, 34.123943]], [[-118.590899, 34.113591], [-118.590987, 34.11365]], [[-118.590899, 34.113591], [-118.590962, 34.113635], [-118.590987, 34.11365]], [[-118.579306, 34.040069], [-118.57974, 34.044812], [-118.577055, 34.046734], [-118.580337, 34.048367], [-118.581576, 34.055079], [-118.586947, 34.063602], [-118.588421, 34.074151], [-118.595223, 34.07864], [-118.601256, 34.088108], [-118.604374, 34.089621], [-118.601983, 34.090483], [-118.6024, 34.0941], [-118.597845, 34.100451], [-118.591493, 34.102163], [-118.592744, 34.103897], [-118.590899, 34.113591]]]}}, {"type": "Feature", "properties": {"route_number": "SR-273"}, "geometry": {"type": "MultiLineString", "coordinates": [[[-122.388526, 40.578868], [-122.390264, 40.579522], [-122.392565, 40.585031], [-122.391317, 40.585365]], [[-122.284625, 40.430997], [-122.298077, 40.448235], [-122.378149, 40.503997], [-122.3797, 40.507817], [-122.387956, 40.554649], [-122.388664, 40.557262], [-122.388624, 40.558174], [-122.38777, 40.560439], [-122.387539, 40.562007], [-122.388001, 40.573037], [-122.386496, 40.577221], [-122.390451, 40.586685]], [[-122.28553, 40.430459], [-122.298177, 40.448154], [-122.378308, 40.503937], [-122.379961, 40.508202], [-122.388798, 40.557378], [-122.388743, 40.558202], [-122.387702, 40.561338], [-122.388181, 40.572486], [-122.387287, 40.575517], [-122.38852, 40.578855]], [[-122.376624, 40.609406], [-122.370648, 40.626003], [-122.368376, 40.628633]], [[-122.376624, 40.609406], [-122.369729, 40.629068]], [[-122.376624, 40.609406], [-122.378392, 40.605227], [-122.393218, 40.590838], [-122.393349, 40.590162], [-122.392351, 40.587761], [-122.392995, 40.590911], [-122.378282, 40.605158], [-122.376624, 40.609406]]]}}, {"type": "Feature", "properties": {"route_number": "SR-275"}, "geometry": {"type": "MultiLineString", "coordinates": [[[-121.531227, 38.575672], [-121.525262, 38.577523]], [[-121.52863, 38.576877], [-121.525435, 38.577873]], [[-121.509695, 38.5809], [-121.507221, 38.58024]], [[-121.509679, 38.580956], [-121.50721, 38.580301]]]}}, {"type": "Feature", "properties": {"route_number": "SR-282"}, "geometry": {"type": "MultiLineString", "coordinates": [[[-117.183771, 32.698226], [-117.183815, 32.698152]], [[-117.173908, 32.695875], [-117.18294, 32.699654], [-117.183771, 32.698226]], [[-117.174766, 32.694441], [-117.183771, 32.698226]]]}}, {"type": "Feature", "properties": {"route_number": "SR-29"}, "geometry": {"type": "MultiLineString", "coordinates": [[[-122.907821, 39.129318], [-122.910244, 39.138174], [-122.919433, 39.148112], [-122.920983, 39.163186]], [[-122.917303, 39.023523], [-122.92383, 39.033398], [-122.931165, 39.043013], [-122.930765, 39.055478], [-122.931931, 39.065224], [-122.930882, 39.073612], [-122.930792, 39.07838], [-122.928731, 39.082321], [-122.917515, 39.089943], [-122.916153, 39.091298], [-122.915045, 39.093088], [-122.910639, 39.109076], [-122.906314, 39.114394], [-122.90516, 39.117152], [-122.905201, 39.119689], [-122.907821, 39.129318]], [[-122.917303, 39.023523], [-122.931393, 39.043014], [-122.932142, 39.065], [-122.930979, 39.078518], [-122.928786, 39.082523], [-122.9153, 39.093036], [-122.910878, 39.109002], [-122.905421, 39.116888], [-122.907821, 39.129318]], [[-122.898152, 39.002762], [-122.906643, 39.007798], [-122.917303, 39.023523]], [[-122.889294, 38.998614], [-122.898152, 39.002762]], [[-122.889294, 38.998614], [-122.894114, 39.000936], [-122.898152, 39.002762]], [[-122.877014, 38.9929], [-122.889294, 38.998614]], [[-122.829078, 38.969474], [-122.831871, 38.971946], [-122.842584, 38.97566], [-122.844722, 38.976492], [-122.845679, 38.976994], [-122.854433, 38.982665], [-122.856021, 38.983544], [-122.877014, 38.9929]], [[-122.829078, 38.969474], [-122.831852, 38.972022], [-122.844451, 38.976419], [-122.855104, 38.983265], [-122.877014, 38.9929]], [[-122.63686, 38.910443], [-122.647334, 38.910419], [-122.652804, 38.906915], [-122.668847, 38.904815], [-122.684009, 38.912937], [-122.693251, 38.915997], [-122.705957, 38.917612], [-122.718831, 38.925538], [-122.74739, 38.931804], [-122.766752, 38.942182], [-122.775241, 38.943176], [-122.78242, 38.939894], [-122.796198, 38.943585], [-122.809795, 38.942555], [-122.825422, 38.949286], [-122.827818, 38.957013], [-122.82719, 38.960578], [-122.829369, 38.963872], [-122.829078, 38.969474]], [[-122.636827, 38.910442], [-122.636835, 38.910442], [-122.63686, 38.910443]], [[-122.636827, 38.910442], [-122.63686, 38.910443]], [[-122.578937, 38.822678], [-122.588715, 38.832857], [-122.59042, 38.839391], [-122.598943, 38.839492], [-122.603113, 38.841131], [-122.612226, 38.848739], [-122.628011, 38.85856], [-122.628296, 38.86102], [-122.624023, 38.865833], [-122.618496, 38.877293], [-122.604894, 38.884054], [-122.603377, 38.886963], [-122.612101, 38.902719], [-122.612297, 38.910148], [-122.618456, 38.909567], [-122.624387, 38.910451], [-122.636827, 38.910442]], [[-122.614742, 38.753528], [-122.612875, 38.754937]], [[-122.614742, 38.753528], [-122.614259, 38.754302], [-122.612875, 38.754937]], [[-122.465713, 38.502497], [-122.478589, 38.510044], [-122.503214, 38.530099], [-122.510554, 38.547009], [-122.515342, 38.551011], [-122.526219, 38.553665], [-122.540435, 38.561971], [-122.564135, 38.566672], [-122.572477, 38.573121], [-122.580527, 38.575262], [-122.576376, 38.582718], [-122.577405, 38.588981], [-122.587527, 38.602824], [-122.598449, 38.606837], [-122.594289, 38.608368], [-122.594016, 38.610624], [-122.597278, 38.612863], [-122.597152, 38.620698], [-122.599114, 38.624998], [-122.602017, 38.626655], [-122.603404, 38.63089], [-122.59971, 38.639492], [-122.59673, 38.641727], [-122.596544, 38.640458], [-122.592575, 38.639486], [-122.591768, 38.641604], [-122.593555, 38.641295], [-122.592133, 38.64242], [-122.593553, 38.642791], [-122.591384, 38.643929], [-122.593224, 38.644338], [-122.590037, 38.64562], [-122.592431, 38.646804], [-122.590342, 38.647693], [-122.590932, 38.648976], [-122.59646, 38.648761], [-122.599849, 38.652262], [-122.599027, 38.654814], [-122.595397, 38.6556], [-122.595133, 38.657892], [-122.595514, 38.660672], [-122.598221, 38.660149], [-122.599225, 38.66163], [-122.597674, 38.662712], [-122.599911, 38.663025], [-122.598414, 38.664251], [-122.598837, 38.667175], [-122.591705, 38.665835], [-122.58817, 38.668513], [-122.5921, 38.675229], [-122.590555, 38.679839], [-122.600247, 38.697932], [-122.609018, 38.708565], [-122.617305, 38.715766], [-122.61911, 38.725611], [-122.626284, 38.737386], [-122.625591, 38.73992], [-122.616977, 38.748516], [-122.614742, 38.753528]], [[-122.612875, 38.754937], [-122.607636, 38.756706]], [[-122.607636, 38.756706], [-122.606309, 38.75727], [-122.604979, 38.758377]], [[-122.607636, 38.756706], [-122.604979, 38.758377]], [[-122.604979, 38.758377], [-122.59928, 38.763117], [-122.588549, 38.766984], [-122.583662, 38.773962], [-122.570945, 38.780737], [-122.566122, 38.791555]], [[-122.575404, 38.818499], [-122.578461, 38.821941], [-122.578937, 38.822678]], [[-122.575404, 38.818499], [-122.578937, 38.822678]], [[-122.567181, 38.794893], [-122.572644, 38.802857], [-122.572205, 38.814173], [-122.575404, 38.818499]], [[-122.566122, 38.791555], [-122.567181, 38.794893]], [[-122.566122, 38.791555], [-122.565283, 38.792759], [-122.567181, 38.794893]], [[-122.460112, 38.497591], [-122.465713, 38.502497]], [[-122.460112, 38.497591], [-122.4655, 38.502359], [-122.465713, 38.502497]], [[-122.365671, 38.403297], [-122.369484, 38.406553], [-122.382503, 38.41226], [-122.394546, 38.427707], [-122.42448, 38.460644], [-122.435663, 38.476667], [-122.460112, 38.497591]], [[-122.359029, 38.397474], [-122.365671, 38.403297]], [[-122.358891, 38.397535], [-122.365671, 38.403297]], [[-122.257893, 38.223166], [-122.259799, 38.233128], [-122.26922, 38.241545], [-122.272505, 38.242816], [-122.278802, 38.243043], [-122.283399, 38.24356], [-122.287045, 38.244135], [-122.290083, 38.24486], [-122.299322, 38.247847], [-122.301373, 38.249326], [-122.302837, 38.251204], [-122.303541, 38.253172], [-122.303608, 38.255391], [-122.302827, 38.257753], [-122.299563, 38.262796], [-122.298849, 38.272904], [-122.302268, 38.291935], [-122.301971, 38.296832], [-122.307248, 38.315035], [-122.307832, 38.319927], [-122.308773, 38.321533], [-122.312907, 38.325509], [-122.324239, 38.339297], [-122.345163, 38.378966], [-122.354885, 38.393678], [-122.359016, 38.397462]], [[-122.257893, 38.223166], [-122.259261, 38.232683], [-122.269465, 38.241845], [-122.273002, 38.243034], [-122.290048, 38.244932], [-122.29862, 38.247758], [-122.30239, 38.251034], [-122.303308, 38.255419], [-122.299277, 38.262796], [-122.298539, 38.272476], [-122.301809, 38.297042], [-122.307572, 38.319891], [-122.308547, 38.321579], [-122.318767, 38.332647], [-122.324383, 38.339861], [-122.344653, 38.378491], [-122.354438, 38.393348], [-122.358878, 38.397523]], [[-122.254504, 38.114418], [-122.256266, 38.134263], [-122.256226, 38.13943], [-122.252891, 38.166505], [-122.255406, 38.182673], [-122.257893, 38.223166]], [[-122.254504, 38.114418], [-122.256076, 38.13769], [-122.252687, 38.166761], [-122.257893, 38.223166]], [[-122.254644, 38.113909], [-122.254625, 38.114046]], [[-122.254644, 38.113909], [-122.254644, 38.113916], [-122.254625, 38.114046]], [[-122.241048, 38.085146], [-122.24711, 38.091727], [-122.255042, 38.097129], [-122.254644, 38.113909]], [[-122.254625, 38.114046], [-122.254504, 38.114418]], [[-122.232085, 38.07592], [-122.234853, 38.078425], [-122.241048, 38.085146]], [[-122.232041, 38.076495], [-122.241048, 38.085146]]]}}, {"type": "Feature", "properties": {"route_number": "SR-299"}, "geometry": {"type": "MultiLineString", "coordinates": [[[-124.083319, 40.897284], [-124.074523, 40.902307], [-124.072625, 40.90777], [-124.071511, 40.908962], [-124.069798, 40.909969], [-124.068101, 40.910416], [-124.066542, 40.910477], [-124.059127, 40.910261], [-124.054452, 40.909541], [-124.049954, 40.909662], [-124.048391, 40.909331], [-124.041826, 40.90709], [-124.034117, 40.907018], [-124.03172, 40.906496], [-124.029652, 40.905358], [-124.022299, 40.899117], [-124.004937, 40.889811], [-123.990171, 40.887062]], [[-124.083299, 40.897237], [-124.074357, 40.90224], [-124.072546, 40.907633], [-124.069718, 40.909873], [-124.06658, 40.910348], [-124.054614, 40.909417], [-124.049646, 40.909493], [-124.041846, 40.906948], [-124.03186, 40.906403], [-124.022375, 40.89902], [-124.004733, 40.889562], [-123.990171, 40.887062]], [[-123.990171, 40.887062], [-123.977186, 40.887884], [-123.967915, 40.884034], [-123.954134, 40.884833], [-123.938348, 40.890576], [-123.931426, 40.896986], [-123.918307, 40.900585], [-123.916156, 40.905237], [-123.916374, 40.91402], [-123.909269, 40.922958], [-123.911958, 40.929535], [-123.908443, 40.931131], [-123.904139, 40.927109], [-123.900162, 40.92791], [-123.900549, 40.941012], [-123.899184, 40.947219], [-123.896551, 40.948635], [-123.890866, 40.946982], [-123.886053, 40.948291], [-123.881411, 40.945555], [-123.875324, 40.944964], [-123.861412, 40.930544], [-123.846779, 40.929907], [-123.843186, 40.926858], [-123.837326, 40.924929], [-123.836593, 40.921472], [-123.832659, 40.917673], [-123.82555, 40.914942], [-123.824314, 40.910005], [-123.828829, 40.906694], [-123.827408, 40.904611], [-123.813565, 40.905177], [-123.806202, 40.902416], [-123.80525, 40.90429], [-123.809615, 40.909297], [-123.809086, 40.911845], [-123.798057, 40.916575], [-123.79455, 40.920459], [-123.796045, 40.922656], [-123.80375, 40.923791], [-123.809374, 40.922419], [-123.810754, 40.924794], [-123.79202, 40.925772], [-123.787667, 40.920224], [-123.788641, 40.912788], [-123.781776, 40.907047], [-123.780443, 40.902131], [-123.775226, 40.898706]], [[-123.775226, 40.898706], [-123.773296, 40.896974], [-123.772416, 40.896498], [-123.771571, 40.896302], [-123.770733, 40.896288], [-123.76978, 40.896485], [-123.769327, 40.896731]], [[-123.775226, 40.898706], [-123.772411, 40.896576], [-123.769327, 40.896731]], [[-123.769327, 40.896731], [-123.767126, 40.90241], [-123.758167, 40.904706], [-123.755682, 40.907175], [-123.741822, 40.904267], [-123.731882, 40.908243], [-123.724623, 40.905355], [-123.721787, 40.907437], [-123.715325, 40.90842], [-123.711406, 40.907393], [-123.70666, 40.909775]], [[-123.70666, 40.909775], [-123.700664, 40.916643]], [[-123.70666, 40.909775], [-123.703546, 40.914781], [-123.700664, 40.916643]], [[-123.700664, 40.916643], [-123.697083, 40.92102], [-123.688633, 40.925621]], [[-123.688633, 40.925621], [-123.688627, 40.925629], [-123.688561, 40.92576]], [[-123.688633, 40.925621], [-123.688561, 40.92576]], [[-123.688561, 40.92576], [-123.687968, 40.929931], [-123.671136, 40.935567], [-123.669781, 40.939899], [-123.664687, 40.943584], [-123.651536, 40.946327], [-123.643522, 40.9421], [-123.638393, 40.942082], [-123.634175, 40.940033]], [[-123.634175, 40.940033], [-123.628625, 40.938689]], [[-123.634175, 40.940033], [-123.634058, 40.939961], [-123.628625, 40.938689]], [[-123.628625, 40.938689], [-123.625032, 40.935344], [-123.62565, 40.929069], [-123.62086, 40.921743]], [[-123.62086, 40.921743], [-123.618706, 40.918862]], [[-123.62086, 40.921743], [-123.620168, 40.920912], [-123.618706, 40.918862]], [[-123.618706, 40.918862], [-123.616786, 40.916005], [-123.616629, 40.910846], [-123.611079, 40.905507], [-123.60934, 40.89511], [-123.604706, 40.888233], [-123.596363, 40.889229], [-123.588263, 40.88636], [-123.581089, 40.892873], [-123.569405, 40.889477], [-123.563327, 40.892276], [-123.556416, 40.884567]], [[-123.556416, 40.884567], [-123.556238, 40.88452], [-123.556211, 40.884515]], [[-123.556416, 40.884567], [-123.556211, 40.884515]], [[-123.556211, 40.884515], [-123.549792, 40.88251]], [[-123.549792, 40.88251], [-123.54757, 40.883386]], [[-123.549792, 40.88251], [-123.549719, 40.882463], [-123.54933, 40.882512], [-123.548859, 40.882648], [-123.54757, 40.883386]], [[-123.54757, 40.883386], [-123.545168, 40.883106], [-123.534401, 40.873533], [-123.522511, 40.86996]], [[-123.522511, 40.86996], [-123.522372, 40.869874]], [[-123.522511, 40.86996], [-123.522494, 40.869951], [-123.522372, 40.869874]], [[-123.522372, 40.869874], [-123.521388, 40.868894]], [[-123.521388, 40.868894], [-123.521134, 40.868435], [-123.520975, 40.86815]], [[-123.521388, 40.868894], [-123.520975, 40.86815]], [[-123.520975, 40.86815], [-123.511081, 40.859753], [-123.500973, 40.862196], [-123.489231, 40.853209], [-123.487493, 40.849633], [-123.48345, 40.849158], [-123.483274, 40.845411], [-123.488748, 40.834343], [-123.486766, 40.827534], [-123.484437, 40.826425], [-123.483328, 40.821902], [-123.478514, 40.817134], [-123.47797, 40.811275], [-123.466042, 40.803619], [-123.46295, 40.798126], [-123.454547, 40.790505], [-123.445034, 40.789789]], [[-123.445034, 40.789789], [-123.445027, 40.789791], [-123.44486, 40.789857]], [[-123.445034, 40.789789], [-123.44486, 40.789857]], [[-123.44486, 40.789857], [-123.442152, 40.790009]], [[-123.442152, 40.790009], [-123.441985, 40.789991], [-123.441976, 40.789991]], [[-123.442152, 40.790009], [-123.441976, 40.789991]], [[-123.441976, 40.789991], [-123.434948, 40.790695], [-123.421409, 40.783741], [-123.408036, 40.795832], [-123.395688, 40.798837]], [[-123.395688, 40.798837], [-123.395669, 40.798843], [-123.395471, 40.798915]], [[-123.395688, 40.798837], [-123.395471, 40.798915]], [[-123.395471, 40.798915], [-123.389698, 40.80063], [-123.371866, 40.793345], [-123.366892, 40.795816], [-123.359124, 40.792834], [-123.353059, 40.793695], [-123.347791, 40.788816], [-123.349227, 40.78316], [-123.335879, 40.784174], [-123.332454, 40.780214], [-123.332587, 40.775536], [-123.330797, 40.773937], [-123.308698, 40.779762], [-123.307311, 40.77723], [-123.311704, 40.773535], [-123.307147, 40.770387], [-123.306024, 40.76674], [-123.295552, 40.767837], [-123.288107, 40.762045], [-123.28255, 40.761482], [-123.281601, 40.758901], [-123.283405, 40.75341], [-123.269975, 40.747052], [-123.266117, 40.742292], [-123.249938, 40.739298], [-123.2388, 40.739162], [-123.231256, 40.735333], [-123.221601, 40.740692], [-123.213264, 40.741905], [-123.199604, 40.735577], [-123.1953, 40.735533], [-123.180605, 40.744035], [-123.174837, 40.745422], [-123.165797, 40.751497], [-123.158902, 40.75217], [-123.155586, 40.755728], [-123.149267, 40.757913], [-123.146191, 40.763276], [-123.137247, 40.764101], [-123.135893, 40.769961], [-123.130606, 40.767424], [-123.127932, 40.769976]], [[-123.127932, 40.769976], [-123.127916, 40.769995], [-123.12764, 40.770372]], [[-123.127932, 40.769976], [-123.12764, 40.770372]], [[-123.12764, 40.770372], [-123.124915, 40.770858], [-123.116486, 40.766606], [-123.10303, 40.765757], [-123.097063, 40.760525], [-123.096871, 40.765874], [-123.090367, 40.768476], [-123.074415, 40.764182], [-123.068098, 40.760928], [-123.065572, 40.752744], [-123.062085, 40.748931], [-123.065099, 40.743595], [-123.055443, 40.73542], [-123.054208, 40.732794], [-123.055329, 40.727934], [-123.050826, 40.725313], [-123.018296, 40.73338], [-123.013526, 40.736126], [-123.01006, 40.735476], [-122.999469, 40.742439], [-122.997961, 40.741707], [-123.000812, 40.7386], [-123.000121, 40.737463], [-122.993553, 40.739353], [-122.984539, 40.73803], [-122.972702, 40.746443], [-122.962792, 40.735741], [-122.95572, 40.734636], [-122.950071, 40.73648]], [[-122.950071, 40.73648], [-122.944216, 40.735546], [-122.942957, 40.735201], [-122.941567, 40.734601], [-122.94109, 40.734274], [-122.940483, 40.732776]], [[-122.950071, 40.73648], [-122.942946, 40.735141], [-122.94055, 40.732762]], [[-122.928954, 40.695102], [-122.933246, 40.690478], [-122.932516, 40.686675], [-122.93556, 40.682827], [-122.943476, 40.679778], [-122.944128, 40.668672], [-122.942884, 40.666101]], [[-122.942884, 40.666101], [-122.94233, 40.665156]], [[-122.942884, 40.666101], [-122.9424, 40.665436], [-122.94233, 40.665156]], [[-122.942165, 40.664456], [-122.942717, 40.656454]], [[-122.942165, 40.664456], [-122.943265, 40.660862], [-122.942717, 40.656454]], [[-122.942717, 40.656454], [-122.942382, 40.652636], [-122.940121, 40.651276], [-122.917597, 40.658177], [-122.909767, 40.654423], [-122.900054, 40.653149], [-122.896693, 40.654526], [-122.895019, 40.658159], [-122.896022, 40.664427], [-122.885135, 40.668882], [-122.879945, 40.672931], [-122.873272, 40.672375], [-122.868576, 40.66973], [-122.856164, 40.673976], [-122.847075, 40.672431], [-122.840519, 40.674832], [-122.830212, 40.675235], [-122.823758, 40.671806], [-122.817696, 40.672186], [-122.804432, 40.662573], [-122.782464, 40.664993], [-122.777719, 40.658923], [-122.768646, 40.658219], [-122.763921, 40.655157], [-122.74953, 40.65273], [-122.746943, 40.646348], [-122.747309, 40.641022], [-122.742232, 40.634353], [-122.736621, 40.633794], [-122.733582, 40.635296], [-122.728977, 40.641588], [-122.722465, 40.644207], [-122.721072, 40.646391], [-122.716694, 40.646253], [-122.713146, 40.649593], [-122.708008, 40.649444], [-122.707461, 40.654075], [-122.699302, 40.657192], [-122.700842, 40.66151], [-122.697922, 40.669511], [-122.685915, 40.668978], [-122.677889, 40.673042], [-122.667198, 40.674143], [-122.659279, 40.671451]], [[-122.94233, 40.665156], [-122.942165, 40.664456]], [[-122.940547, 40.732751], [-122.939436, 40.729768], [-122.938937, 40.729161], [-122.933772, 40.725869], [-122.930256, 40.724202], [-122.924039, 40.710232]], [[-122.94048, 40.732765], [-122.938898, 40.729224], [-122.930198, 40.724246], [-122.924039, 40.710232]], [[-122.928848, 40.695442], [-122.928848, 40.695437], [-122.928954, 40.695102]], [[-122.928848, 40.695442], [-122.928954, 40.695102]], [[-122.924039, 40.710232], [-122.925675, 40.701533], [-122.928848, 40.695442]], [[-122.659261, 40.671444], [-122.649755, 40.671548], [-122.644152, 40.66798], [-122.628849, 40.662321], [-122.624607, 40.658942], [-122.622995, 40.652408], [-122.620479, 40.650468], [-122.606037, 40.649097], [-122.599369, 40.652367], [-122.582418, 40.652217], [-122.564793, 40.636021], [-122.540633, 40.62565], [-122.534594, 40.624586], [-122.520096, 40.615656], [-122.511061, 40.606232], [-122.498519, 40.603443], [-122.483272, 40.591748], [-122.479485, 40.590663]], [[-122.479485, 40.590663], [-122.479455, 40.590661], [-122.478998, 40.59065]], [[-122.479485, 40.590663], [-122.478998, 40.59065]], [[-122.478998, 40.59065], [-122.462576, 40.589929]], [[-122.462576, 40.589929], [-122.460639, 40.589897], [-122.459821, 40.589718], [-122.45875, 40.589302], [-122.457622, 40.588519]], [[-122.462576, 40.589929], [-122.457622, 40.588519]], [[-122.457622, 40.588519], [-122.435672, 40.582054], [-122.428722, 40.583369]], [[-122.428722, 40.583369], [-122.421238, 40.584989], [-122.419165, 40.585303], [-122.393906, 40.587277]], [[-122.428722, 40.583369], [-122.428623, 40.583314], [-122.421189, 40.584905], [-122.419116, 40.585219], [-122.393906, 40.587277]], [[-122.393906, 40.587277], [-122.392269, 40.587707]], [[-122.376624, 40.609406], [-122.37013, 40.61109]], [[-122.37013, 40.61109], [-122.30891, 40.622756]], [[-122.37013, 40.61109], [-122.369907, 40.611064], [-122.367017, 40.611553], [-122.336385, 40.616967], [-122.30891, 40.622756]], [[-122.30891, 40.622756], [-122.233999, 40.639838], [-122.222709, 40.647079], [-122.214876, 40.656311], [-122.208955, 40.660466], [-122.202834, 40.661845], [-122.191056, 40.661425], [-122.173781, 40.670255], [-122.164386, 40.677823], [-122.150683, 40.684295], [-122.110253, 40.692534], [-122.100569, 40.698471], [-122.090831, 40.707519], [-122.089254, 40.711274], [-122.084063, 40.712788], [-122.081816, 40.723934], [-122.076411, 40.728477], [-122.070791, 40.741604], [-122.061777, 40.746615], [-122.055569, 40.746492], [-122.053571, 40.749066], [-122.046454, 40.751407], [-122.038931, 40.750865], [-122.025672, 40.755645]], [[-122.025672, 40.755645], [-122.025334, 40.755623]], [[-122.025672, 40.755645], [-122.025638, 40.755644], [-122.025334, 40.755623]], [[-122.025334, 40.755623], [-122.019822, 40.75491], [-122.017386, 40.758985], [-122.012729, 40.761044], [-122.009333, 40.770572], [-122.004829, 40.773463], [-122.004755, 40.778206], [-121.998963, 40.77926], [-121.980682, 40.777488], [-121.975542, 40.780669], [-121.975469, 40.783332]], [[-121.975469, 40.783332], [-121.972562, 40.787046], [-121.968101, 40.786976]], [[-121.975469, 40.783332], [-121.972671, 40.787035], [-121.970996, 40.787424], [-121.968101, 40.786976]], [[-121.968101, 40.786976], [-121.95313, 40.786118], [-121.941692, 40.794635], [-121.93891, 40.800082], [-121.940232, 40.806497], [-121.938669, 40.813729], [-121.93144, 40.823457]], [[-121.93144, 40.823457], [-121.931363, 40.823549]], [[-121.93144, 40.823457], [-121.931434, 40.823466], [-121.931363, 40.823549]], [[-121.931363, 40.823549], [-121.927971, 40.828446], [-121.925758, 40.839178], [-121.920423, 40.845044], [-121.901399, 40.846297], [-121.904303, 40.850455], [-121.904963, 40.855659], [-121.914124, 40.863771], [-121.91165, 40.865806], [-121.900668, 40.865176]], [[-121.900668, 40.865176], [-121.895604, 40.864699]], [[-121.900668, 40.865176], [-121.895719, 40.864682], [-121.895604, 40.864699]], [[-121.895604, 40.864699], [-121.890641, 40.864559], [-121.876071, 40.869806], [-121.864588, 40.871927], [-121.859454, 40.87118]], [[-121.859438, 40.871171], [-121.853941, 40.867232], [-121.848757, 40.865947], [-121.812155, 40.864745], [-121.797467, 40.86245], [-121.789457, 40.859895], [-121.784112, 40.855132], [-121.778183, 40.852928], [-121.765905, 40.852333]], [[-121.765905, 40.852333], [-121.761839, 40.852333]], [[-121.765905, 40.852333], [-121.761924, 40.852295], [-121.761839, 40.852333]], [[-121.761839, 40.852333], [-121.748371, 40.853466], [-121.739733, 40.857946], [-121.737935, 40.860925], [-121.740719, 40.876114], [-121.735031, 40.878087], [-121.729251, 40.877706]], [[-121.729251, 40.877706], [-121.726133, 40.877264]], [[-121.729251, 40.877706], [-121.72621, 40.877241], [-121.726133, 40.877264]], [[-121.726133, 40.877264], [-121.710218, 40.874839]], [[-121.710218, 40.874839], [-121.706709, 40.874352]], [[-121.710218, 40.874839], [-121.706741, 40.874357], [-121.706709, 40.874352]], [[-121.706709, 40.874352], [-121.690332, 40.872031], [-121.682762, 40.873608]], [[-121.682762, 40.873608], [-121.681945, 40.873968], [-121.680468, 40.874815], [-121.678047, 40.876794]], [[-121.682762, 40.873608], [-121.678047, 40.876794]], [[-121.678047, 40.876794], [-121.673283, 40.880661]], [[-121.673283, 40.880661], [-121.670938, 40.881718], [-121.662542, 40.882179], [-121.660922, 40.88256], [-121.659681, 40.88312], [-121.65817, 40.884271], [-121.650003, 40.893107]], [[-121.673283, 40.880661], [-121.671039, 40.881775], [-121.659718, 40.883194], [-121.650003, 40.893107]], [[-121.650003, 40.893107], [-121.608146, 40.936892]], [[-121.608146, 40.936892], [-121.605117, 40.939477]], [[-121.608146, 40.936892], [-121.608127, 40.936948], [-121.605117, 40.939477]], [[-121.605117, 40.939477], [-121.579026, 40.961971]], [[-121.579026, 40.961971], [-121.579024, 40.961973], [-121.579024, 40.961974]], [[-121.579026, 40.961971], [-121.579024, 40.961974]], [[-121.579024, 40.961974], [-121.568992, 40.970155], [-121.563755, 40.972221], [-121.562675, 40.976683], [-121.554301, 40.977134], [-121.540279, 40.983278], [-121.523453, 40.983336], [-121.51887, 40.984729], [-121.513373, 40.989141], [-121.511294, 40.996895], [-121.506332, 41.001976], [-121.50273, 41.001606], [-121.492702, 40.993739], [-121.472957, 40.99239], [-121.438731, 41.004027], [-121.432258, 41.015533], [-121.420374, 41.028778], [-121.405933, 41.048502]], [[-121.405933, 41.048502], [-121.396264, 41.050313], [-121.393937, 41.051609]], [[-121.405933, 41.048502], [-121.393937, 41.051609]], [[-121.393937, 41.051609], [-121.387358, 41.055251], [-121.334812, 41.071894]], [[-121.334812, 41.071894], [-121.329076, 41.07372]], [[-121.334812, 41.071894], [-121.334635, 41.072002], [-121.329076, 41.07372]], [[-121.329076, 41.07372], [-121.317483, 41.077274], [-121.317389, 41.085849]], [[-121.317389, 41.085849], [-121.314824, 41.08795]], [[-121.317389, 41.085849], [-121.316705, 41.086845], [-121.314824, 41.08795]], [[-121.314824, 41.08795], [-121.294711, 41.099131], [-121.290179, 41.099058], [-121.28132, 41.095609]], [[-121.28132, 41.095609], [-121.274543, 41.092936]], [[-121.28132, 41.095609], [-121.281186, 41.095597], [-121.274543, 41.092936]], [[-121.274543, 41.092936], [-121.267943, 41.088858], [-121.2593, 41.071287], [-121.229794, 41.066218], [-121.214899, 41.059697], [-121.210218, 41.061605], [-121.194108, 41.086582], [-121.187055, 41.092299]], [[-121.187055, 41.092299], [-121.183664, 41.094839]], [[-121.187055, 41.092299], [-121.18408, 41.094528], [-121.183664, 41.094839]], [[-121.183664, 41.094839], [-121.113529, 41.144963], [-121.105985, 41.146445], [-121.040547, 41.147071], [-120.945649, 41.186884], [-120.944108, 41.199076], [-120.937327, 41.202532], [-120.935866, 41.208461], [-120.894562, 41.263754], [-120.895426, 41.276178], [-120.889535, 41.293462], [-120.906176, 41.326884], [-120.908304, 41.339192], [-120.911201, 41.343842], [-120.92651, 41.346842], [-120.931265, 41.351527], [-120.945462, 41.356988], [-120.954526, 41.365821], [-120.956142, 41.372508], [-120.950593, 41.377586], [-120.95059, 41.381765], [-120.947136, 41.389345], [-120.931486, 41.40164], [-120.926937, 41.407308], [-120.920091, 41.412523], [-120.905775, 41.418334], [-120.86972, 41.444052], [-120.843623, 41.454242], [-120.803014, 41.453368], [-120.748943, 41.467315], [-120.736896, 41.475334], [-120.717699, 41.481137], [-120.707284, 41.489187], [-120.692672, 41.49309], [-120.659693, 41.486979], [-120.628412, 41.486783], [-120.615255, 41.494066], [-120.60066, 41.498335], [-120.583177, 41.494774], [-120.542604, 41.494503]], [[-120.459908, 41.540205], [-120.452558, 41.539557], [-120.446635, 41.540892], [-120.414979, 41.55912], [-120.402544, 41.563046], [-120.376758, 41.561944], [-120.363879, 41.557357], [-120.344972, 41.555189], [-120.321864, 41.561008], [-120.315567, 41.559033], [-120.30177, 41.559159], [-120.295091, 41.560973], [-120.280523, 41.560958], [-120.270729, 41.562708], [-120.266205, 41.557703], [-120.260549, 41.554567], [-120.2534, 41.554584], [-120.247641, 41.547941], [-120.241576, 41.546306], [-120.224931, 41.534539], [-120.207205, 41.533342], [-120.18824, 41.529713], [-120.129676, 41.529506], [-120.104213, 41.537021], [-120.053977, 41.545418]], [[-120.053977, 41.545418], [-120.053595, 41.545462]], [[-120.053977, 41.545418], [-120.053976, 41.545419], [-120.053595, 41.545462]], [[-120.053595, 41.545462], [-120.008967, 41.552937], [-119.999165, 41.557581]]]}}, {"type": "Feature", "properties": {"route_number": "SR-3"}, "geometry": {"type": "MultiLineString", "coordinates": [[[-123.188316, 40.553594], [-123.184643, 40.554018]], [[-123.175072, 40.420218], [-123.17417, 40.422805], [-123.16938, 40.425419], [-123.16191, 40.427353], [-123.157967, 40.425431], [-123.160932, 40.431681], [-123.159337, 40.43597], [-123.157294, 40.436972], [-123.157935, 40.439743], [-123.162994, 40.444621], [-123.159749, 40.447055], [-123.160371, 40.450503], [-123.162052, 40.450791], [-123.162034, 40.45706], [-123.167482, 40.459928], [-123.169459, 40.465627], [-123.169348, 40.470724], [-123.165422, 40.473796], [-123.166004, 40.476457], [-123.164485, 40.479482], [-123.1658, 40.490298], [-123.174907, 40.504007], [-123.175326, 40.508787], [-123.179396, 40.51517], [-123.180399, 40.52433], [-123.183956, 40.53219], [-123.19144, 40.541092], [-123.191088, 40.552012], [-123.188316, 40.553594]], [[-123.188316, 40.553594], [-123.188188, 40.553552], [-123.18619, 40.553782], [-123.184643, 40.554018]], [[-123.184643, 40.554018], [-123.174194, 40.554371], [-123.148701, 40.551295], [-123.129385, 40.558204], [-123.117083, 40.559271], [-123.109132, 40.557962], [-123.106192, 40.55934], [-123.106136, 40.563465], [-123.103574, 40.569046], [-123.088457, 40.577156], [-123.083557, 40.581427], [-123.072983, 40.583577], [-123.068006, 40.581393], [-123.053688, 40.579285], [-123.052083, 40.576681], [-123.043518, 40.579871]], [[-123.043518, 40.579871], [-123.043267, 40.579802], [-123.043243, 40.579797]], [[-123.043518, 40.579871], [-123.043243, 40.579797]], [[-123.043243, 40.579797], [-123.039535, 40.581336], [-123.038506, 40.583586]], [[-123.038506, 40.583586], [-123.038373, 40.583652]], [[-123.038506, 40.583586], [-123.038499, 40.58359], [-123.038373, 40.583652]], [[-123.038373, 40.583652], [-123.036335, 40.58454], [-123.034485, 40.583413], [-123.030194, 40.585543], [-123.029151, 40.589349], [-123.026361, 40.591488], [-123.021146, 40.59232], [-123.018773, 40.595127], [-123.01514, 40.595733], [-123.01484, 40.593749], [-123.010543, 40.593911], [-123.009247, 40.599071], [-123.005129, 40.600664], [-123.003787, 40.603942], [-122.999795, 40.604034], [-122.993303, 40.60134], [-122.988817, 40.602174], [-122.988673, 40.604804], [-122.991157, 40.607595], [-122.995517, 40.607953], [-122.992664, 40.611248], [-122.993074, 40.612756], [-123.002544, 40.614825], [-122.997929, 40.616524], [-122.997891, 40.618363], [-122.994843, 40.61756], [-122.993424, 40.619236], [-122.985544, 40.615506], [-122.982113, 40.617387], [-122.982461, 40.619623]], [[-122.982461, 40.619623], [-122.982302, 40.619642]], [[-122.982461, 40.619623], [-122.982452, 40.619625], [-122.982302, 40.619642]], [[-122.982302, 40.619642], [-122.972604, 40.618377], [-122.97098, 40.620533], [-122.971532, 40.617485], [-122.974727, 40.617004], [-122.971031, 40.616106], [-122.961585, 40.624638], [-122.956887, 40.625258], [-122.94663, 40.621552], [-122.946547, 40.615829], [-122.943792, 40.613632], [-122.937713, 40.613068], [-122.93894, 40.6229], [-122.944768, 40.630733], [-122.948629, 40.641708], [-122.946928, 40.647506], [-122.939305, 40.651296]], [[-122.94055, 40.732762], [-122.931453, 40.735228], [-122.923439, 40.742862], [-122.920004, 40.749261], [-122.910746, 40.756686], [-122.902815, 40.752265], [-122.887427, 40.750768], [-122.887528, 40.76204], [-122.893133, 40.777686], [-122.89213, 40.785681], [-122.893758, 40.792447], [-122.893089, 40.794569], [-122.88849, 40.796022], [-122.890431, 40.804197], [-122.888242, 40.804749]], [[-122.888242, 40.804749], [-122.888168, 40.80478], [-122.888162, 40.804784]], [[-122.888242, 40.804749], [-122.888162, 40.804784]], [[-122.888162, 40.804784], [-122.889495, 40.813286], [-122.893228, 40.818713], [-122.888153, 40.823359], [-122.887967, 40.826631], [-122.890585, 40.828403], [-122.882464, 40.827979], [-122.875654, 40.833861], [-122.862435, 40.83694], [-122.855871, 40.840465], [-122.857474, 40.843677], [-122.865712, 40.848033], [-122.86706, 40.850377], [-122.865606, 40.852541], [-122.859558, 40.849866], [-122.850795, 40.850391]], [[-122.850795, 40.850391], [-122.850437, 40.850308]], [[-122.850795, 40.850391], [-122.850445, 40.850311], [-122.850437, 40.850308]], [[-122.850437, 40.850308], [-122.845317, 40.845816], [-122.842064, 40.846985], [-122.8393, 40.845699], [-122.837694, 40.847201], [-122.834369, 40.846269], [-122.83267, 40.847713], [-122.832106, 40.85255], [-122.824382, 40.852398], [-122.820112, 40.856545], [-122.817323, 40.862674], [-122.817895, 40.8657], [-122.813007, 40.865846], [-122.811641, 40.868869], [-122.808419, 40.864997], [-122.804257, 40.866444]], [[-122.804257, 40.866444], [-122.80425, 40.866449], [-122.804176, 40.86655]], [[-122.804257, 40.866444], [-122.804176, 40.86655]], [[-122.804176, 40.86655], [-122.802102, 40.876029], [-122.803021, 40.878124], [-122.796433, 40.882903], [-122.795715, 40.891705], [-122.79106, 40.897422], [-122.787449, 40.897672], [-122.786538, 40.900589]], [[-122.802653, 41.310104], [-122.809688, 41.316687], [-122.809766, 41.319068], [-122.822398, 41.336497], [-122.829407, 41.342169], [-122.831165, 41.348082], [-122.830836, 41.364888], [-122.833215, 41.372728], [-122.83303, 41.381014], [-122.843094, 41.394905], [-122.846143, 41.403555], [-122.854694, 41.40764], [-122.861735, 41.416051], [-122.864248, 41.425811], [-122.867646, 41.43154], [-122.869154, 41.453299], [-122.871805, 41.455503], [-122.889128, 41.461717], [-122.896766, 41.462947], [-122.906482, 41.495204], [-122.906462, 41.53947], [-122.899344, 41.554717], [-122.864498, 41.581148], [-122.843762, 41.60424], [-122.836074, 41.615778], [-122.826029, 41.625221], [-122.821995, 41.626142], [-122.800468, 41.621413], [-122.782422, 41.621238], [-122.765415, 41.625165], [-122.753377, 41.631883], [-122.750016, 41.636736], [-122.747794, 41.644159], [-122.740944, 41.652067], [-122.737982, 41.659932], [-122.732173, 41.665884], [-122.732003, 41.669293], [-122.728147, 41.675299], [-122.717956, 41.6812], [-122.715385, 41.676335], [-122.71145, 41.674469], [-122.709425, 41.671531], [-122.699606, 41.668596], [-122.692867, 41.67471], [-122.686045, 41.674654], [-122.674898, 41.678106], [-122.66498, 41.686369], [-122.650754, 41.694243], [-122.643474, 41.706423], [-122.640409, 41.71553]], [[-122.802511, 41.309998], [-122.802516, 41.310001], [-122.802653, 41.310104]], [[-122.802511, 41.309998], [-122.802653, 41.310104]], [[-122.664379, 41.240902], [-122.667379, 41.245009], [-122.6644, 41.24624], [-122.664369, 41.249009], [-122.670962, 41.254792], [-122.669933, 41.258929], [-122.673745, 41.256628], [-122.688249, 41.258525], [-122.693801, 41.26596], [-122.693831, 41.269943], [-122.698333, 41.277161], [-122.698174, 41.280877], [-122.72052, 41.291463], [-122.727197, 41.305589], [-122.735521, 41.30397], [-122.739413, 41.300638], [-122.737647, 41.295445], [-122.733372, 41.294374], [-122.734417, 41.293218], [-122.769097, 41.310369], [-122.774958, 41.306784], [-122.784822, 41.305402], [-122.802511, 41.309998]], [[-122.786595, 40.900733], [-122.78839, 40.904532], [-122.785835, 40.906092], [-122.778376, 40.905363], [-122.774521, 40.908834], [-122.773948, 40.91316], [-122.772225, 40.914751]], [[-122.786538, 40.900589], [-122.786595, 40.900733]], [[-122.786538, 40.900589], [-122.786591, 40.900729], [-122.786595, 40.900733]], [[-122.772225, 40.914751], [-122.772223, 40.914753]], [[-122.772225, 40.914751], [-122.772224, 40.914753], [-122.772223, 40.914753]], [[-122.772223, 40.914753], [-122.769543, 40.917703], [-122.766059, 40.927326], [-122.751332, 40.936269], [-122.747319, 40.944343], [-122.727178, 40.963491], [-122.727904, 40.9707], [-122.721978, 40.977886], [-122.707804, 40.983169], [-122.707795, 40.987855], [-122.702501, 40.991243], [-122.70279, 41.005189], [-122.692601, 41.01164], [-122.693989, 41.014823], [-122.692474, 41.019833], [-122.693701, 41.026793], [-122.692745, 41.02913], [-122.702259, 41.040832], [-122.701451, 41.048433], [-122.69878, 41.051763], [-122.699579, 41.05588], [-122.702937, 41.059244], [-122.701617, 41.074367], [-122.707033, 41.085584], [-122.706955, 41.09938], [-122.704215, 41.10645], [-122.707265, 41.112779], [-122.704873, 41.118768], [-122.699419, 41.125887], [-122.698552, 41.132508], [-122.671518, 41.14505], [-122.666823, 41.152329], [-122.664875, 41.169128], [-122.661801, 41.172642], [-122.659903, 41.18042], [-122.647229, 41.198269], [-122.645153, 41.214751], [-122.647855, 41.221815], [-122.645558, 41.233799], [-122.653183, 41.235568], [-122.664325, 41.240881]], [[-122.664325, 41.240881], [-122.664379, 41.240902]], [[-122.664325, 41.240881], [-122.664329, 41.240883], [-122.664379, 41.240902]], [[-122.640409, 41.71553], [-122.639816, 41.717044], [-122.638725, 41.724393], [-122.637012, 41.72813]], [[-122.640409, 41.71553], [-122.638837, 41.724412], [-122.637012, 41.72813]], [[-122.637012, 41.72813], [-122.633376, 41.740305], [-122.625177, 41.738582]], [[-122.625177, 41.738582], [-122.620266, 41.73835]], [[-122.625177, 41.738582], [-122.622845, 41.738069], [-122.620266, 41.73835]], [[-122.620266, 41.73835], [-122.60753, 41.741424]], [[-122.60753, 41.741424], [-122.604949, 41.742144], [-122.603555, 41.742307], [-122.601774, 41.742213], [-122.59999, 41.741694]], [[-122.60753, 41.741424], [-122.607373, 41.741423], [-122.60496, 41.742051], [-122.603565, 41.742232], [-122.59999, 41.741694]], [[-122.59999, 41.741694], [-122.59312, 41.735418], [-122.583483, 41.731942], [-122.570859, 41.728904], [-122.563, 41.728765], [-122.556786, 41.725828], [-122.530225, 41.724582]], [[-122.530225, 41.724582], [-122.530223, 41.724582], [-122.529293, 41.725873]], [[-122.530225, 41.724582], [-122.529293, 41.725873]], [[-122.529293, 41.725873], [-122.527671, 41.728208], [-122.524665, 41.727033]], [[-122.524665, 41.727033], [-122.524664, 41.727033], [-122.524663, 41.727032]], [[-122.524665, 41.727033], [-122.524663, 41.727032]], [[-122.524663, 41.727032], [-122.515596, 41.724845]]]}}, {"type": "Feature", "properties": {"route_number": "SR-33"}, "geometry": {"type": "MultiLineString", "coordinates": [[[-121.339271, 37.677996], [-121.345206, 37.683575], [-121.345335, 37.683597], [-121.34532, 37.683472], [-121.339271, 37.677996]], [[-120.999762, 37.260156], [-121.032636, 37.345195], [-121.075597, 37.398058], [-121.154738, 37.508833], [-121.339271, 37.677996]], [[-121.016344, 37.05687], [-121.015908, 37.097963]], [[-121.015908, 37.097963], [-121.015817, 37.103186]], [[-121.015908, 37.097963], [-121.015878, 37.102993], [-121.015817, 37.103186]], [[-121.015819, 37.106356], [-121.015676, 37.110821]], [[-121.015819, 37.106356], [-121.015734, 37.110762], [-121.015676, 37.110821]], [[-121.015817, 37.103186], [-121.015819, 37.106356]], [[-121.015676, 37.110821], [-121.012632, 37.188885], [-121.012832, 37.245807]], [[-120.463765, 36.863946], [-120.471961, 36.870696], [-120.507822, 36.893193], [-120.577541, 36.924482], [-120.626353, 36.951153], [-120.635605, 36.965929], [-120.635569, 37.051172]], [[-120.450475, 36.847412], [-120.452515, 36.853289], [-120.463765, 36.863946]], [[-120.450475, 36.847412], [-120.452624, 36.853617], [-120.463765, 36.863946]], [[-120.449753, 36.844612], [-120.450475, 36.847412]], [[-120.394265, 36.435317], [-120.392856, 36.479551], [-120.389104, 36.486796], [-120.386239, 36.760375], [-120.38803, 36.766142], [-120.443435, 36.829609], [-120.44975, 36.844598]], [[-120.055932, 35.903442], [-120.05923, 35.904944], [-120.096815, 35.948541], [-120.130849, 35.995726], [-120.271244, 36.107693], [-120.271795, 36.136982], [-120.35511, 36.136543], [-120.360296, 36.139727], [-120.354445, 36.146294], [-120.354654, 36.176868], [-120.353275, 36.180812], [-120.337202, 36.194397], [-120.317282, 36.204161], [-120.311424, 36.210428], [-120.310976, 36.217979], [-120.313506, 36.227398], [-120.315741, 36.250003], [-120.314428, 36.258367], [-120.30711, 36.271027], [-120.30001, 36.282108], [-120.292474, 36.283931], [-120.269192, 36.294329]], [[-120.053604, 35.902427], [-120.055932, 35.903442]], [[-120.053604, 35.902427], [-120.054392, 35.90303], [-120.055932, 35.903442]], [[-119.984293, 35.790472], [-119.998676, 35.807438], [-120.025403, 35.854284], [-120.035592, 35.868592], [-120.053604, 35.902427]], [[-119.98336, 35.789368], [-119.984293, 35.790472]], [[-119.98336, 35.789368], [-119.983371, 35.789383], [-119.984293, 35.790472]], [[-119.415769, 35.004013], [-119.412834, 35.000135], [-119.408981, 35.001833], [-119.409721, 35.00686], [-119.415815, 35.018515], [-119.420717, 35.038771], [-119.420305, 35.042537], [-119.41494, 35.048773], [-119.401021, 35.058434], [-119.402009, 35.070087], [-119.400792, 35.080735], [-119.403065, 35.087824], [-119.446678, 35.132749], [-119.449548, 35.139626], [-119.471588, 35.147206], [-119.512586, 35.169927], [-119.528277, 35.180725], [-119.60043, 35.252773], [-119.627272, 35.286244], [-119.622285, 35.308705], [-119.6278, 35.317785], [-119.626275, 35.330024], [-119.629766, 35.339907], [-119.694792, 35.446205], [-119.716683, 35.46887], [-119.760477, 35.52773], [-119.858862, 35.607661], [-119.866885, 35.611287], [-119.868393, 35.618258], [-119.872627, 35.622205], [-119.901678, 35.664264], [-119.942969, 35.728355], [-119.951012, 35.73609], [-119.98336, 35.789368]], [[-119.385534, 34.649793], [-119.380438, 34.653472], [-119.38303, 34.656516], [-119.381311, 34.658166], [-119.37761, 34.658099], [-119.374963, 34.661244], [-119.376052, 34.664288], [-119.373078, 34.663725], [-119.371172, 34.660154], [-119.371245, 34.666485], [-119.362135, 34.667593], [-119.363385, 34.669551], [-119.372838, 34.67023], [-119.371098, 34.677803], [-119.358123, 34.678769], [-119.355277, 34.681825], [-119.355229, 34.685767], [-119.361849, 34.689306], [-119.374311, 34.699935], [-119.38403, 34.719573], [-119.413742, 34.753236], [-119.424097, 34.773606], [-119.434831, 34.783259], [-119.442533, 34.787606], [-119.490929, 34.865354], [-119.512392, 34.913564], [-119.512044, 34.936281]], [[-119.512025, 34.936282], [-119.489644, 34.938295], [-119.47146, 34.938009], [-119.466266, 34.939789], [-119.454872, 34.948194], [-119.450787, 34.953174], [-119.445901, 34.963554], [-119.438143, 34.9685], [-119.435547, 34.97507], [-119.434828, 34.983507], [-119.431715, 34.98739]], [[-119.431715, 34.98739], [-119.428939, 34.993443]], [[-119.431715, 34.98739], [-119.430719, 34.992088], [-119.428939, 34.993443]], [[-119.428939, 34.993443], [-119.421068, 34.995291], [-119.419695, 34.997596], [-119.420513, 35.000068]], [[-119.420513, 35.000068], [-119.420615, 35.0041], [-119.415769, 35.004013]], [[-119.420513, 35.000068], [-119.421434, 35.002504], [-119.420574, 35.004237], [-119.415769, 35.004013]], [[-119.385526, 34.649665], [-119.385528, 34.64968], [-119.385534, 34.649793]], [[-119.385526, 34.649665], [-119.385534, 34.649793]], [[-119.270753, 34.446902], [-119.272577, 34.450816], [-119.277873, 34.455122], [-119.279176, 34.46032], [-119.28491, 34.464147], [-119.290999, 34.476825], [-119.291134, 34.481887], [-119.298439, 34.485439], [-119.303701, 34.485831], [-119.305438, 34.487595], [-119.306409, 34.493007], [-119.305165, 34.49555], [-119.301199, 34.497118], [-119.301333, 34.499617], [-119.29505, 34.507314], [-119.284481, 34.509015], [-119.283569, 34.506333], [-119.278499, 34.505369], [-119.274684, 34.508524], [-119.274973, 34.510501], [-119.270804, 34.515529], [-119.271618, 34.520218], [-119.276992, 34.518662], [-119.278432, 34.51538], [-119.283389, 34.515384], [-119.281555, 34.516831], [-119.282047, 34.518577], [-119.279902, 34.51863], [-119.277043, 34.522623], [-119.271015, 34.526238], [-119.2704, 34.530102], [-119.266553, 34.52842], [-119.261353, 34.5335], [-119.256312, 34.535743], [-119.248769, 34.534692], [-119.244617, 34.53673], [-119.247103, 34.532395], [-119.252356, 34.53141], [-119.251762, 34.529892], [-119.234563, 34.535118], [-119.23442, 34.539143], [-119.2414, 34.541794], [-119.237364, 34.548163], [-119.246942, 34.556437], [-119.255875, 34.556927], [-119.264839, 34.55539], [-119.267772, 34.556756], [-119.268424, 34.559649], [-119.264999, 34.561458], [-119.257216, 34.577086], [-119.262828, 34.584652], [-119.273059, 34.583754], [-119.274996, 34.586509], [-119.282227, 34.587799], [-119.283162, 34.589713], [-119.287665, 34.591317], [-119.29177, 34.590312], [-119.299189, 34.592102], [-119.302088, 34.595217], [-119.305451, 34.594228], [-119.308736, 34.595619], [-119.313901, 34.593938], [-119.321713, 34.596393], [-119.327413, 34.595804], [-119.336012, 34.599296], [-119.339687, 34.602867], [-119.347184, 34.600419], [-119.353435, 34.606085], [-119.360411, 34.606133], [-119.365479, 34.60846], [-119.372169, 34.615668], [-119.371389, 34.630249], [-119.373195, 34.639068], [-119.377289, 34.645253], [-119.373399, 34.647902], [-119.375915, 34.649163], [-119.384075, 34.648342], [-119.385526, 34.649665]], [[-119.308579, 34.356252], [-119.309694, 34.361286], [-119.306334, 34.365728], [-119.306321, 34.376381], [-119.301431, 34.386772], [-119.301577, 34.391449]], [[-119.306109, 34.27905], [-119.305441, 34.283462], [-119.306683, 34.288375], [-119.306885, 34.289904], [-119.306736, 34.290827], [-119.29793, 34.309144], [-119.29269, 34.318754], [-119.292801, 34.340969], [-119.297677, 34.348462], [-119.30669, 34.35301], [-119.307926, 34.354343], [-119.308389, 34.3554], [-119.308579, 34.356252]], [[-119.304919, 34.279231], [-119.305715, 34.280717], [-119.305288, 34.283395], [-119.306523, 34.291053], [-119.292511, 34.318764], [-119.292512, 34.340824], [-119.293629, 34.344448], [-119.297532, 34.348664], [-119.3062, 34.352967], [-119.308579, 34.356252]], [[-119.301577, 34.391449], [-119.299572, 34.396712], [-119.299702, 34.400765]], [[-119.301577, 34.391449], [-119.299702, 34.400765]], [[-119.299702, 34.400765], [-119.299318, 34.40577], [-119.295197, 34.411179], [-119.293125, 34.418325], [-119.289235, 34.424121]], [[-119.289235, 34.424121], [-119.288965, 34.425219], [-119.288735, 34.429051], [-119.288391, 34.429895], [-119.288825, 34.429097], [-119.289235, 34.424121]], [[-119.270753, 34.446902], [-119.269804, 34.444807], [-119.268039, 34.443255], [-119.26657, 34.442642], [-119.260918, 34.441417], [-119.267396, 34.443076], [-119.270753, 34.446902]]]}}, {"type": "Feature", "properties": {"route_number": "SR-330"}, "geometry": {"type": "MultiLineString", "coordinates": [[[-117.204743, 34.12973], [-117.203417, 34.12982]], [[-117.203549, 34.128741], [-117.203417, 34.12982]], [[-117.203417, 34.12982], [-117.194105, 34.133165], [-117.192676, 34.134096], [-117.192014, 34.135077], [-117.191795, 34.135861], [-117.192124, 34.140847], [-117.189875, 34.14466]], [[-117.203417, 34.12982], [-117.192733, 34.134197], [-117.19234, 34.140499], [-117.189875, 34.14466]], [[-117.189875, 34.14466], [-117.18889, 34.15172], [-117.183931, 34.155868], [-117.184798, 34.158135], [-117.181459, 34.165686], [-117.182931, 34.167642], [-117.181447, 34.172056], [-117.1853, 34.176945]], [[-117.1853, 34.176945], [-117.181982, 34.184177]], [[-117.1853, 34.176945], [-117.183768, 34.182074], [-117.181982, 34.184177]], [[-117.181982, 34.184177], [-117.177359, 34.186265], [-117.173726, 34.180215], [-117.170618, 34.180507], [-117.172139, 34.182789], [-117.170962, 34.183695], [-117.154274, 34.177017], [-117.149785, 34.182011], [-117.147486, 34.178902], [-117.144146, 34.17923], [-117.140884, 34.184099], [-117.141711, 34.18521]], [[-117.14669, 34.184847], [-117.149074, 34.187734], [-117.14855, 34.190556], [-117.15424, 34.188966], [-117.158612, 34.192433], [-117.155202, 34.191625], [-117.148866, 34.195197], [-117.149989, 34.196368], [-117.152366, 34.194634], [-117.153726, 34.195924], [-117.153498, 34.201059], [-117.151339, 34.203044], [-117.150202, 34.20819], [-117.148455, 34.2078], [-117.149356, 34.204052], [-117.145614, 34.204036]], [[-117.141711, 34.18521], [-117.142331, 34.185043], [-117.144454, 34.183571], [-117.14534, 34.183229], [-117.145905, 34.183299], [-117.146352, 34.183585], [-117.146571, 34.18398], [-117.14669, 34.184847]], [[-117.141711, 34.18521], [-117.142359, 34.185094], [-117.14529, 34.183331], [-117.14669, 34.184847]], [[-117.145614, 34.204036], [-117.139903, 34.203524], [-117.132297, 34.204595]], [[-117.145614, 34.204036], [-117.132297, 34.204595]], [[-117.132297, 34.204595], [-117.127848, 34.205563], [-117.125134, 34.204282], [-117.121316, 34.205716], [-117.104171, 34.204878]]]}}, {"type": "Feature", "properties": {"route_number": "SR-35"}, "geometry": {"type": "MultiLineString", "coordinates": [[[-122.475839, 37.660543], [-122.47684, 37.662099], [-122.481101, 37.666103], [-122.485973, 37.669411], [-122.489545, 37.675631], [-122.490089, 37.678547], [-122.488917, 37.684289], [-122.489015, 37.686466], [-122.490103, 37.688361], [-122.494277, 37.692888], [-122.494854, 37.698459], [-122.498232, 37.70584], [-122.497958, 37.709762], [-122.498249, 37.715001], [-122.500447, 37.720649], [-122.502998, 37.724923], [-122.500845, 37.729672], [-122.496348, 37.733598], [-122.475075, 37.734544]], [[-122.475839, 37.660543], [-122.486041, 37.669135], [-122.489729, 37.675433], [-122.490321, 37.678503], [-122.489242, 37.686359], [-122.494524, 37.692828], [-122.495069, 37.698385], [-122.498484, 37.706073], [-122.498546, 37.715257], [-122.503114, 37.724988], [-122.500933, 37.729737], [-122.496465, 37.733887], [-122.475087, 37.734722]], [[-122.466759, 37.641759], [-122.471986, 37.647371], [-122.471278, 37.652941], [-122.475839, 37.660543]], [[-122.447266, 37.624325], [-122.448204, 37.62576], [-122.451016, 37.628391], [-122.453598, 37.631495], [-122.462477, 37.637114], [-122.466759, 37.641759]], [[-122.447266, 37.624325], [-122.448258, 37.626039], [-122.45418, 37.632108], [-122.466759, 37.641759]], [[-122.434047, 37.610132], [-122.447266, 37.624325]], [[-122.426035, 37.601329], [-122.43342, 37.609117], [-122.434047, 37.610132]], [[-122.424963, 37.601307], [-122.434047, 37.610132]], [[-122.016005, 37.165654], [-122.026187, 37.166835], [-122.025455, 37.16935], [-122.027575, 37.170993], [-122.025684, 37.173175], [-122.027206, 37.17488], [-122.026337, 37.176992], [-122.033125, 37.185283], [-122.030877, 37.190018], [-122.0407, 37.195248], [-122.042347, 37.199692], [-122.054378, 37.209731], [-122.055268, 37.212284], [-122.059109, 37.213012], [-122.062769, 37.210353], [-122.065588, 37.210293], [-122.069912, 37.216521], [-122.078868, 37.223057], [-122.091358, 37.224019], [-122.093961, 37.229985], [-122.104765, 37.234837], [-122.105019, 37.23991], [-122.118269, 37.25602], [-122.123635, 37.259651], [-122.130848, 37.260407], [-122.135953, 37.26576], [-122.150388, 37.275487], [-122.148734, 37.280821], [-122.151911, 37.284023], [-122.152954, 37.289137], [-122.164284, 37.294597], [-122.164374, 37.297959], [-122.161609, 37.30208], [-122.168323, 37.309306], [-122.176124, 37.312837], [-122.185895, 37.313928], [-122.190594, 37.318047], [-122.205173, 37.324919], [-122.217023, 37.335378], [-122.217616, 37.339955], [-122.22829, 37.344834], [-122.231778, 37.348604], [-122.2395, 37.351348], [-122.246922, 37.358022], [-122.247827, 37.36762], [-122.252194, 37.371775], [-122.256892, 37.372142], [-122.262942, 37.376327], [-122.2629, 37.38546], [-122.271278, 37.391259], [-122.274375, 37.391206], [-122.275842, 37.388796], [-122.280976, 37.388617], [-122.287392, 37.393684], [-122.289926, 37.391952], [-122.293833, 37.396452], [-122.294235, 37.399884], [-122.307206, 37.407496], [-122.306117, 37.411104], [-122.307576, 37.412953], [-122.318931, 37.417709], [-122.319393, 37.423787], [-122.315022, 37.424147], [-122.310937, 37.42796], [-122.316689, 37.433838], [-122.32075, 37.435558], [-122.32517, 37.442081], [-122.33818, 37.449965], [-122.340659, 37.454355], [-122.338431, 37.458185], [-122.345659, 37.461214], [-122.346004, 37.464197], [-122.349611, 37.468659], [-122.355545, 37.470927], [-122.359756, 37.479629], [-122.358842, 37.484102], [-122.362979, 37.484518], [-122.363124, 37.489659], [-122.366266, 37.49008], [-122.364555, 37.491986], [-122.36895, 37.495551]], [[-122.349791, 37.511811], [-122.354541, 37.516984], [-122.358466, 37.524983]], [[-122.015961, 37.165655], [-122.016005, 37.165654]], [[-122.015961, 37.165655], [-122.016003, 37.165655], [-122.016005, 37.165654]], [[-121.998999, 37.153478], [-122.002289, 37.158318], [-122.009129, 37.159759], [-122.015961, 37.165655]], [[-121.99892, 37.15344], [-121.998993, 37.153473], [-121.998999, 37.153478]], [[-121.99892, 37.15344], [-121.998999, 37.153478]], [[-121.984095, 37.145308], [-121.991084, 37.144342], [-121.994155, 37.149778], [-121.99892, 37.15344]]]}}, {"type": "Feature", "properties": {"route_number": "SR-37"}, "geometry": {"type": "MultiLineString", "coordinates": [[[-122.546216, 38.079991], [-122.51463, 38.103027], [-122.509001, 38.108185], [-122.508463, 38.112514], [-122.507753, 38.113924], [-122.500577, 38.119517], [-122.450377, 38.150523], [-122.449227, 38.15105], [-122.443787, 38.152794], [-122.411879, 38.155882], [-122.410469, 38.155885]], [[-122.544572, 38.079239], [-122.54395, 38.081368], [-122.537143, 38.085317], [-122.515134, 38.102348], [-122.509614, 38.107164], [-122.508309, 38.109326], [-122.507929, 38.113495], [-122.501124, 38.118949], [-122.450196, 38.150439], [-122.443768, 38.152698], [-122.410469, 38.155885]], [[-122.410469, 38.155885], [-122.403923, 38.155511]], [[-122.403923, 38.155511], [-122.402117, 38.155262], [-122.399123, 38.154206], [-122.391678, 38.152793], [-122.385426, 38.151079], [-122.383615, 38.150298], [-122.374898, 38.145852], [-122.369294, 38.144096], [-122.355343, 38.139025], [-122.349841, 38.136468], [-122.338182, 38.132535], [-122.332805, 38.130244], [-122.327395, 38.12818], [-122.319913, 38.125041], [-122.311896, 38.121537], [-122.30658, 38.118945], [-122.299895, 38.117482], [-122.287762, 38.117804], [-122.272667, 38.123406], [-122.261066, 38.133377], [-122.25569, 38.140451], [-122.254219, 38.141466], [-122.252761, 38.1421], [-122.251009, 38.142518], [-122.249128, 38.14263], [-122.221138, 38.14157], [-122.218203, 38.143051], [-122.217, 38.146014]], [[-122.403923, 38.155511], [-122.399163, 38.15414], [-122.385459, 38.151016], [-122.374648, 38.145689], [-122.349869, 38.136418], [-122.338891, 38.132737], [-122.30661, 38.118878], [-122.299897, 38.117421], [-122.288126, 38.117577], [-122.272499, 38.123374], [-122.260976, 38.133265], [-122.255728, 38.140198], [-122.252747, 38.14195], [-122.220399, 38.140716], [-122.217358, 38.142233], [-122.216544, 38.14543]]]}}, {"type": "Feature", "properties": {"route_number": "SR-371"}, "geometry": {"type": "MultiLineString", "coordinates": [[[-116.861749, 33.441603], [-116.857007, 33.447357], [-116.859824, 33.45729], [-116.859436, 33.461156], [-116.85574, 33.46515], [-116.854589, 33.470513], [-116.850336, 33.477046], [-116.843664, 33.482385], [-116.831506, 33.486263], [-116.81982, 33.494629], [-116.808671, 33.499205], [-116.798793, 33.500801], [-116.784887, 33.519983], [-116.772923, 33.52615], [-116.764619, 33.534625], [-116.754803, 33.539945], [-116.742473, 33.541354], [-116.706445, 33.55212], [-116.689788, 33.555193], [-116.669602, 33.555107]], [[-116.669602, 33.555107], [-116.665393, 33.555081]], [[-116.669602, 33.555107], [-116.667947, 33.555047], [-116.665393, 33.555081]], [[-116.665393, 33.555081], [-116.64378, 33.555176], [-116.627628, 33.563372], [-116.613917, 33.556996], [-116.603418, 33.560174], [-116.602009, 33.562014], [-116.604331, 33.566158], [-116.603466, 33.567687], [-116.595979, 33.56716], [-116.591444, 33.569554]]]}}, {"type": "Feature", "properties": {"route_number": "SR-39"}, "geometry": {"type": "MultiLineString", "coordinates": [[[-117.998255, 33.865198], [-117.998507, 33.880067], [-117.998321, 33.881381], [-117.982274, 33.90371], [-117.977156, 33.909435], [-117.968215, 33.917392], [-117.967939, 33.939844]], [[-117.998111, 33.854457], [-117.998169, 33.858263]], [[-117.998068, 33.865197], [-117.998223, 33.881129], [-117.982214, 33.903467], [-117.967938, 33.917423], [-117.967939, 33.939844]], [[-117.997914, 33.854461], [-117.997967, 33.858267]], [[-117.98834, 33.648734], [-117.989313, 33.704327], [-117.989827, 33.764568], [-117.992261, 33.770664], [-117.992932, 33.773698], [-117.994115, 33.836017]], [[-117.988153, 33.648612], [-117.9896, 33.764488], [-117.992694, 33.773159], [-117.993916, 33.836094]], [[-117.967939, 33.939844], [-117.959262, 33.939157], [-117.933056, 33.939124], [-117.959211, 33.939062], [-117.967939, 33.939844]], [[-117.895145, 34.164091], [-117.891967, 34.164609], [-117.892078, 34.170855], [-117.888031, 34.171172], [-117.884065, 34.176287]], [[-117.884065, 34.176287], [-117.883936, 34.176407]], [[-117.884065, 34.176287], [-117.883941, 34.176405], [-117.883936, 34.176407]], [[-117.883936, 34.176407], [-117.879508, 34.182954], [-117.873133, 34.184108], [-117.871701, 34.187536], [-117.865785, 34.190365], [-117.861836, 34.199408], [-117.858633, 34.200837], [-117.859084, 34.202188], [-117.866723, 34.204741], [-117.86556, 34.209493], [-117.86333, 34.211689], [-117.864335, 34.215039], [-117.861807, 34.214567], [-117.859457, 34.216772], [-117.855608, 34.217081], [-117.854978, 34.221649], [-117.851786, 34.222043], [-117.845719, 34.229736], [-117.846844, 34.234351], [-117.850991, 34.236188], [-117.852011, 34.240177], [-117.855937, 34.240142], [-117.86112, 34.237179], [-117.865092, 34.240911], [-117.868441, 34.241194]], [[-117.868722, 34.241265], [-117.869248, 34.244674], [-117.865322, 34.248876], [-117.860453, 34.251139], [-117.857165, 34.258387], [-117.851299, 34.262624], [-117.84479, 34.26258], [-117.84709, 34.27177], [-117.845832, 34.277635], [-117.840583, 34.279128], [-117.837861, 34.283182], [-117.839933, 34.284661], [-117.84475, 34.2828], [-117.845555, 34.285314], [-117.838845, 34.291219], [-117.836995, 34.288971], [-117.832234, 34.288001], [-117.836029, 34.289182], [-117.836418, 34.290805], [-117.83358, 34.292475], [-117.836252, 34.294112], [-117.833333, 34.299943], [-117.835609, 34.299489], [-117.838075, 34.301382], [-117.839005, 34.297648], [-117.844143, 34.300699], [-117.839974, 34.299211], [-117.841508, 34.302245], [-117.839415, 34.304317], [-117.842572, 34.302046], [-117.846406, 34.302804], [-117.844154, 34.308818], [-117.838864, 34.308828], [-117.834491, 34.311715], [-117.834651, 34.314244], [-117.836807, 34.314418], [-117.840351, 34.311775], [-117.851794, 34.31135], [-117.854362, 34.309001], [-117.856131, 34.310456], [-117.859938, 34.309405], [-117.862659, 34.310523], [-117.858862, 34.312998], [-117.855429, 34.320157], [-117.858508, 34.327888], [-117.855195, 34.329775], [-117.853327, 34.338465], [-117.858528, 34.341535], [-117.854292, 34.34213], [-117.849095, 34.34618], [-117.853036, 34.348182], [-117.849636, 34.353596], [-117.851033, 34.356889]], [[-117.868441, 34.241194], [-117.868591, 34.241231], [-117.868722, 34.241265]], [[-117.868441, 34.241194], [-117.868722, 34.241265]]]}}, {"type": "Feature", "properties": {"route_number": "SR-4"}, "geometry": {"type": "MultiLineString", "coordinates": [[[-121.732148, 37.917028], [-121.732205, 37.92091], [-121.732932, 37.924931], [-121.744397, 37.950514], [-121.744092, 37.958675], [-121.738927, 37.966635], [-121.738718, 37.97063], [-121.739895, 37.973208], [-121.749844, 37.986937], [-121.752267, 37.988969], [-121.755204, 37.990111], [-121.764299, 37.991452], [-121.771728, 37.993974], [-121.795813, 37.998083], [-121.817305, 37.998427], [-121.860366, 38.010367], [-121.899898, 38.019684], [-121.903087, 38.020042], [-121.918807, 38.020161], [-121.947189, 38.019098], [-121.95545, 38.021108], [-121.969491, 38.023815], [-121.974938, 38.023819], [-121.978261, 38.022972], [-121.98773, 38.018873], [-121.996857, 38.014135], [-122.030992, 38.008437], [-122.038961, 38.004759], [-122.056966, 38.000122], [-122.078063, 37.992007], [-122.09651, 37.990782], [-122.111409, 37.996164], [-122.11315, 37.996566], [-122.115295, 37.996667], [-122.117103, 37.996423], [-122.118963, 37.995812], [-122.12701, 37.991433], [-122.136884, 37.989593], [-122.142242, 37.991677], [-122.146322, 37.99893], [-122.148185, 38.000678], [-122.156312, 38.00521], [-122.165838, 38.006689], [-122.176828, 38.014652], [-122.17935, 38.015649], [-122.186032, 38.016334], [-122.188627, 38.016172], [-122.192844, 38.014745], [-122.206919, 38.00894], [-122.217182, 38.008252], [-122.228922, 38.010312], [-122.237712, 38.013948], [-122.242597, 38.015032], [-122.247098, 38.015273], [-122.26171, 38.013361], [-122.272473, 38.01597], [-122.261598, 38.013236], [-122.242546, 38.014785], [-122.22491, 38.008404], [-122.214212, 38.007147], [-122.204953, 38.00899], [-122.18868, 38.015979], [-122.180045, 38.015623], [-122.165564, 38.006318], [-122.156298, 38.005011], [-122.148354, 38.000532], [-122.142469, 37.991535], [-122.136421, 37.989405], [-122.126702, 37.991353], [-122.115694, 37.996467], [-122.096598, 37.99057], [-122.078699, 37.991608], [-122.0564, 38.000068], [-122.039311, 38.004376], [-122.030534, 38.00822], [-121.996963, 38.013716], [-121.974663, 38.023577], [-121.947421, 38.018823], [-121.899841, 38.019489], [-121.818065, 37.998409], [-121.79537, 37.997798], [-121.752158, 37.988633], [-121.739321, 37.97106], [-121.739485, 37.966634], [-121.744628, 37.958719], [-121.744861, 37.950503], [-121.733023, 37.924819], [-121.732148, 37.917028]], [[-121.732148, 37.917028], [-121.730262, 37.910915], [-121.721166, 37.904021], [-121.717447, 37.89889]], [[-121.717447, 37.89889], [-121.715934, 37.897569], [-121.712599, 37.895794]], [[-121.717447, 37.89889], [-121.712599, 37.895794]], [[-121.712599, 37.895794], [-121.711202, 37.896302], [-121.708426, 37.896348]], [[-121.712599, 37.895794], [-121.712414, 37.895787], [-121.711126, 37.896215], [-121.708426, 37.896348]], [[-121.708426, 37.896348], [-121.698537, 37.896371]], [[-121.698537, 37.896371], [-121.690282, 37.896413]], [[-121.698537, 37.896371], [-121.696231, 37.896324], [-121.690282, 37.896413]], [[-121.690282, 37.896413], [-121.68213, 37.896448]], [[-121.68213, 37.896448], [-121.678094, 37.896532]], [[-121.68213, 37.896448], [-121.68202, 37.896422], [-121.678177, 37.896497], [-121.678094, 37.896532]], [[-121.678094, 37.896532], [-121.645215, 37.896473]], [[-121.645215, 37.896473], [-121.641314, 37.89642]], [[-121.645215, 37.896473], [-121.641447, 37.896362], [-121.641314, 37.89642]], [[-121.641314, 37.89642], [-121.641392, 37.891], [-121.64108, 37.89037], [-121.640198, 37.889686], [-121.639007, 37.889307], [-121.61432, 37.889307], [-121.586297, 37.890098]], [[-121.641314, 37.89642], [-121.641254, 37.89109], [-121.638913, 37.8894], [-121.586297, 37.890098]], [[-121.586297, 37.890098], [-121.575302, 37.890109], [-121.570916, 37.892155], [-121.568976, 37.889998], [-121.488101, 37.890595], [-121.487374, 37.892734], [-121.481701, 37.896453], [-121.466674, 37.902175]], [[-121.466674, 37.902175], [-121.465373, 37.902671]], [[-121.466674, 37.902175], [-121.466556, 37.902267], [-121.465373, 37.902671]], [[-121.465373, 37.902671], [-121.431661, 37.925178]], [[-121.431661, 37.925178], [-121.428532, 37.926689]], [[-121.431661, 37.925178], [-121.430565, 37.92597], [-121.428532, 37.926689]], [[-121.428532, 37.926689], [-121.402581, 37.926887]], [[-121.402581, 37.926887], [-121.396546, 37.926886]], [[-121.402581, 37.926887], [-121.39665, 37.926853], [-121.396546, 37.926886]], [[-121.396546, 37.926886], [-121.375368, 37.926885]], [[-121.375368, 37.926885], [-121.37416, 37.926899]], [[-121.375368, 37.926885], [-121.374228, 37.926883], [-121.37416, 37.926899]], [[-121.37416, 37.926899], [-121.360356, 37.926908]], [[-121.360356, 37.926908], [-121.358044, 37.926906]], [[-121.360356, 37.926908], [-121.35824, 37.926847], [-121.358044, 37.926906]], [[-121.358044, 37.926906], [-121.35338, 37.926909]], [[-121.35338, 37.926909], [-121.35206, 37.926936]], [[-121.35338, 37.926909], [-121.352998, 37.926897], [-121.35206, 37.926936]], [[-121.35206, 37.926936], [-121.332425, 37.927492]], [[-121.332425, 37.927492], [-121.330975, 37.927859]], [[-121.332425, 37.927492], [-121.332244, 37.927464], [-121.330975, 37.927859]], [[-121.330975, 37.927859], [-121.322809, 37.930062]], [[-121.322861, 37.937475], [-121.322352, 37.938478], [-121.304028, 37.947763], [-121.26971, 37.953721], [-121.267051, 37.95466], [-121.263362, 37.956942], [-121.261146, 37.957847], [-121.248412, 37.961063], [-121.242275, 37.961622]], [[-121.322809, 37.930062], [-121.297582, 37.93683]], [[-121.322809, 37.930062], [-121.322663, 37.930046], [-121.297553, 37.936725]], [[-121.322661, 37.937478], [-121.303925, 37.947592], [-121.269598, 37.953555], [-121.266714, 37.954596], [-121.261083, 37.95774], [-121.242275, 37.961622]], [[-121.242275, 37.961622], [-121.242059, 37.961936]], [[-121.242275, 37.961622], [-121.241861, 37.961459]], [[-121.2349, 37.941232], [-121.233189, 37.941133]], [[-121.233189, 37.941133], [-121.231867, 37.941139]], [[-121.233189, 37.941133], [-121.232682, 37.941034], [-121.231867, 37.941139]], [[-121.231867, 37.941139], [-121.230544, 37.941741]], [[-121.230544, 37.941741], [-121.189127, 37.951989], [-121.181267, 37.949128], [-121.163382, 37.948927], [-121.151562, 37.942158], [-121.112487, 37.941652], [-121.084794, 37.934739], [-121.042724, 37.932124], [-121.035504, 37.929664], [-120.949433, 37.930369], [-120.944985, 37.933219], [-120.944032, 37.942876], [-120.939708, 37.944859], [-120.826146, 37.944723], [-120.810636, 37.937405], [-120.783679, 37.937347], [-120.72946, 37.94348], [-120.707844, 37.942368], [-120.699168, 37.945641], [-120.693048, 37.95455], [-120.677598, 37.957873], [-120.646633, 37.979564], [-120.645518, 37.983767], [-120.649073, 37.990049], [-120.651222, 37.999162], [-120.644028, 38.006444], [-120.644501, 38.014893]], [[-121.230544, 37.941741], [-121.231926, 37.942202], [-121.238736, 37.945978], [-121.231922, 37.942042], [-121.230544, 37.941741]], [[-120.644499, 38.014908], [-120.642613, 38.019155], [-120.649906, 38.034677], [-120.647458, 38.038051], [-120.646768, 38.046376], [-120.643463, 38.048345], [-120.637807, 38.047178], [-120.622475, 38.052417], [-120.620517, 38.055511], [-120.618873, 38.067051], [-120.610015, 38.068701], [-120.601921, 38.066461], [-120.587624, 38.071648], [-120.575553, 38.072944], [-120.564235, 38.07695], [-120.553818, 38.085419], [-120.527613, 38.079156], [-120.517635, 38.0813], [-120.501477, 38.091849], [-120.489776, 38.093503], [-120.481019, 38.093195], [-120.476053, 38.090537], [-120.473284, 38.0912], [-120.469095, 38.101861], [-120.454016, 38.114947], [-120.450328, 38.122792], [-120.4566, 38.136444], [-120.456323, 38.138792], [-120.444287, 38.150285], [-120.438562, 38.153788], [-120.436695, 38.163002], [-120.432957, 38.164676]], [[-120.432957, 38.164676], [-120.432727, 38.164758]], [[-120.432957, 38.164676], [-120.432927, 38.164689], [-120.432727, 38.164758]], [[-120.432727, 38.164758], [-120.421897, 38.16523], [-120.409725, 38.170685], [-120.396766, 38.173175], [-120.390666, 38.176709], [-120.382312, 38.178661], [-120.380225, 38.181946], [-120.372531, 38.186549], [-120.36869, 38.18697], [-120.364054, 38.193767], [-120.366206, 38.197117], [-120.365869, 38.199755], [-120.369524, 38.202537], [-120.369638, 38.204411]], [[-120.369638, 38.204411], [-120.369635, 38.204418], [-120.369522, 38.204766]], [[-120.369638, 38.204411], [-120.369522, 38.204766]], [[-120.369522, 38.204766], [-120.368258, 38.20996], [-120.371095, 38.217463], [-120.369218, 38.220925], [-120.36967, 38.225413], [-120.367581, 38.233479]], [[-120.367581, 38.233479], [-120.367456, 38.233606]], [[-120.367581, 38.233479], [-120.367563, 38.2335], [-120.367456, 38.233606]], [[-120.367456, 38.233606], [-120.362144, 38.240402]], [[-120.362144, 38.240402], [-120.360847, 38.243018]], [[-120.362144, 38.240402], [-120.361039, 38.242872], [-120.360847, 38.243018]], [[-120.360847, 38.243018], [-120.358693, 38.249906], [-120.353327, 38.254511], [-120.342773, 38.257826], [-120.329643, 38.268919], [-120.325861, 38.268573], [-120.319402, 38.273447], [-120.310641, 38.274846], [-120.310257, 38.279451], [-120.301812, 38.285152], [-120.29829, 38.290945], [-120.287163, 38.293473], [-120.277132, 38.30064], [-120.277729, 38.31028], [-120.264749, 38.31522], [-120.260471, 38.32219], [-120.250443, 38.32281], [-120.221909, 38.340017], [-120.215205, 38.340497], [-120.21055, 38.35295], [-120.212143, 38.35734], [-120.202255, 38.361767], [-120.199052, 38.367752], [-120.192876, 38.371085], [-120.191707, 38.374244], [-120.188892, 38.376018], [-120.188241, 38.379979], [-120.184694, 38.382173], [-120.185897, 38.385458], [-120.18227, 38.393026], [-120.170907, 38.395278], [-120.155325, 38.409227], [-120.139558, 38.408729], [-120.13638, 38.412962], [-120.13266, 38.414643], [-120.122766, 38.41405], [-120.094317, 38.418748], [-120.085645, 38.421547], [-120.081028, 38.425568], [-120.075973, 38.441655], [-120.06681, 38.446381], [-120.06105, 38.447282], [-120.05098, 38.458892], [-120.03341, 38.462692], [-120.03026, 38.469592], [-120.02455, 38.474452], [-120.021027, 38.482094], [-120.018311, 38.482391], [-120.009575, 38.478118], [-120.003008, 38.478294], [-119.999154, 38.480936], [-119.990724, 38.482873], [-119.98526, 38.487792], [-119.98719, 38.488782], [-119.987006, 38.490859], [-119.981232, 38.493138], [-119.977623, 38.491241], [-119.9704, 38.491832], [-119.96656, 38.490572], [-119.960745, 38.498615], [-119.955219, 38.502583]], [[-119.955219, 38.502583], [-119.954933, 38.502707]], [[-119.955219, 38.502583], [-119.955196, 38.502594], [-119.954933, 38.502707]], [[-119.954933, 38.502707], [-119.944416, 38.506312], [-119.931002, 38.514952], [-119.922594, 38.513473], [-119.909524, 38.515983], [-119.909115, 38.519378], [-119.905884, 38.523553], [-119.903063, 38.522465], [-119.89957, 38.525972], [-119.899754, 38.530703], [-119.90466, 38.533662], [-119.90288, 38.536102], [-119.892141, 38.538848], [-119.88442, 38.543162], [-119.87918, 38.543792], [-119.876039, 38.542114], [-119.87378, 38.544866], [-119.864288, 38.548227], [-119.854144, 38.549065], [-119.848663, 38.552712], [-119.84878, 38.550392], [-119.84706, 38.549261], [-119.812581, 38.54365], [-119.8074, 38.548462], [-119.808162, 38.559426], [-119.80303, 38.567102], [-119.80725, 38.569182], [-119.80542, 38.572702], [-119.80742, 38.579272], [-119.801985, 38.581352]], [[-119.801985, 38.581352], [-119.801963, 38.581369], [-119.80144, 38.581812]], [[-119.801985, 38.581352], [-119.80144, 38.581812]], [[-119.80144, 38.581812], [-119.797759, 38.581951], [-119.796889, 38.585195], [-119.793213, 38.586504], [-119.79109, 38.586562], [-119.79038, 38.584222], [-119.78921, 38.583382], [-119.78991, 38.587522], [-119.792203, 38.589454], [-119.791451, 38.5905], [-119.786961, 38.58531], [-119.787614, 38.588356], [-119.784508, 38.589172], [-119.786183, 38.590399], [-119.784237, 38.594635], [-119.765976, 38.607852], [-119.76242, 38.613112], [-119.75874, 38.612622], [-119.75253, 38.617502], [-119.73895, 38.621252], [-119.72366, 38.630112], [-119.723995, 38.641084], [-119.72185, 38.643112], [-119.72803, 38.647982], [-119.72431, 38.650952], [-119.72428, 38.657582], [-119.72644, 38.660523]]]}}, {"type": "Feature", "properties": {"route_number": "SR-41"}, "geometry": {"type": "MultiLineString", "coordinates": [[[-120.855552, 35.380077], [-120.848593, 35.385151], [-120.841611, 35.387773], [-120.831911, 35.397038], [-120.817073, 35.404078], [-120.810782, 35.410213], [-120.798268, 35.414602], [-120.789004, 35.422939], [-120.774686, 35.428232], [-120.752342, 35.428595], [-120.751734, 35.434338], [-120.75428, 35.440213], [-120.752426, 35.451524], [-120.750405, 35.457322], [-120.746542, 35.460482], [-120.720247, 35.459555], [-120.714993, 35.455804]], [[-120.714993, 35.455804], [-120.714391, 35.455132]], [[-120.714993, 35.455804], [-120.714976, 35.455786], [-120.714391, 35.455132]], [[-120.714391, 35.455132], [-120.707869, 35.451624], [-120.697194, 35.450685], [-120.685402, 35.459553], [-120.68061, 35.459168], [-120.676809, 35.461876]], [[-120.676809, 35.461876], [-120.674418, 35.463052], [-120.673124, 35.46401], [-120.670661, 35.46733], [-120.670038, 35.468397], [-120.665464, 35.484046]], [[-120.676809, 35.461876], [-120.670145, 35.468426], [-120.665464, 35.484046]], [[-120.665464, 35.484046], [-120.66482, 35.486268]], [[-120.66482, 35.486268], [-120.663649, 35.487974]], [[-120.66482, 35.486268], [-120.664283, 35.487374], [-120.663649, 35.487974]], [[-120.663649, 35.487974], [-120.662347, 35.494704], [-120.657491, 35.502052], [-120.635903, 35.511439], [-120.627839, 35.510077], [-120.625155, 35.506054], [-120.623858, 35.51058], [-120.621496, 35.507139], [-120.602091, 35.503511], [-120.58895, 35.509089], [-120.574119, 35.520433], [-120.560729, 35.52759], [-120.557258, 35.533793], [-120.512546, 35.535009], [-120.501853, 35.543961], [-120.484362, 35.552072], [-120.479192, 35.556292], [-120.474865, 35.562861], [-120.472464, 35.570253], [-120.473312, 35.57278], [-120.471509, 35.574608], [-120.465303, 35.575995], [-120.460096, 35.58038], [-120.441949, 35.577272], [-120.436056, 35.578137], [-120.429421, 35.582462], [-120.427009, 35.587717], [-120.421592, 35.590272], [-120.414086, 35.598278], [-120.407582, 35.606958], [-120.405075, 35.614632], [-120.399749, 35.62018], [-120.399806, 35.655534], [-120.407544, 35.655586], [-120.413451, 35.659162], [-120.414077, 35.661407]], [[-120.284438, 35.734473], [-120.251382, 35.765546], [-120.238771, 35.771507], [-120.232943, 35.771926], [-120.224096, 35.778692], [-120.216877, 35.780425], [-120.209965, 35.779721], [-120.201109, 35.782793], [-120.193156, 35.778377], [-120.185191, 35.777175], [-120.179426, 35.773946], [-120.165516, 35.772509], [-120.152042, 35.77496], [-120.142538, 35.774957], [-120.116058, 35.785506], [-120.110621, 35.791892], [-120.085351, 35.841989], [-120.079924, 35.861436], [-120.069776, 35.867006], [-120.048542, 35.885702]], [[-120.048542, 35.885702], [-120.044682, 35.8916]], [[-120.048542, 35.885702], [-120.044825, 35.891436], [-120.044682, 35.8916]], [[-120.044682, 35.8916], [-120.018255, 35.934553], [-120.004543, 35.947862], [-119.975675, 35.963977], [-119.963042, 35.977807]], [[-119.963042, 35.977807], [-119.960943, 35.980191], [-119.960103, 35.981907], [-119.959667, 35.988941]], [[-119.963042, 35.977807], [-119.960325, 35.982256], [-119.959667, 35.988941]], [[-119.959667, 35.988941], [-119.958272, 36.038098], [-119.945886, 36.048712], [-119.939955, 36.059803], [-119.914514, 36.08776], [-119.892672, 36.122554], [-119.879293, 36.137354], [-119.843348, 36.168203], [-119.820999, 36.198948], [-119.81625, 36.207722], [-119.816372, 36.234972]], [[-119.816395, 36.24248], [-119.811263, 36.251212]], [[-119.816372, 36.234972], [-119.816526, 36.240529], [-119.816395, 36.24248]], [[-119.816372, 36.234972], [-119.816395, 36.24248]], [[-119.811263, 36.251212], [-119.810007, 36.25261], [-119.808827, 36.254607], [-119.80814, 36.256398], [-119.807813, 36.258214]], [[-119.811263, 36.251212], [-119.807813, 36.258214]], [[-119.807813, 36.258214], [-119.80776, 36.27199]], [[-119.80776, 36.27199], [-119.807942, 36.288438], [-119.810654, 36.298507], [-119.807759, 36.310196], [-119.807984, 36.35191], [-119.80839, 36.358349], [-119.809689, 36.364103], [-119.809502, 36.388643], [-119.805593, 36.409249]], [[-119.80776, 36.27199], [-119.808219, 36.288064], [-119.81097, 36.298434], [-119.80812, 36.310799], [-119.808288, 36.35192], [-119.810302, 36.365348], [-119.81024, 36.379953], [-119.809554, 36.390224], [-119.805593, 36.409249]], [[-119.805593, 36.409249], [-119.791785, 36.484159], [-119.787383, 36.494524]], [[-119.79399, 36.953139], [-119.793957, 36.966734]], [[-119.79399, 36.953139], [-119.794043, 36.966528], [-119.793957, 36.966734]], [[-119.793636, 36.917679], [-119.79399, 36.953139]], [[-119.793957, 36.966734], [-119.793953, 37.008685]], [[-119.793953, 37.008685], [-119.79394, 37.010479]], [[-119.793953, 37.008685], [-119.794009, 37.010353], [-119.79394, 37.010479]], [[-119.79394, 37.010479], [-119.793934, 37.011874]], [[-119.79394, 37.010479], [-119.794008, 37.010594], [-119.793934, 37.011874]], [[-119.793934, 37.011874], [-119.792282, 37.023115], [-119.77925, 37.042281], [-119.766218, 37.069034], [-119.757956, 37.081119], [-119.753345, 37.093466], [-119.746619, 37.101045], [-119.7435, 37.116443], [-119.738258, 37.121769], [-119.736442, 37.126126], [-119.731504, 37.151941]], [[-119.787383, 36.494524], [-119.786102, 36.70264], [-119.784586, 36.715215], [-119.785566, 36.722753], [-119.78516, 36.724924], [-119.78391, 36.727519], [-119.777903, 36.734087], [-119.77775, 36.741354], [-119.775631, 36.761263], [-119.776864, 36.764725], [-119.783095, 36.769167], [-119.784623, 36.771341], [-119.785228, 36.773438], [-119.784476, 36.787588], [-119.785516, 36.797774], [-119.785204, 36.846522], [-119.786053, 36.849677], [-119.790229, 36.856165], [-119.791654, 36.860401], [-119.79309, 36.880923], [-119.793636, 36.917679]], [[-119.787383, 36.494524], [-119.786046, 36.501077], [-119.785793, 36.70188], [-119.784285, 36.714824], [-119.785271, 36.722872], [-119.783524, 36.72759], [-119.777539, 36.734336], [-119.775287, 36.761528], [-119.77704, 36.765365], [-119.783332, 36.769859], [-119.784898, 36.773645], [-119.784148, 36.788674], [-119.784858, 36.846166], [-119.785716, 36.849756], [-119.791326, 36.860827], [-119.793636, 36.917679]], [[-119.731504, 37.151941], [-119.730736, 37.157352]], [[-119.731504, 37.151941], [-119.731765, 37.155205], [-119.730736, 37.157352]], [[-119.730736, 37.157352], [-119.727732, 37.160986], [-119.728233, 37.186385], [-119.721862, 37.193279], [-119.721586, 37.196395]], [[-119.721586, 37.196395], [-119.722942, 37.200824], [-119.72121, 37.203617]], [[-119.721586, 37.196395], [-119.723074, 37.200782], [-119.72121, 37.203617]], [[-119.72121, 37.203617], [-119.714726, 37.206293], [-119.70855, 37.213596], [-119.706408, 37.23443], [-119.70755, 37.241343], [-119.705203, 37.245883], [-119.704397, 37.255838], [-119.701857, 37.260809]], [[-119.701857, 37.260809], [-119.694099, 37.26337]], [[-119.701857, 37.260809], [-119.69928, 37.262318], [-119.694099, 37.26337]], [[-119.694099, 37.26337], [-119.676724, 37.264994], [-119.673286, 37.269324], [-119.667105, 37.273391], [-119.667995, 37.281509], [-119.66088, 37.281837], [-119.648686, 37.290288], [-119.648845, 37.300295], [-119.650258, 37.303687], [-119.656117, 37.30967], [-119.655963, 37.314018], [-119.663804, 37.320506], [-119.655661, 37.331027], [-119.646143, 37.334976], [-119.642103, 37.344206], [-119.645069, 37.360587], [-119.642433, 37.362606], [-119.631152, 37.364669], [-119.629322, 37.368838], [-119.630016, 37.371671]], [[-119.629882, 37.371959], [-119.626671, 37.375777], [-119.626504, 37.379738], [-119.635087, 37.390052], [-119.626566, 37.416221], [-119.629967, 37.420479], [-119.635613, 37.42199], [-119.637338, 37.423768], [-119.636549, 37.426311], [-119.639679, 37.427682], [-119.638926, 37.437018], [-119.643309, 37.435544], [-119.643196, 37.438389], [-119.653477, 37.443949], [-119.650904, 37.446228], [-119.650848, 37.448895], [-119.646968, 37.44845], [-119.644251, 37.450911], [-119.644063, 37.462502], [-119.645515, 37.46716], [-119.644179, 37.470505], [-119.638608, 37.473089], [-119.638077, 37.478658], [-119.631947, 37.485115], [-119.633223, 37.487755], [-119.63106, 37.48991], [-119.632115, 37.497162]], [[-119.630016, 37.371671], [-119.629882, 37.371959]], [[-119.630016, 37.371671], [-119.630014, 37.371681], [-119.629882, 37.371959]]]}}, {"type": "Feature", "properties": {"route_number": "SR-43"}, "geometry": {"type": "MultiLineString", "coordinates": [[[-119.636978, 36.399034], [-119.636934, 36.403315]], [[-119.636978, 36.399034], [-119.637039, 36.401226], [-119.636934, 36.403315]], [[-119.600948, 36.34355], [-119.603448, 36.347682], [-119.636112, 36.366616], [-119.636978, 36.399034]], [[-119.636934, 36.403315], [-119.636176, 36.475142], [-119.629293, 36.487746], [-119.62902, 36.513872]], [[-119.62902, 36.513872], [-119.628977, 36.520764]], [[-119.62902, 36.513872], [-119.629051, 36.518716], [-119.628977, 36.520764]], [[-119.628977, 36.520764], [-119.628807, 36.54563]], [[-119.628807, 36.54563], [-119.628773, 36.548585]], [[-119.628807, 36.54563], [-119.628855, 36.546072], [-119.628773, 36.548585]], [[-119.628773, 36.548585], [-119.628734, 36.573486]], [[-119.628734, 36.573486], [-119.628751, 36.575692]], [[-119.628734, 36.573486], [-119.628588, 36.575545]], [[-119.600943, 36.341012], [-119.600948, 36.34355]], [[-119.600943, 36.341012], [-119.600911, 36.341393], [-119.600948, 36.34355]], [[-119.60094, 36.329295], [-119.600943, 36.341012]], [[-119.600941, 36.328931], [-119.60094, 36.329295]], [[-119.600941, 36.328931], [-119.601191, 36.329129], [-119.60094, 36.329295]], [[-119.600778, 36.300114], [-119.600941, 36.328931]], [[-119.600777, 36.298613], [-119.600778, 36.300114]], [[-119.600777, 36.298613], [-119.60072, 36.298717], [-119.600778, 36.300114]], [[-119.600773, 36.298304], [-119.600777, 36.298613]], [[-119.600773, 36.296477], [-119.600773, 36.298304]], [[-119.600773, 36.296477], [-119.600818, 36.297826], [-119.600773, 36.298304]], [[-119.546554, 36.099528], [-119.550917, 36.105208], [-119.566695, 36.11261], [-119.600417, 36.159291], [-119.600773, 36.296477]], [[-119.545073, 36.096524], [-119.546554, 36.099528]], [[-119.545073, 36.096524], [-119.545644, 36.098164], [-119.546554, 36.099528]], [[-119.536038, 36.073335], [-119.536693, 36.079897], [-119.545073, 36.096524]], [[-119.533974, 36.067595], [-119.535396, 36.070145], [-119.536038, 36.073335]], [[-119.533974, 36.067595], [-119.536038, 36.073335]], [[-119.328144, 35.601539], [-119.331388, 35.605195], [-119.330536, 35.71827], [-119.376248, 35.851062], [-119.533974, 36.067595]], [[-119.276781, 35.504783], [-119.279335, 35.507313], [-119.321262, 35.541508], [-119.323331, 35.542629], [-119.328815, 35.543981], [-119.331308, 35.54624], [-119.33193, 35.560905], [-119.334006, 35.569107], [-119.333685, 35.601534], [-119.334157, 35.569102], [-119.332124, 35.56117], [-119.331407, 35.546153], [-119.328852, 35.543847], [-119.321322, 35.5414], [-119.276781, 35.504783]], [[-119.271593, 35.500549], [-119.276781, 35.504783]], [[-119.26526, 35.495691], [-119.271593, 35.500549]], [[-119.26526, 35.495691], [-119.269555, 35.499301], [-119.271593, 35.500549]], [[-119.252726, 35.267622], [-119.251858, 35.442544], [-119.260791, 35.457949], [-119.260736, 35.490918], [-119.26526, 35.495691]], [[-119.252726, 35.267622], [-119.252984, 35.267361], [-119.252726, 35.26714], [-119.252407, 35.267425], [-119.252726, 35.267622]]]}}, {"type": "Feature", "properties": {"route_number": "SR-44"}, "geometry": {"type": "MultiLineString", "coordinates": [[[-122.290224, 40.558199], [-122.281088, 40.559006]], [[-122.290224, 40.558199], [-122.295732, 40.558842], [-122.344591, 40.582893], [-122.347381, 40.583952], [-122.352023, 40.584871], [-122.381992, 40.586925], [-122.390451, 40.586685], [-122.392269, 40.587707], [-122.391317, 40.585365], [-122.382265, 40.586807], [-122.347802, 40.583945], [-122.295729, 40.558661], [-122.290224, 40.558199]], [[-122.281088, 40.559006], [-122.272587, 40.559743]], [[-122.281088, 40.559006], [-122.27299, 40.559763], [-122.272587, 40.559743]], [[-122.272587, 40.559743], [-122.260879, 40.560768]], [[-122.260879, 40.560768], [-122.255637, 40.561236]], [[-122.260879, 40.560768], [-122.260693, 40.560744], [-122.257405, 40.56102], [-122.255637, 40.561236]], [[-122.255637, 40.561236], [-122.250383, 40.561134], [-122.228178, 40.554122], [-122.198511, 40.551657], [-122.183224, 40.54074], [-122.17575, 40.53857], [-122.163492, 40.538355], [-122.156834, 40.534751], [-122.12117, 40.532968], [-122.111786, 40.531184], [-122.101492, 40.524462], [-122.094147, 40.516617], [-122.068599, 40.514624]], [[-122.068599, 40.514624], [-122.057269, 40.513505]], [[-122.068599, 40.514624], [-122.068389, 40.514564], [-122.057269, 40.513505]], [[-122.057269, 40.513505], [-122.043729, 40.515057], [-122.02196, 40.513272], [-122.007583, 40.507445], [-122.001682, 40.50654], [-121.996397, 40.50207], [-121.975729, 40.498371], [-121.964745, 40.503297], [-121.958003, 40.509186], [-121.944009, 40.50989]], [[-121.944009, 40.50989], [-121.942832, 40.509552], [-121.942043, 40.509459], [-121.938945, 40.509824]], [[-121.944009, 40.50989], [-121.938945, 40.509824]], [[-121.938945, 40.509824], [-121.934096, 40.508484], [-121.928374, 40.500619], [-121.915291, 40.497663], [-121.895439, 40.489975], [-121.889505, 40.492147], [-121.860932, 40.49607], [-121.822209, 40.508858], [-121.809224, 40.515314], [-121.797735, 40.517363], [-121.700601, 40.51708], [-121.682869, 40.518482], [-121.68021, 40.523465], [-121.668168, 40.52929], [-121.642459, 40.529466], [-121.636463, 40.53273], [-121.621825, 40.532234], [-121.604485, 40.541943], [-121.593509, 40.538271], [-121.580474, 40.54224], [-121.577654, 40.545185], [-121.579934, 40.554059], [-121.572848, 40.570993], [-121.569448, 40.57545], [-121.562571, 40.580285], [-121.537665, 40.591994], [-121.530422, 40.602331], [-121.516426, 40.610109], [-121.48171, 40.622625], [-121.4714, 40.642646], [-121.466479, 40.644936], [-121.449709, 40.664144], [-121.44462, 40.667306], [-121.441356, 40.674799], [-121.43176, 40.675029], [-121.425112, 40.67977]], [[-121.425112, 40.67977], [-121.424641, 40.680672]], [[-121.425112, 40.67977], [-121.424643, 40.680672], [-121.424641, 40.680672]], [[-121.424641, 40.680672], [-121.404701, 40.676346], [-121.401083, 40.677252], [-121.399635, 40.691094], [-121.400383, 40.700233], [-121.399069, 40.702887], [-121.396673, 40.703517], [-121.391163, 40.696856], [-121.384858, 40.694306], [-121.36587, 40.672432], [-121.360101, 40.669263], [-121.356058, 40.664804], [-121.341557, 40.658481], [-121.326524, 40.656257], [-121.293405, 40.647141], [-121.228557, 40.64102], [-121.218477, 40.644442], [-121.212431, 40.651113], [-121.203494, 40.654688], [-121.181957, 40.651484], [-121.171449, 40.648382]], [[-121.171449, 40.648382], [-121.165733, 40.646396]], [[-121.171449, 40.648382], [-121.167434, 40.647129], [-121.165733, 40.646396]], [[-121.165733, 40.646396], [-121.144575, 40.631381], [-121.11456, 40.613283], [-121.093891, 40.592257]], [[-121.093891, 40.592257], [-121.090056, 40.58749], [-121.085926, 40.583586]], [[-121.093891, 40.592257], [-121.085926, 40.583586]], [[-121.085926, 40.583586], [-121.074882, 40.573162], [-121.063532, 40.565506], [-121.040335, 40.533097]], [[-121.040335, 40.533097], [-121.038272, 40.530224]], [[-121.040335, 40.533097], [-121.038293, 40.530331], [-121.038272, 40.530224]], [[-121.038272, 40.530224], [-120.969883, 40.492997], [-120.947775, 40.476487], [-120.933425, 40.470313], [-120.910114, 40.450181], [-120.894589, 40.4483], [-120.853471, 40.439579], [-120.83435, 40.438407], [-120.818966, 40.428387], [-120.810334, 40.426055], [-120.798039, 40.426815], [-120.79014, 40.425147], [-120.783311, 40.417842], [-120.764391, 40.415826], [-120.755226, 40.411234]]]}}, {"type": "Feature", "properties": {"route_number": "SR-46"}, "geometry": {"type": "MultiLineString", "coordinates": [[[-121.044816, 35.527192], [-121.027229, 35.53836], [-121.016796, 35.538164], [-121.008489, 35.540837], [-120.980278, 35.539424], [-120.973709, 35.542198], [-120.961326, 35.543837], [-120.954503, 35.549064], [-120.944973, 35.550719], [-120.929197, 35.547869], [-120.923254, 35.545219], [-120.912785, 35.546189], [-120.896258, 35.541561], [-120.88855, 35.537128], [-120.877419, 35.533533], [-120.863749, 35.532703], [-120.855875, 35.535443], [-120.84562, 35.535122], [-120.835266, 35.538102], [-120.8223, 35.537083], [-120.806343, 35.538401], [-120.793601, 35.547378], [-120.777611, 35.551316], [-120.766756, 35.550809], [-120.761769, 35.553231]], [[-120.761769, 35.553231], [-120.761351, 35.553421]], [[-120.761769, 35.553231], [-120.761447, 35.553135], [-120.761351, 35.553421]], [[-120.761351, 35.553421], [-120.747926, 35.564547], [-120.716151, 35.582961], [-120.69545, 35.589359]], [[-120.404383, 35.661879], [-120.362239, 35.663473], [-120.355793, 35.670204], [-120.342097, 35.679718], [-120.335516, 35.694627], [-120.30136, 35.718838], [-120.293264, 35.730697], [-120.288806, 35.73365], [-120.253844, 35.741204], [-120.223688, 35.743978], [-120.212602, 35.742112], [-120.207539, 35.732549], [-120.193189, 35.726197]], [[-120.404383, 35.661879], [-120.434303, 35.661632], [-120.500878, 35.658916], [-120.511497, 35.657834], [-120.519963, 35.6554], [-120.527344, 35.655056], [-120.54747, 35.659461], [-120.601748, 35.659383], [-120.606938, 35.658563], [-120.611668, 35.656985], [-120.635962, 35.644928], [-120.678835, 35.644594], [-120.681046, 35.644077], [-120.685096, 35.642564], [-120.679013, 35.644411], [-120.635889, 35.644776], [-120.610973, 35.657052], [-120.601171, 35.65921], [-120.547355, 35.659221], [-120.527203, 35.654811], [-120.519727, 35.655158], [-120.49915, 35.658718], [-120.404383, 35.661879]], [[-120.193189, 35.726197], [-120.16191, 35.70909], [-119.96557, 35.614875], [-119.961738, 35.614214], [-119.878319, 35.61465], [-119.867674, 35.615086]], [[-120.193189, 35.726197], [-120.170719, 35.714771], [-120.16243, 35.712126], [-120.154293, 35.705737], [-119.965517, 35.615112], [-119.867674, 35.615086]], [[-119.867674, 35.615086], [-119.811347, 35.615749], [-119.756153, 35.615728]], [[-119.867674, 35.615086], [-119.867395, 35.614954], [-119.756153, 35.615728]], [[-119.756153, 35.615728], [-119.706009, 35.615999]], [[-119.706009, 35.615999], [-119.699017, 35.616033]], [[-119.706009, 35.615999], [-119.70332, 35.615983], [-119.699017, 35.616033]], [[-119.699017, 35.616033], [-119.691405, 35.616076]], [[-119.691405, 35.616076], [-119.688735, 35.616087], [-119.686998, 35.615987]], [[-119.691405, 35.616076], [-119.686998, 35.615987]], [[-119.686998, 35.615987], [-119.661371, 35.616107]], [[-119.661371, 35.616107], [-119.65563, 35.616161]], [[-119.661371, 35.616107], [-119.658691, 35.616072], [-119.65563, 35.616161]], [[-119.65563, 35.616161], [-119.652371, 35.616261]], [[-119.652371, 35.616261], [-119.64915, 35.616328]], [[-119.652371, 35.616261], [-119.652263, 35.616238], [-119.649284, 35.616299], [-119.64915, 35.616328]], [[-119.64915, 35.616328], [-119.596684, 35.61585]], [[-119.596684, 35.61585], [-119.594189, 35.615889], [-119.592309, 35.615672], [-119.591761, 35.615513]], [[-119.596684, 35.61585], [-119.591761, 35.615513]], [[-119.591761, 35.615513], [-119.574647, 35.602537], [-119.570557, 35.601231], [-119.353757, 35.601542]], [[-119.353757, 35.601542], [-119.333685, 35.601534]], [[-119.353757, 35.601542], [-119.333838, 35.601495], [-119.333685, 35.601534]], [[-119.333685, 35.601534], [-119.215503, 35.601915]], [[-119.215503, 35.601915], [-119.209704, 35.601981]], [[-119.215503, 35.601915], [-119.211975, 35.601777], [-119.209704, 35.601981]], [[-119.209704, 35.601981], [-119.209387, 35.601998]]]}}, {"type": "Feature", "properties": {"route_number": "SR-49"}, "geometry": {"type": "MultiLineString", "coordinates": [[[-121.108056, 39.367798], [-121.107749, 39.368037], [-121.107738, 39.368048]], [[-121.108056, 39.367798], [-121.107738, 39.368048]], [[-121.103621, 39.323079], [-121.105171, 39.325425], [-121.110119, 39.327343], [-121.113621, 39.331901], [-121.12255, 39.347673], [-121.12308, 39.351229], [-121.119505, 39.360582], [-121.114535, 39.362525], [-121.112295, 39.365643], [-121.108056, 39.367798]], [[-121.107738, 39.368048], [-121.101122, 39.371329], [-121.096255, 39.377904], [-121.091278, 39.378765], [-121.094568, 39.383247], [-121.087943, 39.383654], [-121.08225, 39.387131], [-121.084568, 39.395217], [-121.079046, 39.400004], [-121.079568, 39.402991], [-121.075129, 39.405229], [-121.070955, 39.414246], [-121.071989, 39.424274], [-121.076126, 39.430856], [-121.07585, 39.432942], [-121.066502, 39.441918], [-121.060806, 39.442609], [-121.059931, 39.446738], [-121.05289, 39.451722], [-121.052322, 39.45683], [-121.044851, 39.457775], [-121.048471, 39.464862], [-121.040261, 39.484686], [-121.042764, 39.490496], [-121.041784, 39.493561], [-121.037964, 39.496904], [-121.032944, 39.493796], [-121.0209, 39.498729], [-121.010791, 39.498833], [-121.00586, 39.500942], [-121.017853, 39.502534], [-121.021362, 39.504727], [-121.017343, 39.50789], [-121.01583, 39.514984], [-121.008024, 39.519051], [-120.994646, 39.519231], [-120.979638, 39.513728], [-120.965851, 39.511931], [-120.962326, 39.516443], [-120.956472, 39.517407], [-120.95775, 39.523115], [-120.95676, 39.524588], [-120.953021, 39.524225], [-120.950437, 39.526897], [-120.945634, 39.523646], [-120.93884, 39.524933], [-120.923812, 39.533687], [-120.922308, 39.536495], [-120.909078, 39.539055], [-120.904307, 39.542729], [-120.890055, 39.541412], [-120.870456, 39.54399], [-120.86381, 39.546973], [-120.854437, 39.558295], [-120.851388, 39.559829], [-120.844172, 39.558421], [-120.840037, 39.560109], [-120.833708, 39.557789], [-120.830643, 39.560589], [-120.828129, 39.560307], [-120.826925, 39.558327], [-120.823287, 39.559597], [-120.816186, 39.558355], [-120.810084, 39.560865], [-120.807824, 39.557546], [-120.799854, 39.557804], [-120.790036, 39.555795], [-120.788752, 39.553415], [-120.779179, 39.551565], [-120.759256, 39.558999], [-120.756611, 39.561763], [-120.752017, 39.559898], [-120.74876, 39.560363], [-120.749059, 39.564417], [-120.744311, 39.568962], [-120.731332, 39.571862], [-120.722049, 39.569066], [-120.722135, 39.566703], [-120.718629, 39.564508], [-120.714606, 39.566203], [-120.695284, 39.564705], [-120.689968, 39.567648], [-120.678206, 39.569076], [-120.663786, 39.566684], [-120.653694, 39.56273], [-120.64108, 39.563495], [-120.628103, 39.567833], [-120.619674, 39.574372], [-120.608971, 39.578148], [-120.609267, 39.585488], [-120.612029, 39.593682], [-120.608453, 39.598667], [-120.60813, 39.608197], [-120.589433, 39.618467], [-120.584896, 39.618625], [-120.579923, 39.624964], [-120.569702, 39.629424], [-120.553768, 39.632869], [-120.54993, 39.633099], [-120.545973, 39.63086], [-120.544682, 39.626286], [-120.534514, 39.62023], [-120.530748, 39.622156], [-120.525129, 39.622081], [-120.521543, 39.618979], [-120.517295, 39.618992], [-120.513256, 39.616362], [-120.506509, 39.617183], [-120.503758, 39.615672], [-120.497815, 39.619253], [-120.493183, 39.617124], [-120.489304, 39.617348]], [[-121.103631, 39.322839], [-121.103622, 39.323026], [-121.103621, 39.323079]], [[-121.103631, 39.322839], [-121.103621, 39.323079]], [[-121.057946, 39.269648], [-121.063846, 39.2723], [-121.070535, 39.271188], [-121.076359, 39.272506], [-121.085394, 39.27798], [-121.096583, 39.278025], [-121.101654, 39.281014], [-121.102512, 39.283373], [-121.100326, 39.284045], [-121.101194, 39.28844], [-121.090306, 39.297208], [-121.102046, 39.294331], [-121.107749, 39.298077], [-121.111739, 39.311096], [-121.110035, 39.314787], [-121.105653, 39.317235], [-121.103631, 39.322839]], [[-121.093038, 39.054986], [-121.087979, 39.064835], [-121.085081, 39.107504], [-121.078781, 39.121523]], [[-121.074335, 38.8984], [-121.07622, 38.903379], [-121.078061, 38.913873], [-121.081153, 38.91848], [-121.084325, 38.924535], [-121.095075, 38.936975], [-121.096179, 38.938773], [-121.100359, 38.951397], [-121.101797, 38.958241], [-121.104087, 38.963825], [-121.10477, 38.96805], [-121.107367, 38.974634], [-121.108606, 38.978956], [-121.109394, 38.982227], [-121.110075, 38.989833], [-121.111102, 38.99291], [-121.110882, 38.99433], [-121.108471, 38.997659], [-121.106949, 39.005162], [-121.104632, 39.011447], [-121.099955, 39.019707], [-121.099046, 39.025923], [-121.098608, 39.027712], [-121.095451, 39.037522], [-121.09347, 39.053399], [-121.093038, 39.054986]], [[-121.074204, 38.898424], [-121.07796, 38.913893], [-121.084268, 38.924603], [-121.096092, 38.939089], [-121.104646, 38.968059], [-121.107485, 38.97539], [-121.109177, 38.98176], [-121.109948, 38.989898], [-121.110975, 38.992975], [-121.108348, 38.997625], [-121.104492, 39.011383], [-121.099798, 39.019679], [-121.095309, 39.037486], [-121.093038, 39.054986]], [[-121.078781, 39.121523], [-121.078374, 39.122733], [-121.077794, 39.125154]], [[-121.078781, 39.121523], [-121.077794, 39.125154]], [[-121.077794, 39.125154], [-121.072423, 39.133036], [-121.069392, 39.14644]], [[-121.069392, 39.14644], [-121.067038, 39.152077], [-121.059491, 39.159575], [-121.058429, 39.161104], [-121.057665, 39.162612], [-121.057131, 39.164158], [-121.056912, 39.165282]], [[-121.069392, 39.14644], [-121.066988, 39.152321], [-121.059395, 39.159884], [-121.056912, 39.165282]], [[-121.054121, 39.193906], [-121.057388, 39.198514], [-121.067551, 39.207059], [-121.068187, 39.208145], [-121.068232, 39.209564]], [[-121.054121, 39.193906], [-121.057261, 39.198566], [-121.067488, 39.207207], [-121.068059, 39.209538]], [[-121.040124, 38.915167], [-121.041536, 38.915506], [-121.045327, 38.908741], [-121.052525, 38.907315], [-121.057243, 38.899972], [-121.065017, 38.904233], [-121.067914, 38.902718]], [[-121.067914, 38.902718], [-121.069163, 38.903242], [-121.074311, 38.903718], [-121.06904, 38.903128], [-121.067914, 38.902718]], [[-121.054557, 39.267041], [-121.057946, 39.269648]], [[-121.054557, 39.267041], [-121.057765, 39.269558], [-121.057946, 39.269648]], [[-121.056912, 39.165282], [-121.054377, 39.171076], [-121.052346, 39.190843]], [[-121.015032, 39.267856], [-121.022116, 39.269035], [-121.041062, 39.266193], [-121.047227, 39.263861], [-121.054557, 39.267041]], [[-121.052415, 39.191006], [-121.054121, 39.193906]], [[-121.052346, 39.190843], [-121.052415, 39.191006]], [[-121.052346, 39.190843], [-121.052352, 39.19086], [-121.052415, 39.191006]], [[-121.040026, 38.91511], [-121.040041, 38.915117], [-121.040124, 38.915167]], [[-121.040026, 38.91511], [-121.040124, 38.915167]], [[-121.016121, 38.888551], [-121.016588, 38.899949], [-121.013466, 38.904377], [-121.014166, 38.906371], [-121.019227, 38.910999], [-121.026581, 38.911848], [-121.027571, 38.909388], [-121.030985, 38.911387], [-121.033924, 38.909764], [-121.040026, 38.91511]], [[-120.970371, 38.828372], [-120.974001, 38.827574], [-120.981978, 38.829764], [-120.991826, 38.828605], [-120.995664, 38.830755], [-121.000858, 38.83092], [-121.01488, 38.837646], [-121.014891, 38.842948], [-121.01222, 38.849367], [-121.014598, 38.859487], [-121.018375, 38.86387], [-121.020555, 38.871207], [-121.016209, 38.881242], [-121.016121, 38.888538]], [[-120.970091, 38.828411], [-120.970371, 38.828372]], [[-120.970091, 38.828411], [-120.970126, 38.828408], [-120.970371, 38.828372]], [[-120.910235, 38.810957], [-120.913864, 38.813888], [-120.930782, 38.819937], [-120.941985, 38.827332], [-120.950607, 38.826406], [-120.966415, 38.827787], [-120.969115, 38.828385], [-120.969595, 38.828427], [-120.970091, 38.828411]], [[-120.903993, 38.808605], [-120.905666, 38.808537], [-120.907391, 38.808829], [-120.908766, 38.809539], [-120.910235, 38.810957]], [[-120.903993, 38.808605], [-120.910235, 38.810957]], [[-120.850368, 38.762176], [-120.862664, 38.767055], [-120.870429, 38.776237], [-120.870403, 38.779765], [-120.874188, 38.781314], [-120.876166, 38.78004], [-120.884766, 38.794901], [-120.889332, 38.796884], [-120.888853, 38.798917], [-120.894264, 38.803027], [-120.896653, 38.807693], [-120.898861, 38.808739], [-120.903993, 38.808605]], [[-120.80593, 38.381835], [-120.813755, 38.38763], [-120.816905, 38.397355], [-120.820638, 38.402252], [-120.833884, 38.408211], [-120.836144, 38.412951], [-120.840348, 38.416499], [-120.842138, 38.421174], [-120.851059, 38.428845], [-120.85576, 38.436084], [-120.855238, 38.441399], [-120.859108, 38.443133], [-120.867547, 38.454422], [-120.859, 38.45761], [-120.851653, 38.472225]], [[-120.851645, 38.472238], [-120.844918, 38.481641]], [[-120.850157, 38.762091], [-120.850368, 38.762176]], [[-120.850157, 38.762091], [-120.850173, 38.762099], [-120.850368, 38.762176]], [[-120.824788, 38.755269], [-120.834141, 38.755], [-120.840645, 38.75767], [-120.842141, 38.759963], [-120.844725, 38.757464], [-120.850157, 38.762091]], [[-120.844918, 38.481641], [-120.844809, 38.481942]], [[-120.844918, 38.481641], [-120.844975, 38.481854], [-120.844809, 38.481942]], [[-120.844809, 38.481942], [-120.848608, 38.49181], [-120.848863, 38.513128], [-120.846942, 38.528166], [-120.847278, 38.540092], [-120.848754, 38.543083], [-120.847903, 38.546834], [-120.849841, 38.551409], [-120.847231, 38.555886], [-120.844934, 38.579306], [-120.846655, 38.593456], [-120.850298, 38.596764], [-120.849027, 38.599459], [-120.853757, 38.601379], [-120.851192, 38.617807], [-120.853328, 38.624792], [-120.850402, 38.637578], [-120.850948, 38.64831], [-120.853682, 38.652859], [-120.853766, 38.661003], [-120.85073, 38.675014], [-120.847021, 38.682216], [-120.843605, 38.681905]], [[-120.843605, 38.681905], [-120.843367, 38.68177]], [[-120.843605, 38.681905], [-120.843392, 38.681786], [-120.843367, 38.68177]], [[-120.843367, 38.68177], [-120.837946, 38.683137], [-120.82796, 38.691589], [-120.813355, 38.694809]], [[-120.824699, 38.755214], [-120.824788, 38.755269]], [[-120.824699, 38.755214], [-120.824716, 38.755227], [-120.824788, 38.755269]], [[-120.815794, 38.74114], [-120.819936, 38.744434], [-120.82118, 38.749996], [-120.824699, 38.755214]], [[-120.815709, 38.741097], [-120.815794, 38.74114]], [[-120.815709, 38.741097], [-120.815718, 38.741103], [-120.815794, 38.74114]], [[-120.805388, 38.728139], [-120.806807, 38.733513], [-120.815709, 38.741097]], [[-120.813355, 38.694809], [-120.811441, 38.699199], [-120.811239, 38.700272], [-120.811357, 38.701367]], [[-120.813355, 38.694809], [-120.811357, 38.701367]], [[-120.811357, 38.701367], [-120.812728, 38.704497], [-120.811008, 38.712949], [-120.812579, 38.717807]], [[-120.812568, 38.717819], [-120.809779, 38.724783], [-120.803517, 38.724358], [-120.802876, 38.726524], [-120.805379, 38.728126]], [[-120.795269, 38.366416], [-120.800428, 38.373027], [-120.803137, 38.379983], [-120.80593, 38.381835]], [[-120.795269, 38.366416], [-120.800464, 38.3734], [-120.803087, 38.380109], [-120.80593, 38.381835]], [[-120.794756, 38.365313], [-120.795269, 38.366416]], [[-120.789466, 38.365665], [-120.794756, 38.365313]], [[-120.789466, 38.365665], [-120.792002, 38.365121], [-120.794756, 38.365313]], [[-120.781267, 38.356125], [-120.786679, 38.364739], [-120.788045, 38.365572], [-120.78897, 38.365709], [-120.789466, 38.365665]], [[-120.755809, 38.334654], [-120.774526, 38.347817], [-120.77535, 38.348926], [-120.777016, 38.353286], [-120.781267, 38.356125]], [[-120.755809, 38.334654], [-120.77474, 38.348174], [-120.776931, 38.353323], [-120.781267, 38.356125]], [[-120.687455, 38.198637], [-120.697374, 38.204856], [-120.697308, 38.21516], [-120.702706, 38.226658], [-120.709665, 38.232676], [-120.711837, 38.240582], [-120.719708, 38.245487], [-120.717325, 38.256334], [-120.713963, 38.260352], [-120.715873, 38.26818], [-120.70911, 38.277999], [-120.708152, 38.28541], [-120.703728, 38.294085], [-120.703826, 38.296649], [-120.7091, 38.300165], [-120.719516, 38.297371], [-120.73351, 38.299623], [-120.733527, 38.300853], [-120.731306, 38.300817], [-120.729362, 38.305947], [-120.727443, 38.305306], [-120.725165, 38.309139], [-120.722889, 38.309223], [-120.720279, 38.311802], [-120.72524, 38.320867], [-120.732006, 38.32528], [-120.745008, 38.326455], [-120.755809, 38.334654]], [[-120.674085, 38.187535], [-120.677627, 38.19407], [-120.680068, 38.195803], [-120.685648, 38.197521], [-120.687455, 38.198637]], [[-120.674085, 38.187535], [-120.677538, 38.194145], [-120.679993, 38.195885], [-120.687455, 38.198637]], [[-120.569597, 38.087023], [-120.57971, 38.092127], [-120.594504, 38.10565], [-120.616294, 38.115575], [-120.629955, 38.125529], [-120.634635, 38.131164], [-120.635232, 38.139988], [-120.643442, 38.155597], [-120.652993, 38.167786], [-120.674085, 38.187535]], [[-120.548673, 38.076532], [-120.54991, 38.07705], [-120.553943, 38.079146], [-120.555171, 38.079858], [-120.562076, 38.084585], [-120.566949, 38.085832], [-120.567971, 38.086229], [-120.569597, 38.087023]], [[-120.548673, 38.076532], [-120.562049, 38.084627], [-120.569597, 38.087023]], [[-120.434603, 37.994679], [-120.441828, 37.988464], [-120.457299, 37.991745], [-120.464124, 37.990006], [-120.468912, 37.99254], [-120.468968, 37.990091], [-120.472545, 37.989195], [-120.487576, 37.999326], [-120.50436, 38.00578], [-120.505202, 38.010211], [-120.509035, 38.012685], [-120.509774, 38.016513], [-120.513666, 38.020068], [-120.512287, 38.021633], [-120.513279, 38.023587], [-120.512259, 38.026388], [-120.506659, 38.028011], [-120.506553, 38.033834], [-120.511108, 38.037712], [-120.521274, 38.040783], [-120.529927, 38.049046], [-120.535167, 38.055247], [-120.537447, 38.065986], [-120.543351, 38.073629], [-120.548673, 38.076532]], [[-120.489285, 39.61735], [-120.485956, 39.617559], [-120.485104, 39.615135], [-120.483239, 39.615302], [-120.47897, 39.619907], [-120.471732, 39.623783], [-120.471551, 39.626367], [-120.47307, 39.627668], [-120.467593, 39.624527], [-120.462067, 39.627416], [-120.463371, 39.624273], [-120.461272, 39.622303], [-120.459737, 39.626647], [-120.460915, 39.629997], [-120.456204, 39.634347], [-120.455843, 39.638062], [-120.454338, 39.638597], [-120.450213, 39.637449], [-120.45278, 39.635231], [-120.446061, 39.627728], [-120.43532, 39.624116]], [[-120.434793, 37.874725], [-120.43678, 37.880992], [-120.454236, 37.900186], [-120.452415, 37.916775], [-120.446728, 37.924955], [-120.443677, 37.934491], [-120.42812, 37.944439], [-120.424739, 37.950438]], [[-120.434486, 37.995058], [-120.434603, 37.994679]], [[-120.434486, 37.995058], [-120.43449, 37.995052], [-120.434603, 37.994679]], [[-120.386576, 37.982383], [-120.382165, 37.982904], [-120.384567, 37.987122], [-120.383677, 38.0009], [-120.395023, 38.013794], [-120.406602, 38.010811], [-120.416798, 38.01168], [-120.421197, 38.010433], [-120.434486, 37.995058]], [[-120.424739, 37.950438], [-120.42387, 37.955016], [-120.416596, 37.959213]], [[-120.424739, 37.950438], [-120.423916, 37.955045], [-120.416596, 37.959213]], [[-120.416596, 37.959213], [-120.410019, 37.962344]], [[-120.410019, 37.962344], [-120.409669, 37.962424]], [[-120.410019, 37.962344], [-120.41, 37.96235], [-120.409669, 37.962424]], [[-120.409669, 37.962424], [-120.406994, 37.962636]], [[-120.406994, 37.962636], [-120.401777, 37.962959]], [[-120.406994, 37.962636], [-120.406861, 37.962605], [-120.405737, 37.962637], [-120.401777, 37.962959]], [[-120.401777, 37.962959], [-120.393975, 37.965172], [-120.394639, 37.972828]], [[-120.394639, 37.972828], [-120.386576, 37.982383]], [[-120.394639, 37.972828], [-120.388332, 37.981344], [-120.386576, 37.982383]], [[-120.367051, 39.589562], [-120.358647, 39.588579], [-120.347369, 39.599087], [-120.356364, 39.621602], [-120.371183, 39.64708], [-120.363726, 39.651286], [-120.351493, 39.669262], [-120.336058, 39.680609], [-120.326079, 39.681312], [-120.317629, 39.679343], [-120.284601, 39.68046], [-120.279141, 39.67572], [-120.266343, 39.673751], [-120.243269, 39.676095], [-120.231556, 39.675165]], [[-119.987117, 37.500992], [-119.998099, 37.506257], [-120.011673, 37.506341], [-120.028489, 37.511151], [-120.040174, 37.505671], [-120.044448, 37.507614], [-120.049164, 37.513989], [-120.06663, 37.51511], [-120.07503, 37.520179], [-120.098422, 37.548553], [-120.112011, 37.559105], [-120.11963, 37.569577], [-120.119524, 37.578557], [-120.124364, 37.587348], [-120.122387, 37.589111], [-120.122483, 37.591824], [-120.125742, 37.595482], [-120.123093, 37.595543], [-120.124485, 37.598676], [-120.128173, 37.600649], [-120.129173, 37.599806], [-120.126811, 37.598458], [-120.129023, 37.595985], [-120.127429, 37.593107], [-120.127611, 37.591638], [-120.132293, 37.598662], [-120.131859, 37.601315], [-120.13607, 37.609495], [-120.140234, 37.614095], [-120.14136, 37.619501], [-120.15416, 37.632469], [-120.151551, 37.636958], [-120.15253, 37.63955], [-120.149425, 37.640157], [-120.146362, 37.643728], [-120.147698, 37.645872], [-120.145703, 37.650681], [-120.150522, 37.653492], [-120.149003, 37.656562], [-120.146242, 37.656995], [-120.145913, 37.660894], [-120.148267, 37.663301], [-120.157773, 37.664662], [-120.159563, 37.668679], [-120.159216, 37.677825], [-120.163864, 37.67891], [-120.167907, 37.676679], [-120.171633, 37.680843], [-120.174648, 37.681845], [-120.177034, 37.687742], [-120.181283, 37.690525], [-120.180804, 37.692664], [-120.183601, 37.697105], [-120.203677, 37.716993], [-120.203489, 37.722004], [-120.207314, 37.726636], [-120.214433, 37.732502], [-120.229293, 37.735742], [-120.242101, 37.743173], [-120.244147, 37.749378], [-120.250819, 37.758145], [-120.259781, 37.765214], [-120.261107, 37.767895], [-120.258233, 37.770183], [-120.25917, 37.771401], [-120.264296, 37.770963], [-120.271278, 37.777996], [-120.276364, 37.788328], [-120.283331, 37.795803], [-120.299645, 37.808286], [-120.306856, 37.81037], [-120.311776, 37.814794]], [[-120.231556, 39.675165], [-120.231527, 39.675163], [-120.230202, 39.675146]], [[-120.231556, 39.675165], [-120.230202, 39.675146]], [[-120.230202, 39.675146], [-120.224034, 39.675089], [-120.221623, 39.67719], [-120.221796, 39.714969], [-120.212113, 39.727849], [-120.211949, 39.751346], [-120.209205, 39.762336]], [[-120.209205, 39.762336], [-120.209191, 39.762382]], [[-120.209205, 39.762336], [-120.209192, 39.762382], [-120.209191, 39.762382]], [[-120.209191, 39.762382], [-120.205732, 39.773599], [-120.179135, 39.794877], [-120.17808, 39.804522]], [[-119.987117, 37.500992], [-119.983858, 37.498216], [-119.976899, 37.493395], [-119.975741, 37.492981], [-119.974913, 37.492857], [-119.973873, 37.492892], [-119.97272, 37.493116], [-119.976875, 37.493464], [-119.987117, 37.500992]], [[-119.946836, 37.462296], [-119.949257, 37.464004], [-119.950666, 37.470144], [-119.963788, 37.483146]], [[-119.945735, 37.461447], [-119.946836, 37.462296]], [[-119.945691, 37.461499], [-119.946836, 37.462296]], [[-119.944509, 37.460531], [-119.944989, 37.460782], [-119.945718, 37.461431]], [[-119.944509, 37.460531], [-119.945675, 37.461482]], [[-119.915166, 37.458436], [-119.920573, 37.460412], [-119.937317, 37.459081], [-119.944509, 37.460531]], [[-119.907861, 37.456594], [-119.909588, 37.456828], [-119.915166, 37.458436]], [[-119.907861, 37.456594], [-119.915166, 37.458436]], [[-119.655572, 37.331097], [-119.663858, 37.336231], [-119.675651, 37.340519], [-119.706765, 37.341408], [-119.722252, 37.350163], [-119.724205, 37.353128], [-119.72419, 37.362725], [-119.72608, 37.365285], [-119.725299, 37.368975], [-119.729086, 37.373116], [-119.73177, 37.380287], [-119.737363, 37.385897], [-119.73755, 37.39561], [-119.73332, 37.401566], [-119.734468, 37.405111], [-119.733057, 37.410061], [-119.730208, 37.417378], [-119.724813, 37.422843], [-119.724604, 37.425818], [-119.733575, 37.436376], [-119.740135, 37.44013], [-119.745647, 37.445927], [-119.757752, 37.448562], [-119.771192, 37.455334], [-119.775461, 37.462416], [-119.78369, 37.464018], [-119.795607, 37.461533], [-119.819809, 37.452466], [-119.828494, 37.451581], [-119.842399, 37.445008], [-119.855729, 37.450758], [-119.865333, 37.451645], [-119.870539, 37.459101], [-119.878555, 37.460352], [-119.883311, 37.463109], [-119.896937, 37.462734], [-119.907861, 37.456594]]]}}, {"type": "Feature", "properties": {"route_number": "SR-52"}, "geometry": {"type": "MultiLineString", "coordinates": [[[-117.236511, 32.841214], [-117.235045, 32.837595]], [[-117.235045, 32.837595], [-117.23363, 32.838966], [-117.221217, 32.840592], [-117.208389, 32.846255], [-117.20451, 32.847088], [-117.194637, 32.845798], [-117.179735, 32.847639], [-117.173099, 32.847004], [-117.169161, 32.845422], [-117.160273, 32.838827], [-117.155382, 32.837495], [-117.137943, 32.840738], [-117.128059, 32.841819], [-117.113486, 32.842014], [-117.095004, 32.841473], [-117.082125, 32.844515], [-117.069968, 32.852942], [-117.066307, 32.854346], [-117.061843, 32.854861], [-117.03626, 32.851197], [-117.032358, 32.850153], [-117.030075, 32.848958], [-117.027496, 32.846727], [-117.02225, 32.838366], [-117.018645, 32.83646], [-116.994918, 32.836794], [-116.991683, 32.836209], [-116.984057, 32.833084], [-116.964714, 32.832647]], [[-117.233589, 32.834489], [-117.235045, 32.837595]], [[-117.235045, 32.837595], [-117.234168, 32.83754], [-117.220782, 32.840416], [-117.20413, 32.846776], [-117.19462, 32.845483], [-117.179371, 32.847374], [-117.172897, 32.846721], [-117.160162, 32.838497], [-117.155553, 32.837281], [-117.128619, 32.841525], [-117.095089, 32.84121], [-117.081979, 32.844298], [-117.06932, 32.852936], [-117.061772, 32.854578], [-117.032188, 32.849804], [-117.027748, 32.846617], [-117.022424, 32.838114], [-117.019025, 32.836257], [-116.995295, 32.836682], [-116.984076, 32.832952], [-116.965426, 32.832397]]]}}, {"type": "Feature", "properties": {"route_number": "SR-54"}, "geometry": {"type": "MultiLineString", "coordinates": [[[-117.104206, 32.651146], [-117.084407, 32.659006], [-117.072851, 32.658715], [-117.064631, 32.662718], [-117.051413, 32.666379], [-117.040252, 32.672563], [-117.035407, 32.677779], [-117.01714, 32.69164], [-117.013996, 32.695609]], [[-117.104011, 32.650646], [-117.081502, 32.657807], [-117.072545, 32.658544], [-117.064875, 32.662343], [-117.050664, 32.666336], [-117.040413, 32.671976], [-117.0175, 32.690818], [-117.013688, 32.695338]], [[-116.927573, 32.75161], [-116.927958, 32.760909], [-116.927899, 32.776195], [-116.927387, 32.751614]], [[-116.927571, 32.751595], [-116.928534, 32.745353], [-116.942529, 32.739603], [-116.928406, 32.745219], [-116.927386, 32.751599]]]}}, {"type": "Feature", "properties": {"route_number": "SR-55"}, "geometry": {"type": "MultiLineString", "coordinates": [[[-117.929864, 33.619698], [-117.928937, 33.622187]], [[-117.928937, 33.622187], [-117.927609, 33.626874], [-117.922795, 33.633063], [-117.920681, 33.639091], [-117.892271, 33.668412], [-117.882003, 33.676879], [-117.836929, 33.72336], [-117.834544, 33.727061], [-117.833652, 33.730716], [-117.833672, 33.743325], [-117.8319, 33.749124], [-117.830858, 33.76099], [-117.830777, 33.795538], [-117.831931, 33.824969], [-117.835417, 33.835152], [-117.832897, 33.840193], [-117.826722, 33.843805]], [[-117.928937, 33.622187], [-117.927783, 33.626896], [-117.92294, 33.633144], [-117.920828, 33.639187], [-117.892388, 33.668539], [-117.882151, 33.677016], [-117.834814, 33.727075], [-117.833896, 33.742875], [-117.831198, 33.759865], [-117.831078, 33.795227], [-117.832233, 33.825154], [-117.835615, 33.835148], [-117.833216, 33.840144], [-117.826845, 33.844346]]]}}, {"type": "Feature", "properties": {"route_number": "SR-56"}, "geometry": {"type": "MultiLineString", "coordinates": [[[-117.241109, 32.931393], [-117.240117, 32.932595], [-117.237238, 32.934219], [-117.228703, 32.937542], [-117.224175, 32.938857], [-117.212984, 32.944796], [-117.202639, 32.949462], [-117.189401, 32.954165], [-117.180842, 32.964115], [-117.178482, 32.965782], [-117.175549, 32.966896], [-117.171957, 32.967255], [-117.167995, 32.966522], [-117.153865, 32.959781], [-117.146872, 32.954863], [-117.139409, 32.953507], [-117.124749, 32.955139], [-117.096905, 32.964527], [-117.093407, 32.964951]], [[-117.240053, 32.9309], [-117.237164, 32.934091], [-117.224092, 32.938648], [-117.188564, 32.954269], [-117.180595, 32.963919], [-117.175473, 32.966605], [-117.167653, 32.966067], [-117.147077, 32.954619], [-117.139821, 32.953202], [-117.124557, 32.954841], [-117.093393, 32.964803]]]}}, {"type": "Feature", "properties": {"route_number": "SR-57"}, "geometry": {"type": "MultiLineString", "coordinates": [[[-117.87806, 33.779668], [-117.880024, 33.781961], [-117.880129, 33.789888], [-117.879749, 33.792068], [-117.87794, 33.795942], [-117.877724, 33.798093], [-117.880101, 33.803832], [-117.880396, 33.805955], [-117.87991, 33.80821], [-117.877026, 33.81552], [-117.87637, 33.818509], [-117.876217, 33.845006], [-117.875759, 33.854162], [-117.880529, 33.872094], [-117.881367, 33.899734], [-117.881116, 33.904542], [-117.883432, 33.90949], [-117.883765, 33.911574], [-117.880605, 33.919512], [-117.880263, 33.929192], [-117.877059, 33.938976], [-117.875761, 33.940642], [-117.867004, 33.947818], [-117.860256, 33.957793], [-117.853118, 33.96258], [-117.848625, 33.969157], [-117.843086, 33.976077], [-117.841858, 33.97976], [-117.843257, 33.985575], [-117.842372, 33.992847], [-117.840602, 33.996083], [-117.834849, 34.002067]], [[-117.877705, 33.780836], [-117.879717, 33.783777], [-117.879859, 33.790432], [-117.877733, 33.79594], [-117.877473, 33.798184], [-117.880121, 33.806455], [-117.876703, 33.81582], [-117.876088, 33.818897], [-117.875357, 33.854817], [-117.880262, 33.872055], [-117.880852, 33.904435], [-117.883422, 33.911185], [-117.880262, 33.919835], [-117.879894, 33.929889], [-117.876648, 33.939242], [-117.867443, 33.946858], [-117.860279, 33.957343], [-117.853128, 33.962164], [-117.842623, 33.976202], [-117.841567, 33.979397], [-117.842918, 33.986553], [-117.842075, 33.992756], [-117.83412, 34.001523]], [[-117.812933, 34.022326], [-117.810443, 34.030333], [-117.801221, 34.042265], [-117.800557, 34.044528], [-117.80071, 34.04698], [-117.808883, 34.072421], [-117.819112, 34.084539], [-117.819236, 34.100732], [-117.81982, 34.10322], [-117.823766, 34.111463], [-117.824485, 34.118942], [-117.828079, 34.121689], [-117.834018, 34.121202]], [[-117.813602, 34.02245], [-117.810154, 34.031328], [-117.801611, 34.042076], [-117.800884, 34.046547], [-117.809016, 34.071962], [-117.819396, 34.084475], [-117.819558, 34.100989], [-117.823971, 34.111266], [-117.824773, 34.118254], [-117.826953, 34.119986], [-117.833723, 34.120665]]]}}, {"type": "Feature", "properties": {"route_number": "SR-58"}, "geometry": {"type": "MultiLineString", "coordinates": [[[-120.630291, 35.383209], [-120.61945, 35.385342], [-120.604923, 35.393486], [-120.602304, 35.390658], [-120.598894, 35.392288], [-120.580655, 35.388631], [-120.577066, 35.391391], [-120.570827, 35.407942], [-120.557267, 35.414446], [-120.556, 35.418707], [-120.549597, 35.421165], [-120.541914, 35.427576], [-120.538266, 35.42882], [-120.536365, 35.433629], [-120.532685, 35.435835], [-120.52276, 35.433665], [-120.517623, 35.435989], [-120.497509, 35.436896], [-120.483037, 35.442983], [-120.478509, 35.451822], [-120.471437, 35.453024], [-120.446639, 35.463677], [-120.438721, 35.462991], [-120.434197, 35.45998], [-120.427227, 35.459846], [-120.419021, 35.457026], [-120.392314, 35.455107], [-120.379651, 35.468656], [-120.372144, 35.464796], [-120.3339, 35.458383], [-120.327712, 35.454559], [-120.319808, 35.453153], [-120.309133, 35.440931], [-120.289547, 35.429678], [-120.289313, 35.425699], [-120.28591, 35.419294], [-120.281541, 35.415406], [-120.281051, 35.40549], [-120.279783, 35.403817], [-120.259318, 35.405279], [-120.248775, 35.411376], [-120.237296, 35.422098], [-120.22719, 35.425597], [-120.217632, 35.419169], [-120.21116, 35.404525], [-120.205358, 35.401737], [-120.188364, 35.400324], [-120.17772, 35.390995], [-120.165585, 35.386601], [-120.145385, 35.387026], [-120.131828, 35.380412], [-120.121817, 35.382906], [-120.10584, 35.378453], [-120.076931, 35.366405], [-120.040739, 35.366012], [-120.040402, 35.351665], [-119.925096, 35.351202], [-119.910652, 35.34041], [-119.880303, 35.330609], [-119.87257, 35.322062], [-119.850546, 35.322116], [-119.844498, 35.329285], [-119.841737, 35.343605], [-119.831585, 35.354247], [-119.826921, 35.356449], [-119.823455, 35.355578], [-119.820002, 35.352188], [-119.821706, 35.351078], [-119.814708, 35.348378], [-119.81613, 35.345919], [-119.818219, 35.346243], [-119.816552, 35.344934], [-119.809418, 35.345411]], [[-119.809418, 35.345411], [-119.809255, 35.345383]], [[-119.809418, 35.345411], [-119.80927, 35.345388], [-119.809255, 35.345383]], [[-119.809255, 35.345383], [-119.802684, 35.342873], [-119.801247, 35.339773], [-119.79537, 35.339066], [-119.782052, 35.333361], [-119.774647, 35.333422], [-119.774798, 35.332132], [-119.768976, 35.329063], [-119.765596, 35.32941], [-119.756054, 35.324115], [-119.741115, 35.322247], [-119.701179, 35.307621], [-119.693093, 35.308318], [-119.689884, 35.30278], [-119.671532, 35.288639], [-119.661001, 35.289095], [-119.653446, 35.286732], [-119.647446, 35.287888], [-119.641776, 35.286514], [-119.636206, 35.293131], [-119.631044, 35.293343], [-119.625532, 35.296714]], [[-119.622329, 35.309003], [-119.623782, 35.314345], [-119.619803, 35.32135], [-119.613766, 35.326482], [-119.601012, 35.349355], [-119.593032, 35.356679], [-119.571958, 35.368941], [-119.53544, 35.398966], [-119.467524, 35.399704]], [[-119.467524, 35.399704], [-119.465315, 35.399695]], [[-119.467524, 35.399704], [-119.46752, 35.399705], [-119.465315, 35.399695]], [[-119.465315, 35.399695], [-119.39458, 35.398856]], [[-119.339361, 35.354921], [-119.183495, 35.354401]], [[-119.183495, 35.354401], [-119.17746, 35.354742], [-119.170176, 35.358305], [-119.165603, 35.359485], [-119.140445, 35.362037], [-119.099246, 35.362074], [-119.091651, 35.367396]], [[-119.183495, 35.354401], [-119.180047, 35.354343], [-119.177054, 35.354635], [-119.166792, 35.35902], [-119.141094, 35.361719], [-119.099173, 35.361836], [-119.091445, 35.367173]], [[-119.065629, 35.383219], [-119.044524, 35.383042]], [[-119.065629, 35.383393], [-119.044521, 35.383187]], [[-117.617172, 35.002795], [-117.611202, 34.997865], [-117.589602, 34.996255], [-117.585292, 34.994485], [-117.497111, 34.989073]], [[-117.439638, 34.960344], [-117.496201, 34.989516], [-117.5058, 34.993126], [-117.52078, 34.995684], [-117.559415, 34.995957], [-117.569644, 34.996756], [-117.582441, 34.99967], [-117.604556, 35.007632], [-117.616303, 35.009803], [-117.652678, 35.010039], [-117.663305, 35.006999], [-117.667626, 35.00651], [-117.73919, 35.006671], [-117.777966, 35.00238], [-118.0225, 35.01932], [-118.094385, 35.030589], [-118.099506, 35.03244], [-118.104629, 35.03555], [-118.108303, 35.03905], [-118.111234, 35.04355], [-118.113071, 35.050372], [-118.113651, 35.072835], [-118.119806, 35.084587], [-118.128832, 35.091383], [-118.170151, 35.110483], [-118.189937, 35.115776], [-118.222887, 35.118069], [-118.248298, 35.107139], [-118.253768, 35.105479], [-118.255844, 35.105076], [-118.258149, 35.10485], [-118.271396, 35.104476], [-118.301699, 35.097183], [-118.303958, 35.097064], [-118.305605, 35.097443], [-118.307195, 35.098282], [-118.31116, 35.102752], [-118.322644, 35.109933], [-118.350196, 35.110374], [-118.353288, 35.110943], [-118.367008, 35.114793], [-118.378497, 35.115357], [-118.407545, 35.123148], [-118.410114, 35.125015], [-118.413875, 35.13055], [-118.433917, 35.139252], [-118.459422, 35.139664], [-118.466446, 35.140841], [-118.468388, 35.141962], [-118.469597, 35.143521], [-118.469999, 35.145334], [-118.469647, 35.149857], [-118.473801, 35.156467], [-118.473998, 35.160661], [-118.473373, 35.164069], [-118.473917, 35.168184], [-118.479315, 35.17375], [-118.481791, 35.177174], [-118.486538, 35.179461], [-118.489175, 35.181157], [-118.495548, 35.182081], [-118.500463, 35.184342], [-118.50361, 35.186508], [-118.506256, 35.189817], [-118.519433, 35.198793], [-118.530003, 35.2035], [-118.535384, 35.207576], [-118.540211, 35.209379], [-118.550908, 35.214787], [-118.55895, 35.221719], [-118.565689, 35.223021], [-118.567045, 35.223628], [-118.567812, 35.2243], [-118.56839, 35.225291], [-118.569265, 35.230308], [-118.574874, 35.233751], [-118.578566, 35.239009], [-118.579668, 35.239435], [-118.586506, 35.240529], [-118.587488, 35.240895], [-118.588779, 35.241939], [-118.590151, 35.243886], [-118.592572, 35.245523], [-118.595122, 35.248065], [-118.601841, 35.250005], [-118.621505, 35.26222], [-118.624167, 35.262714], [-118.628107, 35.263723], [-118.640382, 35.262711], [-118.659536, 35.264299], [-118.680182, 35.269779], [-118.695097, 35.268237], [-118.697271, 35.268412], [-118.699221, 35.268998], [-118.712358, 35.276485], [-118.723168, 35.279044], [-118.725491, 35.280048], [-118.734486, 35.285113], [-118.767333, 35.298448], [-118.770536, 35.300808], [-118.799442, 35.325829], [-118.804879, 35.328861], [-118.86255, 35.342849], [-118.880663, 35.345843], [-118.89978, 35.351131], [-118.916071, 35.352216], [-118.949822, 35.352109], [-118.965312, 35.352891], [-118.975572, 35.352303], [-118.990926, 35.352254], [-119.043404, 35.352759], [-118.965403, 35.353177], [-118.915855, 35.352515], [-118.90012, 35.35142], [-118.880347, 35.346033], [-118.862224, 35.343049], [-118.805196, 35.329255], [-118.799881, 35.326486], [-118.766902, 35.298404], [-118.734125, 35.285089], [-118.723644, 35.279335], [-118.712276, 35.276576], [-118.699209, 35.26911], [-118.680062, 35.269882], [-118.659176, 35.264371], [-118.640346, 35.262818], [-118.627941, 35.263838], [-118.621621, 35.262376], [-118.601775, 35.25012], [-118.594706, 35.247964], [-118.590058, 35.243991], [-118.587736, 35.241183], [-118.586199, 35.240588], [-118.579759, 35.239595], [-118.57852, 35.239141], [-118.574701, 35.23379], [-118.569111, 35.230365], [-118.566876, 35.223673], [-118.559231, 35.22202], [-118.550809, 35.214913], [-118.535295, 35.207671], [-118.529524, 35.203389], [-118.519346, 35.198901], [-118.506223, 35.189943], [-118.500155, 35.184324], [-118.489043, 35.181225], [-118.481638, 35.177201], [-118.473804, 35.168278], [-118.473232, 35.164179], [-118.473697, 35.156636], [-118.469537, 35.149983], [-118.469466, 35.143728], [-118.466335, 35.141013], [-118.43363, 35.139379], [-118.41381, 35.130752], [-118.407249, 35.12325], [-118.378905, 35.11565], [-118.366692, 35.114926], [-118.349775, 35.110519], [-118.322429, 35.110081], [-118.31081, 35.102762], [-118.30684, 35.0983], [-118.303866, 35.097252], [-118.271419, 35.104571], [-118.254138, 35.105485], [-118.222685, 35.11819], [-118.188754, 35.115763], [-118.169747, 35.110676], [-118.128582, 35.091654], [-118.119654, 35.084973], [-118.113296, 35.073121], [-118.112624, 35.049879], [-118.110861, 35.043636], [-118.103894, 35.035403], [-118.093912, 35.030775], [-118.020844, 35.019558], [-117.778328, 35.002745], [-117.7392, 35.007018], [-117.667628, 35.006853], [-117.652086, 35.010409], [-117.615026, 35.00995], [-117.604361, 35.007873], [-117.581581, 34.999695], [-117.569345, 34.996989], [-117.520901, 34.995969], [-117.506262, 34.993541], [-117.494249, 34.988975], [-117.439346, 34.960604]], [[-117.439625, 34.960337], [-117.422014, 34.95123], [-117.415232, 34.948313], [-117.343738, 34.925449], [-117.340328, 34.924719], [-117.255592, 34.921832], [-117.237532, 34.915199], [-117.228216, 34.913662], [-117.199435, 34.913662], [-117.162882, 34.917569], [-117.140475, 34.915444], [-117.110653, 34.914682], [-117.101416, 34.912719], [-117.097036, 34.910286], [-117.094445, 34.905668], [-117.093973, 34.890466], [-117.092796, 34.886642], [-117.076611, 34.87069]], [[-117.439331, 34.960596], [-117.416747, 34.949237], [-117.340295, 34.924949], [-117.255033, 34.922077], [-117.237994, 34.915661], [-117.2286, 34.913976], [-117.200364, 34.913893], [-117.165426, 34.917897], [-117.111051, 34.914983], [-117.101926, 34.913136], [-117.096797, 34.910488], [-117.094279, 34.90622], [-117.092744, 34.887267], [-117.076402, 34.870868]]]}}, {"type": "Feature", "properties": {"route_number": "SR-59"}, "geometry": {"type": "MultiLineString", "coordinates": [[[-120.513694, 37.41951], [-120.507275, 37.428058], [-120.505174, 37.446123], [-120.497653, 37.45317], [-120.493939, 37.461119], [-120.502956, 37.473921], [-120.502441, 37.492352], [-120.489373, 37.497888], [-120.478881, 37.499939], [-120.466391, 37.513525], [-120.448782, 37.516461], [-120.437384, 37.519468], [-120.43739, 37.520839]], [[-120.510872, 37.414605], [-120.511427, 37.41495], [-120.512029, 37.415652], [-120.513479, 37.418324], [-120.513711, 37.419088], [-120.513694, 37.41951]], [[-120.510872, 37.414605], [-120.513694, 37.41951]], [[-120.503685, 37.350099], [-120.503143, 37.390111], [-120.504843, 37.409428], [-120.506177, 37.41196], [-120.510872, 37.414605]], [[-120.50517, 37.315587], [-120.505126, 37.316898]], [[-120.50517, 37.315587], [-120.50522, 37.316552], [-120.505126, 37.316898]], [[-120.50485, 37.308286], [-120.50517, 37.315587]], [[-120.505126, 37.316898], [-120.504364, 37.339196]], [[-120.501898, 37.307036], [-120.50485, 37.308286]], [[-120.501898, 37.307036], [-120.503682, 37.307855], [-120.50485, 37.308286]], [[-120.504364, 37.339196], [-120.50388, 37.342809], [-120.503685, 37.350099]], [[-120.504364, 37.339196], [-120.503685, 37.350099]], [[-120.499837, 37.306271], [-120.501898, 37.307036]], [[-120.494908, 37.300474], [-120.500866, 37.302678]], [[-120.500587, 37.303163], [-120.500408, 37.303473]], [[-120.500408, 37.303473], [-120.498991, 37.305944]], [[-120.494308, 37.30145], [-120.500408, 37.303473]], [[-120.498991, 37.305944], [-120.499837, 37.306271]], [[-120.498991, 37.305944], [-120.499078, 37.306035], [-120.499837, 37.306271]], [[-120.495242, 37.081653], [-120.492367, 37.08459], [-120.491876, 37.178938], [-120.488216, 37.185828], [-120.487676, 37.280878]], [[-120.487676, 37.280878], [-120.487426, 37.288167], [-120.482547, 37.296543], [-120.487497, 37.28822], [-120.487676, 37.280878]], [[-120.43739, 37.520839], [-120.437333, 37.520948]], [[-120.43739, 37.520839], [-120.437386, 37.52085], [-120.437333, 37.520948]], [[-120.437333, 37.520948], [-120.429819, 37.523351]]]}}, {"type": "Feature", "properties": {"route_number": "SR-60"}, "geometry": {"type": "MultiLineString", "coordinates": [[[-118.228754, 34.028702], [-118.22453, 34.029502], [-118.214938, 34.029802], [-118.206666, 34.028504], [-118.19087, 34.031697], [-118.184589, 34.032017], [-118.17784, 34.034546], [-118.164366, 34.036575], [-118.154368, 34.036588], [-118.151393, 34.035894], [-118.146499, 34.033666], [-118.143689, 34.033112], [-118.113827, 34.033405], [-118.101862, 34.03571], [-118.093846, 34.035936], [-118.08326, 34.038618]], [[-118.22646, 34.028898], [-118.207476, 34.028068], [-118.185067, 34.03173], [-118.17805, 34.034325], [-118.164201, 34.036387], [-118.154384, 34.036383], [-118.14626, 34.033374], [-118.143653, 34.032934], [-118.114175, 34.033203], [-118.093751, 34.035722], [-118.0832, 34.038473]], [[-118.083244, 34.038624], [-118.077971, 34.040471], [-118.072307, 34.041293], [-118.059904, 34.041288], [-118.03332, 34.036545], [-118.030355, 34.035567], [-118.016516, 34.029431], [-118.005345, 34.029186], [-118.000667, 34.028398], [-117.996811, 34.026953], [-117.993318, 34.024773], [-117.978176, 34.011246], [-117.932434, 33.997304], [-117.91009, 33.994394], [-117.883854, 33.99435], [-117.842621, 34.001187], [-117.833893, 34.002265], [-117.823275, 34.010401], [-117.819977, 34.013754], [-117.81506, 34.020239], [-117.812483, 34.022839], [-117.808994, 34.024783], [-117.798483, 34.027783], [-117.794583, 34.027731], [-117.787009, 34.025504], [-117.780079, 34.026151], [-117.77776, 34.026071], [-117.769024, 34.023751], [-117.758618, 34.025014], [-117.749066, 34.023328], [-117.73849, 34.024871], [-117.725635, 34.025526], [-117.715354, 34.029306], [-117.711335, 34.030137], [-117.585905, 34.030733], [-117.582492, 34.030559], [-117.57766, 34.029613], [-117.536132, 34.018241], [-117.531713, 34.018037], [-117.488624, 34.019609], [-117.482001, 34.019478], [-117.435765, 34.012355], [-117.409664, 34.004537], [-117.391787, 34.005281], [-117.387057, 34.004972], [-117.383172, 34.004085], [-117.380378, 34.003087], [-117.360871, 33.994999], [-117.352375, 33.991161]], [[-118.083184, 34.038479], [-118.072495, 34.041107], [-118.060469, 34.041127], [-118.032731, 34.036128], [-118.01653, 34.029192], [-118.00192, 34.028487], [-117.994108, 34.025099], [-117.978348, 34.01111], [-117.933587, 33.997366], [-117.909507, 33.994134], [-117.884285, 33.994097], [-117.833469, 34.002201], [-117.824696, 34.00865], [-117.820208, 34.013118], [-117.811904, 34.023017], [-117.798162, 34.027614], [-117.785987, 34.025178], [-117.777798, 34.025853], [-117.769454, 34.023585], [-117.758626, 34.02482], [-117.749463, 34.023137], [-117.725033, 34.025396], [-117.710834, 34.030014], [-117.585549, 34.030566], [-117.536099, 34.018011], [-117.531122, 34.017842], [-117.486372, 34.019475], [-117.482251, 34.019276], [-117.436449, 34.012358], [-117.40956, 34.00436], [-117.386221, 34.004693], [-117.350497, 33.98986]], [[-117.29985, 33.947392], [-117.268059, 33.940939], [-117.233456, 33.941167], [-117.220063, 33.939317], [-117.138235, 33.939386], [-117.124896, 33.938077], [-117.119565, 33.936379], [-117.114189, 33.936091], [-117.110686, 33.935143], [-117.104722, 33.93703], [-117.099695, 33.937155], [-117.095252, 33.939359], [-117.092255, 33.940333], [-117.090098, 33.941599], [-117.085663, 33.943059], [-117.078956, 33.943821], [-117.073768, 33.943479], [-117.068964, 33.94596], [-117.062503, 33.947141], [-117.061619, 33.947222], [-117.060273, 33.947098], [-117.058485, 33.946556], [-117.041541, 33.9391], [-117.040318, 33.938401], [-117.037296, 33.935703], [-117.029943, 33.932946], [-117.018772, 33.933748], [-117.003121, 33.933605], [-116.99011, 33.933144]], [[-117.295017, 33.944674], [-117.267856, 33.940671], [-117.235079, 33.941034], [-117.220826, 33.939145], [-117.138267, 33.939174], [-117.124526, 33.93789], [-117.119565, 33.9363], [-117.110425, 33.935055], [-117.099543, 33.937131], [-117.085375, 33.943058], [-117.073922, 33.943239], [-117.061156, 33.947146], [-117.041508, 33.938929], [-117.03747, 33.935633], [-117.030504, 33.932917], [-116.989591, 33.932551]]]}}, {"type": "Feature", "properties": {"route_number": "SR-62"}, "geometry": {"type": "MultiLineString", "coordinates": [[[-116.605232, 33.915937], [-116.601885, 33.919182], [-116.593794, 33.952112], [-116.575167, 34.009516], [-116.576095, 34.013452], [-116.577022, 34.014347], [-116.579496, 34.015262], [-116.580704, 34.016285], [-116.58427, 34.021297], [-116.585388, 34.024192], [-116.5855, 34.027379], [-116.58658, 34.028493], [-116.589585, 34.029794], [-116.590342, 34.030442], [-116.591901, 34.033351], [-116.591933, 34.034685], [-116.591065, 34.036001], [-116.588794, 34.037815], [-116.587361, 34.040554], [-116.586604, 34.041479], [-116.572239, 34.05479], [-116.56797, 34.058081], [-116.537153, 34.079512], [-116.511092, 34.094375], [-116.492904, 34.10356], [-116.481855, 34.108888], [-116.474403, 34.111833], [-116.468513, 34.113838], [-116.441269, 34.120726], [-116.423001, 34.120773], [-116.404893, 34.126355], [-116.396207, 34.128304], [-116.385852, 34.13412], [-116.3838, 34.134865], [-116.382066, 34.135023], [-116.343368, 34.134937]], [[-116.60386, 33.914325], [-116.601713, 33.918094], [-116.59351, 33.951897], [-116.574928, 34.00918], [-116.57598, 34.013467], [-116.576894, 34.014397], [-116.580541, 34.01629], [-116.584152, 34.021376], [-116.585382, 34.027382], [-116.586453, 34.028537], [-116.590238, 34.030492], [-116.591793, 34.034673], [-116.572799, 34.054149], [-116.537052, 34.079417], [-116.511063, 34.094285], [-116.474385, 34.111757], [-116.441247, 34.120568], [-116.422947, 34.12064], [-116.396177, 34.128149], [-116.383748, 34.134691], [-116.343368, 34.134937]], [[-116.343368, 34.134937], [-116.334748, 34.134928]], [[-116.334748, 34.134928], [-116.325032, 34.134969]], [[-116.334748, 34.134928], [-116.332111, 34.134875], [-116.325032, 34.134969]], [[-116.325032, 34.134969], [-116.319567, 34.13497]], [[-116.319567, 34.13497], [-116.302027, 34.135015]], [[-116.319567, 34.13497], [-116.31496, 34.134868], [-116.302027, 34.135015]], [[-116.302027, 34.135015], [-116.278076, 34.135087]], [[-116.278076, 34.135087], [-116.24885, 34.135161]], [[-116.278076, 34.135087], [-116.275808, 34.135024], [-116.24885, 34.135161]], [[-116.24885, 34.135161], [-116.232283, 34.13519]], [[-116.232283, 34.13519], [-116.211586, 34.13515]], [[-116.232283, 34.13519], [-116.211735, 34.135101], [-116.211586, 34.13515]], [[-116.211586, 34.13515], [-116.193803, 34.135137]], [[-116.193803, 34.135137], [-116.116095, 34.135172]], [[-116.193803, 34.135137], [-116.142105, 34.134967], [-116.116095, 34.135172]], [[-116.116095, 34.135172], [-116.108916, 34.135271]], [[-116.108916, 34.135271], [-116.099013, 34.135379]], [[-116.108916, 34.135271], [-116.104906, 34.135254], [-116.099013, 34.135379]], [[-116.099013, 34.135379], [-116.093202, 34.13546]], [[-116.093202, 34.13546], [-116.072446, 34.135458]], [[-116.093202, 34.13546], [-116.078274, 34.135398], [-116.072446, 34.135458]], [[-116.072446, 34.135458], [-115.915353, 34.13665], [-115.895148, 34.121958], [-115.772532, 34.122195], [-115.689637, 34.110742], [-115.629232, 34.098465], [-115.609522, 34.096645], [-115.585722, 34.091045], [-115.577182, 34.082325], [-115.570072, 34.077975], [-115.553352, 34.073405], [-115.547852, 34.075805], [-115.528532, 34.114215], [-115.522932, 34.117105], [-115.479502, 34.111415], [-115.411022, 34.092605], [-115.378182, 34.088415], [-115.219681, 34.047058], [-115.1927, 34.063604], [-115.172378, 34.067116], [-115.115642, 34.086835], [-114.936622, 34.107485], [-114.832552, 34.079645], [-114.793769, 34.079615], [-114.732962, 34.089615], [-114.688102, 34.108215], [-114.676732, 34.122365], [-114.596242, 34.184255], [-114.519765, 34.197261], [-114.502062, 34.196955], [-114.443952, 34.186665], [-114.401872, 34.184615], [-114.383072, 34.169895], [-114.351312, 34.156865], [-114.332888, 34.157888], [-114.301868, 34.164699], [-114.298308, 34.158997]]]}}, {"type": "Feature", "properties": {"route_number": "SR-65"}, "geometry": {"type": "MultiLineString", "coordinates": [[[-121.467104, 39.037601], [-121.474344, 39.042097], [-121.480616, 39.042643], [-121.483329, 39.043635], [-121.519138, 39.068289], [-121.523675, 39.072325], [-121.537765, 39.088981], [-121.540379, 39.090913]], [[-121.467104, 39.037601], [-121.47394, 39.04214], [-121.482736, 39.043687], [-121.518765, 39.068457], [-121.539574, 39.09143]], [[-121.385069, 38.984514], [-121.3886, 38.989494], [-121.426396, 39.01027], [-121.467104, 39.037601]], [[-121.379299, 38.97199], [-121.382179, 38.977695], [-121.385069, 38.984514]], [[-121.379299, 38.97199], [-121.385069, 38.984514]], [[-121.368384, 38.939203], [-121.371066, 38.953116], [-121.379299, 38.97199]], [[-121.248901, 38.769792], [-121.261102, 38.774937], [-121.290727, 38.789745], [-121.295262, 38.793051], [-121.298574, 38.797289], [-121.299911, 38.800443], [-121.300476, 38.804127], [-121.299952, 38.858898], [-121.303376, 38.866131], [-121.325367, 38.883998], [-121.355638, 38.886509], [-121.359535, 38.887683], [-121.362403, 38.889167], [-121.366516, 38.892894], [-121.36842, 38.896508], [-121.368966, 38.899509], [-121.368384, 38.939203]], [[-121.248633, 38.769964], [-121.289453, 38.789336], [-121.298238, 38.797174], [-121.30011, 38.803554], [-121.299522, 38.85839], [-121.303034, 38.866324], [-121.324487, 38.883951], [-121.331921, 38.885835], [-121.355514, 38.886771], [-121.361927, 38.889239], [-121.366189, 38.893031], [-121.368596, 38.899433], [-121.368384, 38.939203]], [[-119.106539, 36.206368], [-119.110663, 36.210605], [-119.136204, 36.21082], [-119.134916, 36.326203]], [[-119.039798, 36.010394], [-119.039717, 36.042841], [-119.039127, 36.052317], [-119.039813, 36.071491], [-119.039377, 36.081838], [-119.040655, 36.099646], [-119.05573, 36.123554], [-119.071104, 36.142941], [-119.090043, 36.180953], [-119.105537, 36.204421], [-119.106539, 36.206368]], [[-119.039798, 36.010394], [-119.038882, 36.05163], [-119.03906, 36.082815], [-119.040363, 36.099516], [-119.055454, 36.123567], [-119.070941, 36.143118], [-119.089483, 36.18042], [-119.106539, 36.206368]], [[-119.076001, 35.434758], [-119.074737, 35.440587]], [[-119.074737, 35.440587], [-119.074677, 35.47617], [-119.077446, 35.50902], [-119.087807, 35.553162], [-119.087951, 35.577496], [-119.09012, 35.586829], [-119.086925, 35.605608], [-119.084719, 35.635072], [-119.080833, 35.644103], [-119.075482, 35.66756], [-119.069351, 35.680193], [-119.063002, 35.698966], [-119.065003, 35.718103], [-119.058655, 35.738004], [-119.052874, 35.749996], [-119.053671, 35.833155]], [[-119.074616, 35.434622], [-119.074737, 35.440587]], [[-119.053674, 35.834168], [-119.053674, 35.834171]], [[-119.053671, 35.833155], [-119.053674, 35.834162], [-119.053674, 35.834168]], [[-119.053671, 35.833155], [-119.053674, 35.834168]], [[-119.053674, 35.834171], [-119.053671, 35.837857]], [[-119.053674, 35.834171], [-119.053674, 35.834177], [-119.053671, 35.837857]], [[-119.053671, 35.837857], [-119.05374, 35.859738], [-119.05207, 35.866812], [-119.053449, 35.872343], [-119.053337, 35.979775]], [[-119.053337, 35.979775], [-119.053234, 35.980255]], [[-119.053337, 35.979775], [-119.053333, 35.979796], [-119.053234, 35.980255]], [[-119.053234, 35.980255], [-119.040829, 36.002105], [-119.039798, 36.010394]]]}}, {"type": "Feature", "properties": {"route_number": "SR-66"}, "geometry": {"type": "MultiLineString", "coordinates": [[[-117.789458, 34.121397], [-117.785958, 34.119516], [-117.747253, 34.107351], [-117.74614, 34.10717], [-117.736836, 34.107043]], [[-117.789407, 34.121495], [-117.747266, 34.107467], [-117.736837, 34.107159]], [[-117.333027, 34.106652], [-117.33598, 34.10687], [-117.352925, 34.106797], [-117.336953, 34.106781], [-117.333027, 34.106652]], [[-117.333027, 34.106652], [-117.331665, 34.106594]], [[-117.331665, 34.106594], [-117.330468, 34.106976], [-117.32913, 34.107925], [-117.327872, 34.108351], [-117.322495, 34.108344]], [[-117.331665, 34.106594], [-117.331522, 34.106564], [-117.331167, 34.106636], [-117.330428, 34.106898], [-117.327837, 34.108264], [-117.322495, 34.108344]], [[-117.322495, 34.108344], [-117.314648, 34.108347]], [[-117.314648, 34.108347], [-117.306044, 34.108349]], [[-117.314648, 34.108347], [-117.306246, 34.108284], [-117.306044, 34.108349]], [[-117.306044, 34.108349], [-117.300863, 34.108345]]]}}, {"type": "Feature", "properties": {"route_number": "SR-67"}, "geometry": {"type": "MultiLineString", "coordinates": [[[-116.962497, 32.803124], [-116.96192, 32.813328], [-116.960741, 32.818728], [-116.96196, 32.826576], [-116.962223, 32.837324], [-116.962116, 32.839679], [-116.961096, 32.842554], [-116.959136, 32.844938], [-116.947409, 32.85489], [-116.925076, 32.860822], [-116.922517, 32.866497]], [[-116.962328, 32.80313], [-116.960488, 32.818881], [-116.962044, 32.837086], [-116.960706, 32.842582], [-116.947296, 32.854644], [-116.924793, 32.86066], [-116.922718, 32.863117], [-116.922517, 32.866497]], [[-116.958293, 33.000237], [-116.957768, 33.002731], [-116.955912, 33.006148], [-116.954193, 33.011297], [-116.950767, 33.012375]], [[-116.958293, 33.000237], [-116.95786, 33.002853], [-116.954309, 33.011327], [-116.950767, 33.012375]], [[-116.9474, 32.927189], [-116.95258, 32.931419], [-116.956392, 32.941911], [-116.962437, 32.945813], [-116.972035, 32.959517], [-116.97008, 32.970576], [-116.975286, 32.985432], [-116.97937, 32.989758], [-116.978635, 32.992595], [-116.975247, 32.995159], [-116.958293, 33.000237]], [[-116.950767, 33.012375], [-116.92679, 33.009565]], [[-116.941612, 32.906027], [-116.945434, 32.90825], [-116.946509, 32.909087], [-116.946983, 32.91028], [-116.947044, 32.9127], [-116.949227, 32.91482], [-116.949702, 32.915637], [-116.949763, 32.916743], [-116.947838, 32.92188], [-116.945655, 32.924267], [-116.9474, 32.927189]], [[-116.941612, 32.906027], [-116.946361, 32.909107], [-116.947046, 32.912987], [-116.94966, 32.915911], [-116.945559, 32.924234], [-116.9474, 32.927189]], [[-116.934306, 32.89774], [-116.941612, 32.906027]], [[-116.932641, 32.895043], [-116.934306, 32.89774]], [[-116.932641, 32.895043], [-116.932935, 32.896054], [-116.934306, 32.89774]], [[-116.93272, 32.88843], [-116.932641, 32.895043]], [[-116.932711, 32.887191], [-116.93283, 32.887793], [-116.93272, 32.88843]], [[-116.932711, 32.887191], [-116.93272, 32.88843]], [[-116.924841, 32.875772], [-116.926104, 32.879437], [-116.932711, 32.887191]], [[-116.92679, 33.009565], [-116.925249, 33.008726], [-116.924631, 33.008572], [-116.923965, 33.008535], [-116.922908, 33.008744], [-116.920898, 33.009653]], [[-116.92679, 33.009565], [-116.924109, 33.008586], [-116.920898, 33.009653]], [[-116.924355, 32.873754], [-116.924841, 32.875772]], [[-116.924355, 32.873754], [-116.924383, 32.874038], [-116.924841, 32.875772]], [[-116.922517, 32.866497], [-116.924355, 32.873754]], [[-116.920898, 33.009653], [-116.913382, 33.009395], [-116.896752, 33.02244]], [[-116.896752, 33.02244], [-116.879704, 33.035856], [-116.86861, 33.042046], [-116.879803, 33.035908], [-116.896752, 33.02244]]]}}, {"type": "Feature", "properties": {"route_number": "SR-68"}, "geometry": {"type": "MultiLineString", "coordinates": [[[-121.935679, 36.619367], [-121.936058, 36.616101], [-121.931272, 36.61514], [-121.922504, 36.61021], [-121.920242, 36.604061], [-121.922817, 36.602718]], [[-121.922817, 36.602718], [-121.926476, 36.601147]], [[-121.922817, 36.602718], [-121.923704, 36.602523], [-121.926476, 36.601147]], [[-121.926476, 36.601147], [-121.926881, 36.599498], [-121.921023, 36.595579], [-121.922908, 36.589663], [-121.918724, 36.586033], [-121.917833, 36.581187], [-121.912924, 36.57539]], [[-121.912924, 36.57539], [-121.912714, 36.575138]], [[-121.912924, 36.57539], [-121.912989, 36.575188], [-121.912714, 36.575138]], [[-121.912714, 36.575138], [-121.912343, 36.574724]], [[-121.868531, 36.595125], [-121.866757, 36.589268], [-121.866053, 36.588244], [-121.865094, 36.587386]], [[-121.868449, 36.595161], [-121.865094, 36.587386]], [[-121.865094, 36.587386], [-121.856778, 36.583646], [-121.848613, 36.583909], [-121.838339, 36.580897], [-121.829547, 36.581589], [-121.818482, 36.573116], [-121.796241, 36.569177], [-121.788282, 36.57009], [-121.781127, 36.567416], [-121.769853, 36.570808], [-121.752271, 36.569726], [-121.738278, 36.57307], [-121.728713, 36.57842]], [[-121.728713, 36.57842], [-121.725331, 36.578715]], [[-121.728713, 36.57842], [-121.728207, 36.578528], [-121.725331, 36.578715]], [[-121.725331, 36.578715], [-121.713779, 36.583666], [-121.710796, 36.588675], [-121.699086, 36.598172]], [[-121.699086, 36.598172], [-121.692529, 36.607828], [-121.683876, 36.622987], [-121.670696, 36.631634], [-121.668682, 36.634015], [-121.667506, 36.635946], [-121.663188, 36.646991], [-121.658984, 36.65921]], [[-121.699086, 36.598172], [-121.684003, 36.623204], [-121.67087, 36.63178], [-121.667818, 36.635699], [-121.658984, 36.65921]], [[-121.658984, 36.65921], [-121.658118, 36.66165]], [[-121.658118, 36.66165], [-121.656035, 36.667577]], [[-121.658118, 36.66165], [-121.657329, 36.664271], [-121.656035, 36.667577]], [[-121.656035, 36.667577], [-121.654815, 36.671079], [-121.647357, 36.669437], [-121.639152, 36.670864]]]}}, {"type": "Feature", "properties": {"route_number": "SR-70"}, "geometry": {"type": "MultiLineString", "coordinates": [[[-121.620505, 39.593793], [-121.620136, 39.599264], [-121.617157, 39.603682], [-121.582545, 39.634744], [-121.561945, 39.648264]], [[-121.576952, 39.466289], [-121.575438, 39.498027], [-121.572225, 39.51388], [-121.573285, 39.523733], [-121.622173, 39.580625], [-121.622354, 39.582845], [-121.619617, 39.58632], [-121.620505, 39.593793]], [[-121.576952, 39.466289], [-121.575651, 39.469568], [-121.575271, 39.498032], [-121.572054, 39.513759], [-121.573061, 39.523529], [-121.620375, 39.580153], [-121.618966, 39.585711], [-121.620505, 39.593793]], [[-121.607896, 39.389701], [-121.604795, 39.394659], [-121.605105, 39.424331]], [[-121.604091, 39.355471], [-121.60532, 39.357666], [-121.611691, 39.373597], [-121.612966, 39.37763], [-121.61294, 39.379635], [-121.61147, 39.385559], [-121.61033, 39.387419], [-121.607896, 39.389701]], [[-121.604091, 39.355471], [-121.61291, 39.378237], [-121.611292, 39.385651], [-121.607896, 39.389701]], [[-121.605129, 39.433517], [-121.602876, 39.438569], [-121.576952, 39.466289]], [[-121.605105, 39.424331], [-121.605129, 39.433517]], [[-121.605105, 39.424331], [-121.605057, 39.433355], [-121.605129, 39.433517]], [[-121.598343, 39.258712], [-121.594563, 39.286777], [-121.595738, 39.315366], [-121.598484, 39.337441], [-121.604091, 39.355471]], [[-121.601373, 39.219881], [-121.599039, 39.252887]], [[-121.596532, 39.208422], [-121.600958, 39.217888], [-121.601352, 39.219145], [-121.601373, 39.219881]], [[-121.596532, 39.208422], [-121.601373, 39.219881]], [[-121.599039, 39.252887], [-121.598343, 39.258712]], [[-121.599039, 39.252887], [-121.598887, 39.255176], [-121.598343, 39.258712]], [[-121.589939, 39.172167], [-121.594795, 39.190379], [-121.595042, 39.204574], [-121.596532, 39.208422]], [[-121.587891, 39.153994], [-121.588373, 39.156439], [-121.590638, 39.160766], [-121.590951, 39.161506], [-121.591086, 39.162189], [-121.591056, 39.163001], [-121.589944, 39.1709], [-121.589939, 39.172167]], [[-121.587891, 39.153994], [-121.588299, 39.156514], [-121.591024, 39.16232], [-121.589865, 39.170891], [-121.589939, 39.172167]], [[-121.587141, 39.148436], [-121.587891, 39.153994]], [[-121.561945, 39.648264], [-121.556185, 39.651557]], [[-121.561945, 39.648264], [-121.55773, 39.650909], [-121.556185, 39.651557]], [[-121.556185, 39.651557], [-121.547879, 39.65434], [-121.539929, 39.654776], [-121.53571, 39.659278]], [[-121.544553, 38.852996], [-121.543475, 38.891669], [-121.544757, 38.897234], [-121.54884, 38.904864], [-121.549695, 38.908995], [-121.549, 38.912883], [-121.544084, 38.923422], [-121.54344, 39.011638], [-121.543959, 39.014529], [-121.547131, 39.022481], [-121.5475, 39.024825], [-121.546888, 39.027413], [-121.544052, 39.032365], [-121.543312, 39.035482], [-121.544223, 39.058856], [-121.543733, 39.061328], [-121.54099, 39.06831], [-121.542002, 39.084323], [-121.541322, 39.090792], [-121.543653, 39.096028], [-121.552126, 39.103786], [-121.559871, 39.113658], [-121.584815, 39.129035], [-121.58613, 39.129874], [-121.588003, 39.131578], [-121.589393, 39.133648], [-121.589916, 39.135042], [-121.591172, 39.144689], [-121.589808, 39.135136], [-121.587741, 39.131448], [-121.559878, 39.113941], [-121.551633, 39.103569], [-121.546423, 39.099561], [-121.541124, 39.093021], [-121.540439, 39.091505], [-121.541731, 39.084155], [-121.540748, 39.068201], [-121.543924, 39.059046], [-121.54304, 39.0353], [-121.543929, 39.031904], [-121.546689, 39.02714], [-121.547213, 39.024516], [-121.543606, 39.01441], [-121.543144, 39.011659], [-121.543786, 38.923574], [-121.549405, 38.90904], [-121.544287, 38.896774], [-121.543198, 38.891845], [-121.543089, 38.852864]], [[-121.53571, 39.659278], [-121.535072, 39.662156], [-121.52679, 39.669042], [-121.526223, 39.669831], [-121.526093, 39.670853], [-121.526395, 39.671612], [-121.526983, 39.672236], [-121.531516, 39.674698], [-121.538454, 39.681499], [-121.539362, 39.684871], [-121.535037, 39.689296], [-121.530411, 39.69648], [-121.529384, 39.7024], [-121.529619, 39.703445], [-121.530835, 39.70565], [-121.530057, 39.708951], [-121.528358, 39.710157], [-121.525343, 39.710459], [-121.524729, 39.710635], [-121.523899, 39.711083], [-121.523145, 39.711958], [-121.520783, 39.716607]], [[-121.53571, 39.659278], [-121.535099, 39.662301], [-121.526212, 39.670891], [-121.531485, 39.674558], [-121.53854, 39.681456], [-121.539468, 39.684837], [-121.530552, 39.696356], [-121.529481, 39.702448], [-121.530944, 39.705472], [-121.530254, 39.708806], [-121.528653, 39.710145], [-121.52387, 39.711204], [-121.520783, 39.716607]], [[-121.520783, 39.716607], [-121.512179, 39.72211], [-121.495013, 39.728038], [-121.49442, 39.731792], [-121.496948, 39.738163], [-121.494796, 39.741731], [-121.482243, 39.748836], [-121.483007, 39.754185], [-121.479418, 39.760962], [-121.473704, 39.762499], [-121.469525, 39.761306], [-121.465707, 39.763077], [-121.465954, 39.770468], [-121.463065, 39.771437], [-121.462989, 39.774646], [-121.459029, 39.774181], [-121.453216, 39.778162], [-121.450063, 39.786125]], [[-121.450067, 39.786139], [-121.452783, 39.788846], [-121.453578, 39.79313], [-121.449614, 39.795847], [-121.446199, 39.801059], [-121.42786, 39.811783], [-121.422744, 39.821104], [-121.41599, 39.822095], [-121.409198, 39.825368], [-121.408855, 39.830289], [-121.414455, 39.834601], [-121.414114, 39.838156], [-121.408165, 39.842192], [-121.396019, 39.843822], [-121.387063, 39.863092], [-121.373362, 39.868975], [-121.37239, 39.877484], [-121.370187, 39.882226], [-121.360349, 39.890564], [-121.359001, 39.900615], [-121.329933, 39.910133], [-121.326192, 39.915102], [-121.316544, 39.92066], [-121.315188, 39.926613], [-121.315725, 39.935741]], [[-121.31584, 39.936113], [-121.315409, 39.937956], [-121.31098, 39.938598], [-121.308558, 39.940676], [-121.307959, 39.94473], [-121.298489, 39.954781], [-121.291155, 39.957763], [-121.28434, 39.958529], [-121.279872, 39.962381], [-121.274278, 39.96404], [-121.276103, 39.968001], [-121.274589, 39.972316], [-121.277443, 39.974183], [-121.277771, 39.979884], [-121.282207, 39.982184], [-121.284791, 39.989209], [-121.278965, 39.994414], [-121.274981, 39.995264], [-121.274001, 39.999229], [-121.269855, 40.000765], [-121.266366, 40.005291], [-121.259149, 40.003878], [-121.250941, 40.007038], [-121.243138, 40.006203], [-121.240194, 40.008449], [-121.232739, 40.007973], [-121.226395, 40.014092], [-121.222237, 40.014504], [-121.217681, 40.011388], [-121.216522, 40.015141], [-121.210313, 40.016635], [-121.205714, 40.012896], [-121.194896, 40.013158], [-121.189585, 40.009404], [-121.184751, 40.013656], [-121.175858, 40.013152], [-121.168924, 40.018792], [-121.166586, 40.023357], [-121.147371, 40.024125], [-121.135386, 40.028616], [-121.13089, 40.027536], [-121.127577, 40.029359], [-121.124392, 40.028709], [-121.121739, 40.024174], [-121.115371, 40.025293], [-121.10737, 40.022514], [-121.101717, 40.016638], [-121.095632, 40.017364], [-121.090103, 40.014401], [-121.083747, 40.018162], [-121.064274, 40.023651], [-121.054414, 40.018733], [-121.045701, 40.020264], [-121.034433, 40.019693]], [[-121.315725, 39.935741], [-121.31584, 39.936113]], [[-121.315725, 39.935741], [-121.315726, 39.935746], [-121.31584, 39.936113]], [[-121.034433, 40.019693], [-121.034427, 40.019693], [-121.03391, 40.019651]], [[-121.034433, 40.019693], [-121.03391, 40.019651]], [[-121.03391, 40.019651], [-121.030873, 40.01963], [-121.029202, 40.025378], [-121.02168, 40.027062], [-121.019561, 40.03121], [-121.012767, 40.031683], [-121.009377, 40.036025], [-121.001258, 40.035534], [-120.998239, 40.039832], [-120.994576, 40.039853], [-120.988412, 40.034962], [-120.982838, 40.039134], [-120.976584, 40.035433], [-120.970024, 40.040007], [-120.966721, 40.039622], [-120.961476, 40.033019], [-120.964795, 40.028293], [-120.962564, 40.022409], [-120.959387, 40.020498], [-120.964975, 40.016879], [-120.966097, 40.008776], [-120.958319, 40.005829], [-120.958151, 40.002551], [-120.955377, 40.000758], [-120.955563, 39.997426], [-120.947625, 39.994045], [-120.943223, 39.988159], [-120.937291, 39.974449], [-120.942366, 39.96646], [-120.952757, 39.960067], [-120.959938, 39.951755], [-120.959955, 39.949618], [-120.955996, 39.944993]], [[-120.955996, 39.944993], [-120.950168, 39.938046], [-120.948732, 39.936731], [-120.941864, 39.936625], [-120.937445, 39.93786], [-120.932198, 39.935585], [-120.930159, 39.935148], [-120.893368, 39.933756]], [[-120.955996, 39.944993], [-120.949468, 39.937663], [-120.937064, 39.937934], [-120.930221, 39.935243], [-120.893368, 39.933756]], [[-120.893368, 39.933756], [-120.884811, 39.935583]], [[-120.884811, 39.935583], [-120.882166, 39.934763]], [[-120.884811, 39.935583], [-120.882264, 39.934754], [-120.882166, 39.934763]], [[-120.882166, 39.934763], [-120.875591, 39.93285], [-120.864025, 39.936478]], [[-120.864025, 39.936478], [-120.863053, 39.936666], [-120.862437, 39.936616]], [[-120.864025, 39.936478], [-120.863914, 39.93647], [-120.863218, 39.936582], [-120.862437, 39.936616]], [[-120.862437, 39.936616], [-120.846781, 39.931863], [-120.834566, 39.923056]], [[-120.834566, 39.923056], [-120.834036, 39.922428]], [[-120.834566, 39.923056], [-120.834448, 39.923027], [-120.834036, 39.922428]], [[-120.834036, 39.922428], [-120.830686, 39.91838], [-120.815222, 39.91194], [-120.805412, 39.911662]], [[-120.805412, 39.911662], [-120.805094, 39.911343]], [[-120.805412, 39.911662], [-120.805096, 39.911346], [-120.805094, 39.911343]], [[-120.805094, 39.911343], [-120.790532, 39.902877], [-120.779989, 39.882534], [-120.769307, 39.879212], [-120.755916, 39.878446], [-120.747477, 39.873827], [-120.724528, 39.876033], [-120.702351, 39.868382], [-120.693597, 39.863364], [-120.684433, 39.854205], [-120.678442, 39.843867], [-120.678059, 39.840017], [-120.6719, 39.832229]], [[-120.6719, 39.832229], [-120.665857, 39.826473]], [[-120.6719, 39.832229], [-120.666331, 39.827156], [-120.665857, 39.826473]], [[-120.665857, 39.826473], [-120.663879, 39.819901], [-120.653628, 39.813539], [-120.653097, 39.80689], [-120.640219, 39.796192], [-120.63309, 39.78759], [-120.629134, 39.785791], [-120.622313, 39.785547], [-120.603397, 39.774125], [-120.592329, 39.769515], [-120.580999, 39.772237], [-120.573405, 39.777298], [-120.562488, 39.777744], [-120.514159, 39.80314], [-120.493154, 39.808609], [-120.478512, 39.805768], [-120.47385, 39.808926]], [[-120.47385, 39.808926], [-120.473023, 39.80938], [-120.471881, 39.809822], [-120.466511, 39.811527]], [[-120.47385, 39.808926], [-120.473728, 39.808922], [-120.472979, 39.809342], [-120.466511, 39.811527]], [[-120.466511, 39.811527], [-120.446657, 39.82072], [-120.424267, 39.824353]], [[-120.424267, 39.824353], [-120.416736, 39.824359], [-120.415208, 39.824248]], [[-120.424267, 39.824353], [-120.415208, 39.824248]], [[-120.415208, 39.824248], [-120.371255, 39.81735], [-120.330551, 39.817073], [-120.307838, 39.809455], [-120.19192, 39.809219], [-120.16646, 39.800602], [-120.125512, 39.796222], [-120.111214, 39.791179], [-120.087641, 39.788452], [-120.038654, 39.775125]]]}}, {"type": "Feature", "properties": {"route_number": "SR-71"}, "geometry": {"type": "MultiLineString", "coordinates": [[[-117.807566, 34.068384], [-117.78867, 34.06088], [-117.780873, 34.052968], [-117.747334, 34.021276], [-117.733589, 34.011234], [-117.725982, 34.003547], [-117.720341, 33.99452], [-117.710594, 33.984084], [-117.706818, 33.980912], [-117.697835, 33.975865], [-117.688741, 33.966769], [-117.673271, 33.945752], [-117.655092, 33.923967]], [[-117.807413, 34.069544], [-117.788579, 34.061067], [-117.747372, 34.021722], [-117.733633, 34.011507], [-117.725431, 34.003244], [-117.719781, 33.994166], [-117.710432, 33.984306], [-117.696988, 33.975482], [-117.687934, 33.966262], [-117.655092, 33.923967]], [[-117.655092, 33.923967], [-117.647076, 33.90218], [-117.646646, 33.896587]], [[-117.646646, 33.896587], [-117.646922, 33.892437], [-117.646573, 33.890337], [-117.645606, 33.887531]], [[-117.646646, 33.896587], [-117.645606, 33.887531]], [[-117.645606, 33.887531], [-117.644011, 33.884999], [-117.640521, 33.88353]]]}}, {"type": "Feature", "properties": {"route_number": "SR-74"}, "geometry": {"type": "MultiLineString", "coordinates": [[[-117.659546, 33.502141], [-117.653246, 33.50434], [-117.651196, 33.5066], [-117.650086, 33.50752], [-117.645926, 33.51], [-117.642, 33.512029], [-117.632982, 33.514998]], [[-117.659444, 33.502027], [-117.653149, 33.504268], [-117.642003, 33.511932], [-117.632982, 33.514998]], [[-117.632982, 33.514998], [-117.630249, 33.516667]], [[-117.630249, 33.516667], [-117.626597, 33.518791], [-117.619481, 33.519663], [-117.616333, 33.520521], [-117.614339, 33.521527]], [[-117.630249, 33.516667], [-117.6266, 33.518974], [-117.614339, 33.521527]], [[-117.614339, 33.521527], [-117.613936, 33.52173]], [[-117.614339, 33.521527], [-117.614329, 33.521533], [-117.613936, 33.52173]], [[-117.613936, 33.52173], [-117.605396, 33.52233], [-117.601356, 33.51935], [-117.582566, 33.51368], [-117.565439, 33.515103], [-117.559139, 33.52233], [-117.554099, 33.52533], [-117.550219, 33.5329], [-117.548586, 33.54056], [-117.548969, 33.55689], [-117.541113, 33.573963], [-117.537179, 33.57739], [-117.524445, 33.582952], [-117.521515, 33.586535], [-117.511955, 33.592285], [-117.49941, 33.590374], [-117.49676, 33.592299], [-117.483462, 33.595283], [-117.470017, 33.591545], [-117.465496, 33.593582], [-117.4642, 33.596831], [-117.461617, 33.597068], [-117.457773, 33.6022]], [[-117.457773, 33.6022], [-117.45735, 33.602297]], [[-117.457773, 33.6022], [-117.457761, 33.602204], [-117.45735, 33.602297]], [[-117.45735, 33.602297], [-117.44944, 33.602872], [-117.445165, 33.606683], [-117.438596, 33.609171], [-117.435628, 33.612988], [-117.43428, 33.612295], [-117.43348, 33.607452]], [[-117.43348, 33.607452], [-117.433481, 33.607442], [-117.433452, 33.607177]], [[-117.43348, 33.607452], [-117.433452, 33.607177]], [[-117.433452, 33.607177], [-117.431545, 33.605935], [-117.423139, 33.619744], [-117.42437, 33.620838], [-117.425504, 33.618432], [-117.42707, 33.618929], [-117.424908, 33.621836], [-117.426171, 33.62555], [-117.425134, 33.632707], [-117.420502, 33.643887], [-117.414512, 33.650773], [-117.403638, 33.653126], [-117.399201, 33.657863], [-117.396417, 33.655497], [-117.395255, 33.651284], [-117.384741, 33.648575], [-117.385819, 33.643931], [-117.38402, 33.641337], [-117.379931, 33.640503], [-117.37347, 33.64667], [-117.369207, 33.6458], [-117.374029, 33.649004], [-117.377239, 33.648521], [-117.379475, 33.65355], [-117.375758, 33.65828], [-117.383449, 33.663037]], [[-117.383449, 33.663037], [-117.383905, 33.665229], [-117.379028, 33.670749]], [[-117.383449, 33.663037], [-117.384026, 33.665165], [-117.379028, 33.670749]], [[-117.379028, 33.670749], [-117.373682, 33.676713]], [[-117.373682, 33.676713], [-117.366477, 33.684683]], [[-117.373682, 33.676713], [-117.366576, 33.684652], [-117.366477, 33.684683]], [[-117.366477, 33.684683], [-117.364707, 33.68711], [-117.352205, 33.689793], [-117.346233, 33.695105], [-117.33982, 33.690109], [-117.338173, 33.691543]], [[-117.338173, 33.691543], [-117.336154, 33.693204]], [[-117.338173, 33.691543], [-117.336275, 33.693304]], [[-117.216399, 33.784105], [-117.21716, 33.783266], [-117.217393, 33.782369], [-117.216277, 33.784019]], [[-117.189012, 33.754046], [-117.173343, 33.744553], [-117.170463, 33.742966], [-117.169448, 33.742848], [-117.151129, 33.743113]], [[-117.188998, 33.754124], [-117.170323, 33.743011], [-117.151129, 33.743113]], [[-117.151129, 33.743113], [-117.127899, 33.743213]], [[-117.127899, 33.743213], [-117.105815, 33.743366], [-117.103962, 33.742871], [-117.09608, 33.739396], [-117.092357, 33.738787], [-117.072973, 33.73925], [-117.065949, 33.740829]], [[-117.127899, 33.743213], [-117.119862, 33.743168], [-117.106817, 33.74335], [-117.105845, 33.743279], [-117.096121, 33.739305], [-117.092385, 33.738692], [-117.072923, 33.739178], [-117.065949, 33.740829]], [[-117.065949, 33.740829], [-117.060708, 33.743749], [-117.050276, 33.743835]], [[-117.050276, 33.743835], [-117.048383, 33.743843]], [[-117.050276, 33.743835], [-117.048457, 33.743804], [-117.048383, 33.743843]], [[-117.048383, 33.743843], [-117.024098, 33.743899]], [[-117.024098, 33.743899], [-117.008527, 33.747417], [-116.989127, 33.747503]], [[-117.024098, 33.743899], [-117.023943, 33.743836], [-117.02038, 33.743921], [-117.018346, 33.744172], [-117.008511, 33.747328], [-116.98911, 33.747402]], [[-116.989109, 33.747503], [-116.967297, 33.747568]], [[-116.989093, 33.747402], [-116.967297, 33.747568]], [[-116.967297, 33.747568], [-116.962994, 33.747591]], [[-116.962994, 33.747591], [-116.958639, 33.747628]], [[-116.962994, 33.747591], [-116.958758, 33.747553], [-116.958639, 33.747628]], [[-116.958639, 33.747628], [-116.872256, 33.747963], [-116.870323, 33.747531], [-116.862521, 33.744203]], [[-116.958639, 33.747628], [-116.958531, 33.747554], [-116.872288, 33.747854], [-116.862521, 33.744203]], [[-116.862521, 33.744203], [-116.85696, 33.742555]], [[-116.85696, 33.742555], [-116.848252, 33.740973]], [[-116.85696, 33.742555], [-116.851544, 33.741728], [-116.848252, 33.740973]], [[-116.848252, 33.740973], [-116.833373, 33.736994], [-116.815602, 33.735902], [-116.800064, 33.721169], [-116.795487, 33.721042], [-116.791815, 33.718197], [-116.787822, 33.717513], [-116.786743, 33.715246], [-116.782006, 33.715162], [-116.779186, 33.712085], [-116.771836, 33.709212], [-116.769384, 33.711301], [-116.767871, 33.709586], [-116.756371, 33.707657], [-116.755458, 33.70517], [-116.771449, 33.702037], [-116.761914, 33.70103], [-116.762487, 33.698377], [-116.76008, 33.698857], [-116.757805, 33.696669], [-116.746969, 33.702007], [-116.74126, 33.700724], [-116.739965, 33.70322], [-116.736117, 33.702926], [-116.734204, 33.705168], [-116.730314, 33.705703], [-116.716885, 33.700326], [-116.711036, 33.692734], [-116.704127, 33.687194], [-116.688044, 33.681237], [-116.681038, 33.673877], [-116.669375, 33.666984], [-116.664948, 33.657365], [-116.647973, 33.64048], [-116.634172, 33.622033], [-116.604454, 33.590061], [-116.594059, 33.572039], [-116.589302, 33.568216], [-116.578859, 33.563631], [-116.56953, 33.561232], [-116.563974, 33.563806], [-116.559946, 33.562146], [-116.540725, 33.561103], [-116.524357, 33.570326], [-116.516581, 33.571317], [-116.512234, 33.567956], [-116.504254, 33.568589], [-116.480232, 33.578281], [-116.467334, 33.579644], [-116.452563, 33.584208], [-116.444492, 33.585354], [-116.434645, 33.582873], [-116.428079, 33.584994], [-116.42514, 33.587763], [-116.421561, 33.596818], [-116.421668, 33.600763], [-116.419134, 33.603029], [-116.420389, 33.606948], [-116.419373, 33.608449]], [[-116.419373, 33.608449], [-116.419201, 33.608515]], [[-116.419373, 33.608449], [-116.419365, 33.608453], [-116.419201, 33.608515]], [[-116.419201, 33.608515], [-116.41604, 33.609414], [-116.415196, 33.615344], [-116.411369, 33.621996], [-116.403685, 33.625622], [-116.402549, 33.631261], [-116.404053, 33.633809], [-116.399118, 33.642275], [-116.399793, 33.648135], [-116.401265, 33.649009], [-116.406523, 33.645587], [-116.408026, 33.646639], [-116.40144, 33.65195], [-116.394683, 33.650205], [-116.403636, 33.655876], [-116.402665, 33.656692], [-116.398024, 33.654182], [-116.395642, 33.654915], [-116.400919, 33.658614], [-116.397379, 33.659303], [-116.399196, 33.663824], [-116.404584, 33.665891], [-116.409094, 33.670612]]]}}, {"type": "Feature", "properties": {"route_number": "SR-75"}, "geometry": {"type": "MultiLineString", "coordinates": [[[-117.174766, 32.694441], [-117.173908, 32.695875], [-117.171709, 32.694956], [-117.16247, 32.687539], [-117.157944, 32.686763], [-117.154634, 32.688409], [-117.142948, 32.700371]], [[-117.122168, 32.588941], [-117.122588, 32.597869], [-117.124689, 32.603366], [-117.125231, 32.604183], [-117.126261, 32.605003], [-117.130337, 32.606819], [-117.133999, 32.611542], [-117.136652, 32.621853], [-117.13954, 32.630426], [-117.147302, 32.646638], [-117.155678, 32.659786], [-117.15993, 32.665556], [-117.163802, 32.669912], [-117.169711, 32.675116], [-117.175498, 32.679185], [-117.176159, 32.680628], [-117.179762, 32.685107], [-117.174766, 32.694441]], [[-117.174766, 32.694441], [-117.162098, 32.687233], [-117.157779, 32.686711], [-117.154654, 32.688259], [-117.142948, 32.700371]], [[-117.122316, 32.588891], [-117.122741, 32.597855], [-117.124771, 32.603157], [-117.13048, 32.606753], [-117.134084, 32.611376], [-117.13966, 32.630288], [-117.147474, 32.646598], [-117.160019, 32.665436], [-117.175468, 32.678975], [-117.179925, 32.684981], [-117.174104, 32.695953]], [[-117.142948, 32.700371], [-117.141805, 32.700655]], [[-117.142948, 32.700371], [-117.142881, 32.701368]]]}}, {"type": "Feature", "properties": {"route_number": "SR-76"}, "geometry": {"type": "MultiLineString", "coordinates": [[[-117.383252, 33.204811], [-117.382529, 33.206654], [-117.381332, 33.207997], [-117.376632, 33.211349], [-117.375087, 33.212148], [-117.373045, 33.212601], [-117.36533, 33.212872], [-117.34408, 33.218414], [-117.329022, 33.224845], [-117.316192, 33.228775], [-117.292515, 33.243275], [-117.291091, 33.243637], [-117.285527, 33.244298], [-117.278794, 33.247486], [-117.259262, 33.253933], [-117.257167, 33.254183], [-117.250661, 33.254448], [-117.244776, 33.253477], [-117.241582, 33.254362], [-117.236415, 33.25955], [-117.237185, 33.26591], [-117.236081, 33.271546], [-117.235356, 33.273722], [-117.233617, 33.275971], [-117.226786, 33.280503], [-117.225277, 33.290729], [-117.223786, 33.293034], [-117.220572, 33.295779], [-117.216321, 33.301988], [-117.210546, 33.306437], [-117.19669, 33.31392], [-117.193802, 33.314585], [-117.188447, 33.314381], [-117.183012, 33.315444], [-117.178915, 33.315559], [-117.176628, 33.316194], [-117.171548, 33.320819], [-117.167033, 33.323206], [-117.16512, 33.325538]], [[-117.383081, 33.204671], [-117.381232, 33.207869], [-117.374812, 33.212077], [-117.365852, 33.212624], [-117.344044, 33.218324], [-117.316155, 33.228556], [-117.292368, 33.243188], [-117.285189, 33.244224], [-117.258919, 33.253881], [-117.244917, 33.253365], [-117.241554, 33.254254], [-117.236042, 33.259725], [-117.23697, 33.266057], [-117.235282, 33.273515], [-117.226445, 33.280705], [-117.224927, 33.29083], [-117.220025, 33.296101], [-117.216178, 33.301883], [-117.196046, 33.313967], [-117.188107, 33.314266], [-117.178262, 33.315484], [-117.176251, 33.316169], [-117.167141, 33.322881], [-117.164972, 33.325467]], [[-117.165116, 33.325543], [-117.159436, 33.331128], [-117.155683, 33.334312], [-117.150864, 33.336116], [-117.146114, 33.336883], [-117.141972, 33.340344], [-117.140718, 33.340764], [-117.137893, 33.341126]], [[-117.164969, 33.325472], [-117.155603, 33.33423], [-117.145872, 33.33689], [-117.141765, 33.340335], [-117.137893, 33.341126]], [[-117.137893, 33.341126], [-117.1339, 33.338985], [-117.1323, 33.343422], [-117.119266, 33.344075], [-117.118007, 33.348792], [-117.11287, 33.350642], [-117.111407, 33.356566], [-117.100011, 33.364093], [-117.084085, 33.364428]], [[-117.084085, 33.364428], [-117.081943, 33.364429], [-117.079273, 33.364275]], [[-117.084085, 33.364428], [-117.079273, 33.364275]], [[-117.079273, 33.364275], [-117.052156, 33.363178], [-117.041504, 33.359541], [-117.03616, 33.355687], [-117.027412, 33.353452], [-117.025627, 33.351941], [-117.025434, 33.348066], [-117.021102, 33.343175], [-117.0074, 33.338594], [-116.989935, 33.314916], [-116.978173, 33.303155], [-116.973393, 33.30085], [-116.967417, 33.290309], [-116.958295, 33.288323]], [[-116.958295, 33.288323], [-116.957932, 33.288277]], [[-116.958295, 33.288323], [-116.95815, 33.288138], [-116.957932, 33.288277]], [[-116.957932, 33.288277], [-116.949552, 33.291249], [-116.943498, 33.297498]], [[-116.943498, 33.297498], [-116.94152, 33.298826]], [[-116.943498, 33.297498], [-116.94294, 33.298655], [-116.94152, 33.298826]], [[-116.94152, 33.298826], [-116.939208, 33.299405], [-116.938799, 33.302099], [-116.928648, 33.304972], [-116.919871, 33.301181], [-116.917834, 33.296863], [-116.916247, 33.301077], [-116.913569, 33.299708], [-116.913122, 33.302305], [-116.90588, 33.295275], [-116.887, 33.287547], [-116.876007, 33.288124], [-116.869603, 33.28572], [-116.86844, 33.283856], [-116.869687, 33.279453], [-116.862645, 33.275638], [-116.854358, 33.2774], [-116.846477, 33.271899], [-116.841279, 33.274954], [-116.833126, 33.274923], [-116.823853, 33.268488], [-116.803499, 33.261625], [-116.773759, 33.239959], [-116.762163, 33.236525], [-116.758692, 33.229754], [-116.753082, 33.223693], [-116.738002, 33.2123], [-116.721929, 33.203289], [-116.710292, 33.199798]]]}}, {"type": "Feature", "properties": {"route_number": "SR-78"}, "geometry": {"type": "MultiLineString", "coordinates": [[[-117.086491, 33.132944], [-117.108529, 33.126806], [-117.126233, 33.1343], [-117.143017, 33.139368], [-117.151694, 33.139602], [-117.172178, 33.136745], [-117.187581, 33.141995], [-117.205667, 33.156598], [-117.215231, 33.167721], [-117.21744, 33.169153], [-117.222473, 33.170961], [-117.22398, 33.172049], [-117.23236, 33.184309], [-117.233988, 33.18604], [-117.247478, 33.194055], [-117.249913, 33.194945], [-117.252061, 33.195031], [-117.257666, 33.194278], [-117.262962, 33.194372], [-117.265856, 33.194043], [-117.272725, 33.191393], [-117.287265, 33.184322], [-117.299045, 33.182927], [-117.308556, 33.179998], [-117.322732, 33.182362], [-117.341998, 33.181223], [-117.345871, 33.180326], [-117.351295, 33.177007], [-117.342205, 33.181047], [-117.323285, 33.182201], [-117.308613, 33.179809], [-117.287316, 33.184145], [-117.265829, 33.193887], [-117.257567, 33.194125], [-117.250154, 33.19479], [-117.234047, 33.185782], [-117.223936, 33.17175], [-117.221947, 33.170495], [-117.217071, 33.168721], [-117.21543, 33.167614], [-117.205057, 33.155765], [-117.187254, 33.141631], [-117.172201, 33.136566], [-117.143237, 33.139244], [-117.126304, 33.134104], [-117.109898, 33.127016], [-117.107414, 33.126539], [-117.086491, 33.132944]], [[-117.086491, 33.132944], [-117.083862, 33.126965]], [[-117.086491, 33.132944], [-117.086313, 33.13284], [-117.083862, 33.126965]], [[-117.083862, 33.126965], [-117.073727, 33.130114]], [[-117.073727, 33.130114], [-117.068008, 33.133106]], [[-117.073727, 33.130114], [-117.073575, 33.130105], [-117.072117, 33.130608], [-117.068008, 33.133106]], [[-117.068008, 33.133106], [-117.067104, 33.130462], [-117.065169, 33.126295], [-117.061636, 33.122613]], [[-117.068008, 33.133106], [-117.061636, 33.122613]], [[-117.061636, 33.122613], [-117.060842, 33.117934], [-117.054689, 33.109743], [-117.047424, 33.108665], [-117.024693, 33.097318]], [[-117.024693, 33.097318], [-117.023548, 33.096933], [-117.022198, 33.097076], [-117.019654, 33.098535]], [[-117.024693, 33.097318], [-117.02221, 33.097198], [-117.019654, 33.098535]], [[-117.019654, 33.098535], [-117.016254, 33.098881]], [[-117.016254, 33.098881], [-117.015049, 33.098886], [-117.014145, 33.09855], [-117.011463, 33.096257], [-117.005781, 33.095494], [-116.998009, 33.092706]], [[-117.016254, 33.098881], [-117.011473, 33.096157], [-116.998009, 33.092706]], [[-116.998009, 33.092706], [-116.993257, 33.090652], [-116.989211, 33.085851], [-116.959485, 33.094748]], [[-116.959468, 33.094747], [-116.952082, 33.090653], [-116.944406, 33.090632]], [[-116.944406, 33.090632], [-116.944377, 33.090635], [-116.944223, 33.090664]], [[-116.944406, 33.090632], [-116.944223, 33.090664]], [[-116.944223, 33.090664], [-116.938299, 33.090463], [-116.935232, 33.086114], [-116.931041, 33.085926], [-116.929524, 33.087409], [-116.922898, 33.086024], [-116.921022, 33.082922], [-116.91785, 33.082537], [-116.914512, 33.085619], [-116.904155, 33.087049], [-116.902174, 33.072491], [-116.891421, 33.069489], [-116.884641, 33.070129], [-116.876488, 33.065783]], [[-116.876488, 33.065783], [-116.87449, 33.065825], [-116.873762, 33.06573], [-116.872741, 33.065308], [-116.872049, 33.064581]], [[-116.876488, 33.065783], [-116.872049, 33.064581]], [[-116.872049, 33.064581], [-116.871019, 33.045883], [-116.86861, 33.042046], [-116.85399, 33.050672], [-116.846023, 33.051146]], [[-116.846023, 33.051146], [-116.844394, 33.051146]], [[-116.846023, 33.051146], [-116.845956, 33.051112], [-116.844394, 33.051146]], [[-116.844394, 33.051146], [-116.83929, 33.050971], [-116.832352, 33.04642], [-116.825385, 33.047013], [-116.820731, 33.04924], [-116.820172, 33.055458], [-116.8145, 33.059914], [-116.792312, 33.085578], [-116.767833, 33.07214]], [[-116.767833, 33.07214], [-116.767671, 33.072017]], [[-116.767833, 33.07214], [-116.767676, 33.072022], [-116.767671, 33.072017]], [[-116.767671, 33.072017], [-116.75833, 33.065415], [-116.746895, 33.065393], [-116.740143, 33.067613], [-116.728638, 33.067497], [-116.723657, 33.065772], [-116.714665, 33.081497], [-116.708038, 33.086473], [-116.695069, 33.102405], [-116.691274, 33.104726], [-116.670908, 33.109995], [-116.66906, 33.10911], [-116.668125, 33.103779], [-116.664658, 33.098583], [-116.659406, 33.103574], [-116.658029, 33.107451], [-116.649702, 33.101359], [-116.646091, 33.097107], [-116.64596, 33.082653], [-116.642874, 33.080162]], [[-116.642874, 33.080162], [-116.642845, 33.080157], [-116.642481, 33.080109]], [[-116.642874, 33.080162], [-116.642481, 33.080109]], [[-116.642481, 33.080109], [-116.605878, 33.07665]], [[-116.605878, 33.07665], [-116.605868, 33.07665], [-116.605535, 33.076687]], [[-116.605878, 33.07665], [-116.605535, 33.076687]], [[-116.605535, 33.076687], [-116.602422, 33.078586], [-116.599109, 33.076482], [-116.590084, 33.077207], [-116.589249, 33.082237], [-116.590637, 33.085579], [-116.596798, 33.091336], [-116.593253, 33.097713], [-116.580241, 33.090748], [-116.57475, 33.085784], [-116.575146, 33.084498], [-116.57215, 33.083418], [-116.572348, 33.080371], [-116.568047, 33.080526], [-116.564561, 33.076688], [-116.552202, 33.07038], [-116.553529, 33.066358], [-116.551482, 33.068179], [-116.548057, 33.067213], [-116.531751, 33.078453], [-116.454202, 33.103008], [-116.45099, 33.105806], [-116.449063, 33.11062], [-116.434533, 33.119518], [-116.435802, 33.124461], [-116.43426, 33.128739], [-116.396551, 33.132131], [-116.375159, 33.137029], [-116.36425, 33.134004], [-116.35327, 33.135539], [-116.332225, 33.132829], [-116.313957, 33.133351], [-116.301541, 33.130855], [-116.299719, 33.134963], [-116.292697, 33.138843], [-116.275324, 33.143317], [-116.269508, 33.142892], [-116.246972, 33.156445], [-116.23829, 33.158823], [-116.223709, 33.159462], [-116.149287, 33.149076], [-116.128886, 33.143134], [-116.104765, 33.139935], [-116.056398, 33.125739], [-115.855119, 33.125767]], [[-115.501342, 32.97864], [-115.501143, 32.989155], [-115.502128, 32.993082], [-115.505611, 32.997341], [-115.51097, 32.999923], [-115.526941, 33.000767], [-115.534194, 33.002676], [-115.538189, 33.003125], [-115.552534, 33.000343], [-115.583701, 33.000345], [-115.586349, 33.000035], [-115.588947, 32.999227], [-115.552563, 33.000005], [-115.53876, 33.002785], [-115.526974, 33.000422], [-115.511065, 32.999604], [-115.50609, 32.997274], [-115.502642, 32.993284], [-115.501342, 32.97864]], [[-115.501342, 32.97864], [-115.500074, 32.978639], [-115.496898, 32.978662], [-115.492381, 32.978664], [-115.463943, 32.978645], [-115.456884, 32.974593], [-115.297276, 32.974948], [-115.282451, 32.970549], [-115.212677, 32.970468], [-115.192743, 32.968935], [-115.180212, 32.974525], [-115.165411, 32.978738], [-115.147895, 32.981258], [-115.133956, 32.986264], [-115.120984, 32.988837], [-115.11084, 32.993207], [-115.091335, 32.994933], [-115.077241, 32.994227], [-115.042486, 33.014513], [-114.995186, 33.015306], [-114.968629, 33.027657], [-114.955701, 33.041914], [-114.950764, 33.051282], [-114.949279, 33.070166], [-114.945975, 33.075555], [-114.939386, 33.079243], [-114.910432, 33.085803], [-114.902677, 33.09253], [-114.900592, 33.102368], [-114.892576, 33.110947], [-114.871158, 33.149921], [-114.868974, 33.155775], [-114.868437, 33.170371], [-114.857374, 33.201541], [-114.853741, 33.218275], [-114.846001, 33.230714], [-114.829511, 33.243601], [-114.818078, 33.249224], [-114.799318, 33.267369], [-114.781663, 33.281236], [-114.754085, 33.291776], [-114.733674, 33.316611], [-114.731706, 33.323945], [-114.727079, 33.327612], [-114.724046, 33.334816], [-114.722394, 33.351442], [-114.724754, 33.357981], [-114.721871, 33.363879], [-114.721766, 33.392858], [-114.731162, 33.407704], [-114.732067, 33.425136]], [[-114.732509, 33.433797], [-114.730719, 33.452913], [-114.730985, 33.477883], [-114.726235, 33.478063]], [[-114.732067, 33.425136], [-114.732509, 33.433797]], [[-114.732067, 33.425136], [-114.73225, 33.429919], [-114.732509, 33.433797]], [[-114.726235, 33.478063], [-114.708767, 33.477818], [-114.708767, 33.47782]], [[-114.726235, 33.478063], [-114.708767, 33.47782]], [[-114.708828, 33.507085], [-114.708494, 33.507097]], [[-114.708828, 33.507085], [-114.708828, 33.507091], [-114.708494, 33.507097]], [[-114.708767, 33.47782], [-114.708828, 33.507085]], [[-114.708494, 33.507097], [-114.656256, 33.50699]], [[-114.65635, 33.529984], [-114.65779, 33.610143]], [[-114.656339, 33.529924], [-114.656351, 33.529978], [-114.65635, 33.529984]], [[-114.656339, 33.529924], [-114.65635, 33.529984]], [[-114.656017, 33.507034], [-114.656339, 33.529924]], [[-114.656256, 33.50699], [-114.656018, 33.507029], [-114.656017, 33.507034]], [[-114.656256, 33.50699], [-114.656017, 33.507034]]]}}, {"type": "Feature", "properties": {"route_number": "SR-79"}, "geometry": {"type": "MultiLineString", "coordinates": [[[-117.143243, 33.544991], [-117.142863, 33.546722], [-117.140948, 33.550811], [-117.139895, 33.558087], [-117.13347, 33.580926], [-117.132364, 33.583379], [-117.126, 33.591283], [-117.119476, 33.596963], [-117.08604, 33.636993], [-117.083918, 33.643981], [-117.084512, 33.651553], [-117.08501, 33.66878], [-117.084938, 33.693605]], [[-117.143062, 33.544975], [-117.140772, 33.550768], [-117.132218, 33.58336], [-117.1194, 33.596894], [-117.086014, 33.636693], [-117.083748, 33.643895], [-117.084938, 33.693605]], [[-117.084938, 33.693605], [-117.08482, 33.711696], [-117.076524, 33.716929], [-117.076337, 33.73652]], [[-117.076376, 33.736844], [-117.076447, 33.739048]], [[-117.076337, 33.73652], [-117.076376, 33.736844]], [[-117.076337, 33.73652], [-117.076337, 33.73653], [-117.076376, 33.736844]], [[-116.653959, 33.288622], [-116.663288, 33.285293], [-116.674387, 33.284882], [-116.684013, 33.289137], [-116.691041, 33.301531], [-116.693789, 33.31618], [-116.701314, 33.323029], [-116.703005, 33.328187], [-116.716194, 33.334711], [-116.718596, 33.338353], [-116.731287, 33.347556], [-116.744607, 33.354683], [-116.748025, 33.367418], [-116.746892, 33.373579], [-116.744839, 33.375948], [-116.745683, 33.377505], [-116.780243, 33.385933], [-116.7898, 33.384986], [-116.800292, 33.397879], [-116.818939, 33.410106], [-116.824412, 33.415769], [-116.827746, 33.41679], [-116.835225, 33.423788], [-116.83795, 33.429908], [-116.842528, 33.434015], [-116.849052, 33.433099], [-116.849432, 33.436985], [-116.852515, 33.439522], [-116.869566, 33.444204], [-116.884001, 33.444348], [-116.8949, 33.449483], [-116.898758, 33.456245], [-116.902647, 33.459034], [-116.908371, 33.460072], [-116.915614, 33.464229], [-116.924848, 33.463102], [-116.928279, 33.467451], [-116.952097, 33.470229], [-116.962301, 33.466169], [-116.974815, 33.464879], [-116.988308, 33.467913], [-117.007561, 33.468835], [-117.017903, 33.471393], [-117.057838, 33.491084], [-117.074939, 33.487199]], [[-117.003913, 33.84527], [-117.004833, 33.847637], [-117.007541, 33.851602], [-117.009355, 33.857108], [-117.007845, 33.862553], [-117.008234, 33.865477], [-117.005886, 33.867638], [-117.000575, 33.868516], [-116.996642, 33.87046]], [[-117.003913, 33.84527], [-117.007819, 33.85191], [-117.009501, 33.857132], [-117.008309, 33.865615], [-117.006098, 33.867652], [-116.996642, 33.87046]], [[-116.996311, 33.820103], [-117.00359, 33.82355], [-117.003913, 33.84527]], [[-116.996642, 33.87046], [-116.992091, 33.875401], [-116.989051, 33.890248]], [[-116.989051, 33.890248], [-116.987637, 33.89367], [-116.98748, 33.89447], [-116.987544, 33.898491], [-116.985729, 33.900648], [-116.981618, 33.909488]], [[-116.989051, 33.890248], [-116.987692, 33.898469], [-116.981618, 33.909488]], [[-116.981618, 33.909488], [-116.977346, 33.916357], [-116.977162, 33.927008]], [[-116.673963, 33.109202], [-116.677035, 33.117511], [-116.679645, 33.133983], [-116.673949, 33.153695], [-116.674179, 33.157647], [-116.680846, 33.164822], [-116.685775, 33.173224], [-116.708986, 33.19575], [-116.711459, 33.207336], [-116.709373, 33.215515], [-116.690757, 33.23964], [-116.671628, 33.250934], [-116.667571, 33.257649], [-116.65433, 33.270063], [-116.64637, 33.27241], [-116.640316, 33.277236], [-116.633353, 33.279415], [-116.635709, 33.284968], [-116.653683, 33.288605]], [[-116.653683, 33.288605], [-116.653959, 33.288622]], [[-116.653683, 33.288605], [-116.653714, 33.288608], [-116.653959, 33.288622]], [[-116.625415, 32.82714], [-116.621839, 32.834666], [-116.61269, 32.841429], [-116.601465, 32.843913], [-116.594484, 32.852474], [-116.595317, 32.854758]], [[-116.569702, 33.048887], [-116.58316, 33.065354], [-116.597562, 33.073829], [-116.598647, 33.076453]], [[-116.595317, 32.854758], [-116.595292, 32.854806]], [[-116.595317, 32.854758], [-116.595295, 32.854803], [-116.595292, 32.854806]], [[-116.595292, 32.854806], [-116.589092, 32.873084], [-116.584562, 32.878323], [-116.584685, 32.88044], [-116.582183, 32.879702], [-116.574937, 32.884509], [-116.580431, 32.898106], [-116.580605, 32.905279], [-116.578816, 32.908087], [-116.574911, 32.909638], [-116.571236, 32.917843], [-116.564216, 32.924884], [-116.562657, 32.930986], [-116.563633, 32.937901], [-116.571466, 32.947381], [-116.578302, 32.948176], [-116.576378, 32.951265], [-116.579133, 32.957765], [-116.580228, 32.96759], [-116.577309, 32.969731], [-116.576897, 32.973428], [-116.578632, 32.976389], [-116.581886, 32.976757], [-116.580794, 32.981689], [-116.582243, 32.984984], [-116.58849, 32.990707], [-116.586825, 32.991838], [-116.576556, 32.990726], [-116.572431, 32.992924], [-116.564514, 33.0024], [-116.563724, 33.007851], [-116.561209, 33.010928]], [[-116.569416, 33.047658], [-116.569702, 33.048887]], [[-116.569416, 33.047658], [-116.569695, 33.048863], [-116.569702, 33.048887]], [[-116.561168, 33.011027], [-116.562558, 33.015955], [-116.56117, 33.022109], [-116.563162, 33.030144], [-116.561458, 33.032443], [-116.563469, 33.035067], [-116.562173, 33.036518], [-116.564178, 33.03887], [-116.567885, 33.03984], [-116.56594, 33.043143], [-116.569416, 33.047658]], [[-116.561209, 33.010928], [-116.561205, 33.010936], [-116.561168, 33.011027]], [[-116.561209, 33.010928], [-116.561168, 33.011027]], [[-116.958701, 33.758517], [-116.958756, 33.75489], [-116.958639, 33.747628], [-116.95864, 33.758403], [-116.958701, 33.758517]]]}}, {"type": "Feature", "properties": {"route_number": "SR-82"}, "geometry": {"type": "MultiLineString", "coordinates": [[[-122.461131, 37.706227], [-122.456452, 37.710741]], [[-122.453816, 37.672146], [-122.462933, 37.681048], [-122.466158, 37.688635], [-122.464371, 37.698041], [-122.462585, 37.704669], [-122.461131, 37.706227]], [[-122.453816, 37.672146], [-122.462732, 37.681188], [-122.465957, 37.688775], [-122.461131, 37.706227]], [[-122.4502, 37.665434], [-122.453816, 37.672146]], [[-122.377931, 37.590924], [-122.381212, 37.592816], [-122.398192, 37.606912], [-122.408704, 37.617489], [-122.413331, 37.623705], [-122.416747, 37.628787], [-122.423726, 37.640546], [-122.433463, 37.654222], [-122.441026, 37.659259], [-122.444512, 37.662797], [-122.448193, 37.663772], [-122.4502, 37.665434]], [[-122.377931, 37.590924], [-122.398116, 37.607065], [-122.408762, 37.617795], [-122.423348, 37.640337], [-122.43324, 37.654269], [-122.44441, 37.662914], [-122.4502, 37.665434]], [[-122.330036, 37.567007], [-122.342237, 37.574315], [-122.354479, 37.577646], [-122.377931, 37.590924]], [[-122.329668, 37.566765], [-122.330036, 37.567007]], [[-122.329668, 37.566765], [-122.330017, 37.566996], [-122.330036, 37.567007]], [[-122.327366, 37.564432], [-122.329668, 37.566765]], [[-121.924211, 37.341672], [-121.933383, 37.344945], [-121.933633, 37.345255], [-121.933772, 37.345891], [-121.93253, 37.348061], [-121.933033, 37.349415], [-121.936653, 37.351345], [-121.938853, 37.353195], [-121.943643, 37.355565], [-121.952385, 37.352529], [-121.954266, 37.352304], [-122.010116, 37.352115], [-122.012953, 37.352525], [-122.015933, 37.354165], [-122.03297, 37.367997], [-122.055333, 37.373485], [-122.069763, 37.378895], [-122.093353, 37.390345], [-122.097323, 37.393615], [-122.109743, 37.399115], [-122.114363, 37.401575], [-122.115813, 37.402465], [-122.119803, 37.405985], [-122.127523, 37.415165], [-122.146845, 37.425546], [-122.171867, 37.446868], [-122.206071, 37.46501], [-122.233061, 37.484476], [-122.266872, 37.512192], [-122.281524, 37.525032], [-122.294709, 37.534422], [-122.301308, 37.540168], [-122.326075, 37.562996], [-122.327366, 37.564432]], [[-121.924112, 37.341746], [-121.933105, 37.344886], [-121.933647, 37.345778], [-121.932394, 37.347944], [-121.932784, 37.349394], [-121.938422, 37.353121], [-121.94378, 37.355758], [-121.953784, 37.352471], [-122.012893, 37.352705], [-122.032633, 37.368055], [-122.056463, 37.373995], [-122.069743, 37.379055], [-122.093273, 37.390485], [-122.097663, 37.393985], [-122.114853, 37.402035], [-122.127913, 37.415685], [-122.146543, 37.425515], [-122.171685, 37.446972], [-122.205814, 37.46503], [-122.232961, 37.484563], [-122.281397, 37.525145], [-122.294571, 37.534526], [-122.327366, 37.564432]]]}}, {"type": "Feature", "properties": {"route_number": "SR-84"}, "geometry": {"type": "MultiLineString", "coordinates": [[[-122.399877, 37.324554], [-122.391841, 37.324864], [-122.378698, 37.331594], [-122.371419, 37.329298], [-122.366719, 37.329756], [-122.363592, 37.327103], [-122.346481, 37.32562], [-122.337154, 37.318994], [-122.332923, 37.318432], [-122.328005, 37.313985], [-122.319813, 37.311824], [-122.295713, 37.31849], [-122.294502, 37.314987], [-122.291157, 37.315235], [-122.289595, 37.312431], [-122.283926, 37.3135], [-122.281785, 37.310887], [-122.277843, 37.310404], [-122.274561, 37.315362], [-122.274619, 37.322216], [-122.27297, 37.324097], [-122.274238, 37.325649], [-122.271154, 37.326993], [-122.269419, 37.329846], [-122.27138, 37.332901], [-122.268917, 37.336378], [-122.272267, 37.344896], [-122.266398, 37.346667], [-122.26429, 37.353253], [-122.266366, 37.356871], [-122.260421, 37.360604], [-122.260356, 37.363409], [-122.263094, 37.365572], [-122.261632, 37.367718], [-122.264062, 37.370054], [-122.262794, 37.371853], [-122.265448, 37.375105], [-122.264378, 37.382229], [-122.267347, 37.385895], [-122.261371, 37.385111], [-122.26383, 37.389144], [-122.261477, 37.390297], [-122.26227, 37.392309], [-122.256538, 37.3932], [-122.258558, 37.398247], [-122.254237, 37.397323], [-122.256126, 37.398383], [-122.256831, 37.401334], [-122.261475, 37.398264], [-122.256503, 37.406137], [-122.269446, 37.420495], [-122.267535, 37.421937], [-122.268405, 37.424037], [-122.266646, 37.425799], [-122.254455, 37.429608], [-122.249472, 37.429424], [-122.244424, 37.434772]], [[-122.244424, 37.434772], [-122.24203, 37.435877], [-122.24131, 37.43638], [-122.236642, 37.441181], [-122.231381, 37.448925], [-122.225413, 37.460975], [-122.221541, 37.477129], [-122.214789, 37.485083], [-122.212804, 37.488936]], [[-122.244424, 37.434772], [-122.236713, 37.441256], [-122.231478, 37.448989], [-122.225553, 37.460988], [-122.221729, 37.477132], [-122.212913, 37.488985]], [[-122.180688, 37.483367], [-122.17954, 37.485436]], [[-122.17954, 37.485436], [-122.178952, 37.486439]], [[-122.17954, 37.485436], [-122.179158, 37.486299], [-122.178952, 37.486439]], [[-122.178952, 37.486439], [-122.158944, 37.482127], [-122.146211, 37.483401], [-122.131415, 37.496878], [-122.128173, 37.499528], [-122.111735, 37.510764], [-122.102723, 37.521984], [-122.093756, 37.529821], [-122.092522, 37.530675], [-122.089778, 37.532006], [-122.072111, 37.536982], [-122.053317, 37.551199], [-122.045308, 37.556309], [-122.038518, 37.563608]], [[-122.178952, 37.486439], [-122.160455, 37.482166], [-122.157925, 37.481987], [-122.149871, 37.482017], [-122.146209, 37.483274], [-122.12999, 37.497975], [-122.111694, 37.510664], [-122.102634, 37.521912], [-122.093692, 37.529733], [-122.072052, 37.536802], [-122.044674, 37.556596], [-122.038476, 37.563514]], [[-122.022895, 37.546718], [-122.022532, 37.547176]], [[-122.022532, 37.547176], [-122.020554, 37.54942]], [[-122.022532, 37.547176], [-122.020672, 37.549476]], [[-121.97156, 37.576604], [-121.964976, 37.581291], [-121.964439, 37.585672], [-121.957832, 37.589299], [-121.95132, 37.597746], [-121.939501, 37.598782], [-121.936019, 37.591023], [-121.931242, 37.593673]], [[-121.931242, 37.593673], [-121.931033, 37.59416]], [[-121.931242, 37.593673], [-121.931041, 37.594145], [-121.931033, 37.59416]], [[-121.931033, 37.59416], [-121.924528, 37.599041], [-121.91569, 37.594261], [-121.903815, 37.595662], [-121.882258, 37.592921], [-121.870864, 37.588878]], [[-121.870504, 37.593147], [-121.86876, 37.594825], [-121.862023, 37.596553]], [[-121.869819, 37.592696], [-121.867983, 37.594782], [-121.862023, 37.596553]], [[-121.862023, 37.596553], [-121.849743, 37.599914]], [[-121.849743, 37.599914], [-121.842465, 37.603671]], [[-121.849743, 37.599914], [-121.847149, 37.602236], [-121.842465, 37.603671]], [[-121.842465, 37.603671], [-121.825776, 37.609571]], [[-121.825776, 37.609571], [-121.822597, 37.610596], [-121.82137, 37.611196], [-121.815097, 37.615248], [-121.812608, 37.617145], [-121.81046, 37.619031], [-121.809748, 37.620055], [-121.808018, 37.624102], [-121.803574, 37.627369], [-121.802455, 37.628604], [-121.801946, 37.629589], [-121.801775, 37.63036], [-121.801878, 37.634178], [-121.799127, 37.636904], [-121.798535, 37.638062], [-121.798532, 37.63999], [-121.799152, 37.642018], [-121.805467, 37.651347], [-121.805252, 37.680058], [-121.805668, 37.687136], [-121.805427, 37.696359], [-121.801548, 37.701196]], [[-121.825776, 37.609571], [-121.810491, 37.619086], [-121.808122, 37.624165], [-121.802547, 37.628636], [-121.801956, 37.634387], [-121.798748, 37.637915], [-121.799302, 37.641974], [-121.804166, 37.647475], [-121.805666, 37.651749], [-121.805907, 37.687322], [-121.805581, 37.696347], [-121.801634, 37.701237]], [[-121.687458, 38.16064], [-121.684103, 38.162333], [-121.679789, 38.169435], [-121.672486, 38.175547], [-121.663297, 38.186755], [-121.658902, 38.186561], [-121.655483, 38.192766], [-121.65553, 38.208919], [-121.661411, 38.21078], [-121.666497, 38.214555], [-121.671639, 38.221513], [-121.673144, 38.227994], [-121.665397, 38.234763], [-121.66461, 38.240144], [-121.658094, 38.244016], [-121.658622, 38.24688], [-121.656536, 38.248783], [-121.655394, 38.253947], [-121.651739, 38.255027], [-121.651383, 38.261522], [-121.640572, 38.267844], [-121.641975, 38.27183], [-121.637564, 38.277497], [-121.643119, 38.281985], [-121.64323, 38.286672], [-121.6448, 38.288627], [-121.630805, 38.291969], [-121.630074, 38.343742], [-121.588121, 38.343233]], [[-121.588121, 38.343233], [-121.584958, 38.342627], [-121.584957, 38.342642]], [[-121.588121, 38.343233], [-121.584957, 38.342642]], [[-121.584957, 38.342642], [-121.58279, 38.397841], [-121.582989, 38.469102], [-121.580519, 38.474703], [-121.582114, 38.5032]]]}}, {"type": "Feature", "properties": {"route_number": "SR-85"}, "geometry": {"type": "MultiLineString", "coordinates": [[[-121.769133, 37.241377], [-121.789217, 37.239326], [-121.792439, 37.239784], [-121.804881, 37.242891], [-121.820828, 37.243368], [-121.824235, 37.244377], [-121.843877, 37.253995], [-121.847819, 37.255076], [-121.873258, 37.255811], [-121.89378, 37.250657], [-121.929813, 37.250578], [-121.952633, 37.254645], [-121.968471, 37.259587], [-122.006203, 37.275905], [-122.019433, 37.285975], [-122.030281, 37.29909], [-122.044703, 37.311585], [-122.049523, 37.320935], [-122.051383, 37.327335], [-122.058193, 37.334745], [-122.059323, 37.336495], [-122.059913, 37.338485], [-122.060063, 37.349875], [-122.062803, 37.357435], [-122.063083, 37.364945], [-122.067543, 37.372945], [-122.067983, 37.374435], [-122.068863, 37.388665], [-122.068433, 37.393685], [-122.069873, 37.400095], [-122.070066, 37.406828], [-122.07335, 37.409586]], [[-121.769153, 37.242003], [-121.788846, 37.239569], [-121.804881, 37.243152], [-121.82071, 37.24365], [-121.843795, 37.254269], [-121.847737, 37.25535], [-121.873141, 37.25611], [-121.893789, 37.250916], [-121.929704, 37.250843], [-121.953053, 37.255025], [-121.969163, 37.260065], [-122.005856, 37.275964], [-122.018923, 37.285875], [-122.030042, 37.299211], [-122.044503, 37.311755], [-122.051583, 37.328155], [-122.059013, 37.336325], [-122.059958, 37.350329], [-122.062683, 37.357515], [-122.062883, 37.364835], [-122.067743, 37.374125], [-122.068273, 37.394205], [-122.06976, 37.407896], [-122.07324, 37.410306]]]}}, {"type": "Feature", "properties": {"route_number": "SR-86"}, "geometry": {"type": "MultiLineString", "coordinates": [[[-115.588947, 32.999227], [-115.59667, 33.009248], [-115.612791, 33.035217], [-115.614905, 33.03685], [-115.678381, 33.037108], [-115.702754, 33.037517], [-115.707097, 33.038315], [-115.710454, 33.039799], [-115.713784, 33.042294], [-115.723612, 33.053588], [-115.731872, 33.064538], [-115.742196, 33.075237], [-115.749481, 33.080034], [-115.760081, 33.08339], [-115.768925, 33.089391], [-115.80061, 33.103433], [-115.828014, 33.106806], [-115.838469, 33.109275], [-115.842934, 33.11188], [-115.85222, 33.120496], [-115.855295, 33.125398], [-115.872668, 33.164702], [-115.874934, 33.167052], [-115.901815, 33.185956], [-115.905086, 33.188892], [-115.907115, 33.192141], [-115.921737, 33.225144], [-115.932427, 33.236413], [-116.015127, 33.347276], [-116.016388, 33.349737], [-116.0222, 33.367851], [-116.027071, 33.376349], [-116.041529, 33.390218], [-116.042756, 33.392016], [-116.049737, 33.416706], [-116.059785, 33.425797], [-116.087167, 33.45258], [-116.089276, 33.455328], [-116.090757, 33.458413], [-116.0915, 33.462547], [-116.091693, 33.500832], [-116.098601, 33.513721], [-116.100301, 33.51954], [-116.10013, 33.545035], [-116.098977, 33.548504], [-116.094872, 33.555486], [-116.0941, 33.563305], [-116.092718, 33.569186], [-116.096033, 33.581374], [-116.096998, 33.593732], [-116.100237, 33.599314], [-116.108888, 33.606772], [-116.118673, 33.618116], [-116.120628, 33.62141], [-116.123441, 33.629123], [-116.138505, 33.649386], [-116.141189, 33.65531], [-116.143491, 33.667071], [-116.14591, 33.671714], [-116.169251, 33.691575], [-116.179031, 33.705765], [-116.194349, 33.718533]], [[-115.588947, 32.999227], [-115.611997, 33.034328], [-115.613307, 33.035949], [-115.614802, 33.036909], [-115.701143, 33.037806], [-115.707819, 33.038967], [-115.714675, 33.04376], [-115.728754, 33.061775], [-115.740105, 33.073738], [-115.748686, 33.080008], [-115.760798, 33.084153], [-115.769301, 33.090024], [-115.798932, 33.103231], [-115.837632, 33.109227], [-115.851853, 33.120524], [-115.872125, 33.164982], [-115.905017, 33.189256], [-115.921796, 33.226035], [-115.931829, 33.236108], [-116.015129, 33.347961], [-116.021933, 33.36798], [-116.027269, 33.377209], [-116.042533, 33.392292], [-116.049628, 33.417064], [-116.088937, 33.455362], [-116.091129, 33.462452], [-116.091369, 33.500974], [-116.099899, 33.519138], [-116.099754, 33.544796], [-116.09457, 33.555083], [-116.092348, 33.568865], [-116.0957, 33.581802], [-116.096658, 33.594087], [-116.10016, 33.59976], [-116.118046, 33.617953], [-116.123119, 33.629293], [-116.138374, 33.649971], [-116.143059, 33.667132], [-116.14557, 33.671899], [-116.168705, 33.691683], [-116.177971, 33.705089], [-116.194004, 33.719237]], [[-115.541647, 32.978615], [-115.553937, 32.978491], [-115.566908, 32.97908], [-115.571722, 32.980143], [-115.574852, 32.981688], [-115.577483, 32.983834], [-115.588947, 32.999227]], [[-115.541647, 32.978615], [-115.572228, 32.980569], [-115.576855, 32.983599], [-115.588947, 32.999227]], [[-115.570313, 32.869184], [-115.570134, 32.947749], [-115.569566, 32.948913], [-115.568585, 32.949789], [-115.55167, 32.95803]], [[-115.570154, 32.869183], [-115.569973, 32.94742], [-115.568553, 32.949593], [-115.55391, 32.955682], [-115.55167, 32.95803]], [[-115.569967, 32.796561], [-115.56999, 32.818472]], [[-115.552524, 32.792842], [-115.552474, 32.794459], [-115.552655, 32.795208], [-115.553281, 32.795983], [-115.554434, 32.796525], [-115.563949, 32.796664], [-115.569967, 32.796561]], [[-115.569967, 32.796561], [-115.569782, 32.818473]], [[-115.552524, 32.792842], [-115.554596, 32.796413], [-115.569967, 32.796561]], [[-115.552357, 32.777992], [-115.552524, 32.792842]], [[-115.55223, 32.771915], [-115.552357, 32.777992]], [[-115.55223, 32.771915], [-115.552122, 32.773903], [-115.552357, 32.777992]], [[-115.500405, 32.730686], [-115.550982, 32.730934], [-115.55223, 32.771915]], [[-115.55167, 32.95803], [-115.544773, 32.969993]], [[-115.544773, 32.969993], [-115.541901, 32.972728], [-115.541686, 32.973115], [-115.541647, 32.978615]], [[-115.544773, 32.969993], [-115.541783, 32.97317], [-115.541647, 32.978615]]]}}, {"type": "Feature", "properties": {"route_number": "SR-88"}, "geometry": {"type": "MultiLineString", "coordinates": [[[-121.250157, 37.98463], [-121.247869, 37.986079]], [[-121.247869, 37.986079], [-121.227771, 37.999115]], [[-121.247869, 37.986079], [-121.246139, 37.987264], [-121.227771, 37.999115]], [[-121.227771, 37.999115], [-121.219328, 38.005408]], [[-121.219328, 38.005408], [-121.21632, 38.008187]], [[-121.219328, 38.005408], [-121.218823, 38.005932], [-121.21632, 38.008187]], [[-121.21632, 38.008187], [-121.187386, 38.034528], [-121.188075, 38.051905]], [[-121.18808, 38.051919], [-121.188958, 38.066719], [-121.181333, 38.091833]], [[-121.181328, 38.091847], [-121.170923, 38.122772], [-121.15674, 38.151734]], [[-121.15674, 38.151734], [-121.152264, 38.161652], [-121.144839, 38.167055]], [[-121.15674, 38.151734], [-121.152213, 38.161854], [-121.144839, 38.167055]], [[-121.144839, 38.167055], [-121.095366, 38.187048]], [[-121.095366, 38.187048], [-121.078456, 38.193672]], [[-121.095366, 38.187048], [-121.089304, 38.190452], [-121.078456, 38.193672]], [[-121.078456, 38.193672], [-121.068164, 38.197835], [-121.067983, 38.214737], [-121.062235, 38.224446], [-121.050156, 38.237196], [-121.037542, 38.256196], [-121.02498, 38.265756], [-120.997898, 38.293018], [-120.978594, 38.306712], [-120.974184, 38.30798]], [[-120.974184, 38.30798], [-120.966355, 38.309179]], [[-120.974184, 38.30798], [-120.97406, 38.307973], [-120.972124, 38.308254], [-120.966591, 38.309092], [-120.966355, 38.309179]], [[-120.966355, 38.309179], [-120.947829, 38.312705], [-120.943733, 38.315322]], [[-120.943733, 38.315322], [-120.940581, 38.317721]], [[-120.943733, 38.315322], [-120.943671, 38.315422], [-120.940581, 38.317721]], [[-120.940581, 38.317721], [-120.936014, 38.320908], [-120.922219, 38.323643], [-120.899874, 38.332454], [-120.896748, 38.337186], [-120.883466, 38.343704], [-120.873463, 38.342557], [-120.861538, 38.344439], [-120.835563, 38.352553], [-120.822071, 38.359461], [-120.807584, 38.360932], [-120.798757, 38.365079], [-120.794756, 38.365313]], [[-120.773155, 38.346856], [-120.770109, 38.350583], [-120.756884, 38.359271], [-120.722102, 38.363498], [-120.711705, 38.370418], [-120.702634, 38.373371], [-120.692843, 38.383005], [-120.686203, 38.385883], [-120.676356, 38.387092]], [[-120.676356, 38.387092], [-120.675319, 38.387622], [-120.674932, 38.388102], [-120.674743, 38.388787], [-120.674974, 38.389719], [-120.675963, 38.391136]], [[-120.676356, 38.387092], [-120.674855, 38.38884], [-120.675963, 38.391136]], [[-120.675963, 38.391136], [-120.678219, 38.393903], [-120.677986, 38.397283], [-120.670563, 38.405611], [-120.667363, 38.412824]], [[-120.667363, 38.412824], [-120.655006, 38.413042], [-120.650195, 38.40766], [-120.649689, 38.407342], [-120.648051, 38.406752], [-120.646805, 38.405879], [-120.645948, 38.405578]], [[-120.667363, 38.412824], [-120.654998, 38.413116], [-120.650134, 38.407717], [-120.648001, 38.40682], [-120.645948, 38.405578]], [[-120.645948, 38.405578], [-120.638512, 38.403219], [-120.633359, 38.399267], [-120.623617, 38.402525]], [[-120.623617, 38.402525], [-120.622642, 38.40363], [-120.619956, 38.408497], [-120.618957, 38.409415]], [[-120.623617, 38.402525], [-120.62003, 38.40859], [-120.618957, 38.409415]], [[-120.618957, 38.409415], [-120.613642, 38.414121]], [[-120.613642, 38.414121], [-120.610836, 38.415072], [-120.607589, 38.417821]], [[-120.613642, 38.414121], [-120.607589, 38.417821]], [[-120.607589, 38.417821], [-120.600758, 38.420416], [-120.596464, 38.42513], [-120.59246, 38.424961], [-120.571945, 38.431691]], [[-120.571945, 38.431691], [-120.569288, 38.432015]], [[-120.571945, 38.431691], [-120.571877, 38.431669], [-120.570895, 38.431766], [-120.569288, 38.432015]], [[-120.569288, 38.432015], [-120.557996, 38.435655], [-120.546999, 38.436178], [-120.543545, 38.438215], [-120.54086, 38.442593], [-120.536056, 38.443245]], [[-120.536056, 38.443245], [-120.530969, 38.445554]], [[-120.536056, 38.443245], [-120.535917, 38.44321], [-120.535427, 38.44331], [-120.533156, 38.444141], [-120.530969, 38.445554]], [[-120.530969, 38.445554], [-120.527582, 38.449696], [-120.531711, 38.45753], [-120.530654, 38.459342], [-120.527279, 38.460064], [-120.527014, 38.47213], [-120.517325, 38.487221], [-120.500991, 38.501748], [-120.491192, 38.506456], [-120.489956, 38.509798], [-120.483237, 38.514198], [-120.47152, 38.515666], [-120.464035, 38.514125], [-120.455963, 38.519257], [-120.447554, 38.522241], [-120.441336, 38.528506], [-120.433708, 38.526707], [-120.42465, 38.530347], [-120.413582, 38.531102], [-120.403576, 38.536843], [-120.396167, 38.539101], [-120.388728, 38.540581], [-120.383722, 38.538657], [-120.380852, 38.542859], [-120.3767, 38.544754], [-120.364109, 38.544328], [-120.35596, 38.547245], [-120.34551, 38.541408], [-120.337501, 38.545463], [-120.318225, 38.543204], [-120.308599, 38.54696]], [[-120.308599, 38.54696], [-120.306556, 38.548002]], [[-120.308599, 38.54696], [-120.308453, 38.547109], [-120.306556, 38.548002]], [[-120.306556, 38.548002], [-120.300725, 38.550144], [-120.297426, 38.556234], [-120.286242, 38.556103], [-120.280348, 38.559129], [-120.273918, 38.558912], [-120.266149, 38.561159], [-120.266225, 38.565801], [-120.259917, 38.577796], [-120.250408, 38.584168], [-120.231905, 38.58743], [-120.229363, 38.594861], [-120.223069, 38.597513], [-120.223245, 38.608393], [-120.22097, 38.616638], [-120.218752, 38.620358], [-120.214152, 38.622643], [-120.21467, 38.626461], [-120.213365, 38.627975], [-120.20627, 38.627864], [-120.201683, 38.624378], [-120.19617, 38.625446], [-120.191215, 38.630799], [-120.178837, 38.633435], [-120.170938, 38.631954], [-120.158777, 38.632652], [-120.146851, 38.638122], [-120.138719, 38.638282], [-120.131341, 38.649395], [-120.13464, 38.65445], [-120.131957, 38.659992], [-120.122577, 38.666766], [-120.116429, 38.679579], [-120.123104, 38.687175], [-120.123975, 38.689968], [-120.122396, 38.694835], [-120.111426, 38.705129], [-120.103397, 38.705689], [-120.080509, 38.699945], [-120.069053, 38.703645], [-120.053833, 38.703635], [-120.047943, 38.708785], [-120.040203, 38.705955], [-120.032533, 38.700465], [-120.027205, 38.699295], [-120.020853, 38.700435], [-120.007633, 38.696475], [-120.003682, 38.69733], [-119.997969, 38.694053], [-119.991021, 38.696313], [-119.986173, 38.693821], [-119.985071, 38.695969], [-119.986186, 38.701605], [-119.973645, 38.704713], [-119.968284, 38.70471], [-119.966418, 38.699529], [-119.963531, 38.69905], [-119.958354, 38.705798], [-119.954044, 38.716814], [-119.954033, 38.734475], [-119.942313, 38.748295], [-119.941663, 38.762815], [-119.933896, 38.77232], [-119.923543, 38.776635], [-119.906273, 38.774485], [-119.884873, 38.777645], [-119.877433, 38.774875], [-119.869373, 38.766775], [-119.855103, 38.763695], [-119.825683, 38.774455], [-119.822083, 38.776875], [-119.819293, 38.782905], [-119.780153, 38.806795], [-119.779028, 38.847123]]]}}, {"type": "Feature", "properties": {"route_number": "SR-89"}, "geometry": {"type": "MultiLineString", "coordinates": [[[-122.298184, 41.287353], [-122.302067, 41.285017]], [[-122.298084, 41.287392], [-122.298184, 41.287353]], [[-122.298084, 41.287392], [-122.298158, 41.287365], [-122.298184, 41.287353]], [[-122.217486, 41.268112], [-122.233571, 41.265329], [-122.241023, 41.269527], [-122.258525, 41.275204], [-122.277172, 41.288493], [-122.298084, 41.287392]], [[-122.210336, 41.270329], [-122.212285, 41.268993], [-122.217486, 41.268112]], [[-122.210336, 41.270329], [-122.217486, 41.268112]], [[-122.143376, 41.254216], [-122.149251, 41.260669], [-122.169734, 41.264496], [-122.180981, 41.269574], [-122.196528, 41.268784], [-122.206765, 41.271694], [-122.210336, 41.270329]], [[-122.141953, 41.253313], [-122.143359, 41.254203], [-122.143376, 41.254216]], [[-122.141953, 41.253313], [-122.143376, 41.254216]], [[-122.121827, 41.251423], [-122.136929, 41.251246], [-122.141953, 41.253313]], [[-121.823838, 41.252616], [-121.857448, 41.266236], [-121.914456, 41.267722], [-121.964238, 41.260594], [-122.121808, 41.251424]], [[-121.822958, 41.25224], [-121.82382, 41.252607], [-121.823838, 41.252616]], [[-121.822958, 41.25224], [-121.823838, 41.252616]], [[-121.629376, 40.996398], [-121.634248, 41.006512], [-121.645952, 41.008626], [-121.649247, 41.01151], [-121.648474, 41.014153], [-121.645946, 41.015449], [-121.631624, 41.016687], [-121.627518, 41.015093], [-121.623218, 41.016173], [-121.621369, 41.018422], [-121.629303, 41.033852], [-121.631415, 41.044169], [-121.646447, 41.06027], [-121.638138, 41.10033], [-121.641088, 41.106367], [-121.639105, 41.111846], [-121.638188, 41.124907], [-121.639571, 41.13624], [-121.641675, 41.139708], [-121.645175, 41.142266], [-121.650825, 41.151549], [-121.665445, 41.162507], [-121.741173, 41.192411], [-121.745167, 41.197017], [-121.753216, 41.201122], [-121.769491, 41.201993], [-121.780296, 41.205007], [-121.793157, 41.219786], [-121.797431, 41.232918], [-121.80407, 41.242549], [-121.808789, 41.246216], [-121.822958, 41.25224]], [[-121.604211, 40.934138], [-121.606643, 40.938065], [-121.607601, 40.940305], [-121.629376, 40.996398]], [[-121.604211, 40.934138], [-121.629376, 40.996398]], [[-121.424614, 40.680641], [-121.418318, 40.694915], [-121.41805, 40.70352], [-121.429001, 40.727247], [-121.432218, 40.729468], [-121.479881, 40.745465], [-121.497686, 40.758808], [-121.506891, 40.792184], [-121.513537, 40.802153], [-121.514106, 40.833221], [-121.523458, 40.844155], [-121.533143, 40.850713], [-121.549572, 40.868598], [-121.563409, 40.879771], [-121.595769, 40.920396], [-121.604211, 40.934138]], [[-121.536006, 40.366279], [-121.531902, 40.374687], [-121.525413, 40.3812], [-121.524199, 40.394071], [-121.524563, 40.39853], [-121.53087, 40.40722], [-121.52995, 40.40967], [-121.531972, 40.41377], [-121.530766, 40.415735], [-121.534255, 40.424146]], [[-120.907047, 40.1107], [-120.906891, 40.118658], [-120.910712, 40.125311], [-120.917789, 40.13047], [-120.917403, 40.134254], [-120.950319, 40.139429], [-120.955101, 40.14194], [-120.954688, 40.160805], [-120.957426, 40.165155], [-120.962526, 40.168263], [-120.977286, 40.173435], [-120.988925, 40.175342], [-120.993287, 40.174203], [-120.996222, 40.175654], [-121.005537, 40.17456], [-121.023299, 40.17552], [-121.035663, 40.171872], [-121.047624, 40.17796], [-121.071436, 40.171997], [-121.086569, 40.172285], [-121.095064, 40.174354], [-121.101494, 40.179387], [-121.102488, 40.181705], [-121.101072, 40.186884], [-121.10333, 40.189301], [-121.127391, 40.196577], [-121.17207, 40.205374], [-121.210089, 40.228134], [-121.223634, 40.239826], [-121.253567, 40.278741]], [[-120.983911, 40.038682], [-120.98239, 40.041977], [-120.976085, 40.041187], [-120.977518, 40.046712], [-120.98102, 40.047984], [-120.980558, 40.050689], [-120.973967, 40.05123], [-120.97076, 40.05563], [-120.963855, 40.054487], [-120.962202, 40.062367], [-120.958435, 40.062833], [-120.949839, 40.067572], [-120.94752, 40.071883], [-120.944051, 40.073981], [-120.934526, 40.078521], [-120.929819, 40.078842], [-120.915812, 40.087692], [-120.909065, 40.099752], [-120.908677, 40.105989]], [[-120.908677, 40.105989], [-120.907047, 40.1107]], [[-120.908677, 40.105989], [-120.907184, 40.110469], [-120.907047, 40.1107]], [[-120.559985, 39.732671], [-120.572239, 39.733366], [-120.579955, 39.740073], [-120.586233, 39.741011], [-120.604827, 39.760111], [-120.617322, 39.764884], [-120.619533, 39.767705], [-120.621697, 39.78108], [-120.620062, 39.784441]], [[-120.556309, 39.733106], [-120.55676, 39.733216], [-120.557603, 39.733191], [-120.559985, 39.732671]], [[-120.556309, 39.733106], [-120.557607, 39.733115], [-120.559331, 39.732697], [-120.559788, 39.732644], [-120.559985, 39.732671]], [[-120.538125, 39.721439], [-120.547326, 39.725336], [-120.550696, 39.730507], [-120.556309, 39.733106]], [[-120.533484, 39.715528], [-120.533768, 39.718284], [-120.538125, 39.721439]], [[-120.533484, 39.715528], [-120.533613, 39.718308], [-120.538125, 39.721439]], [[-120.369024, 39.574886], [-120.370066, 39.577575], [-120.367051, 39.589562], [-120.419075, 39.601322], [-120.421051, 39.603608], [-120.423569, 39.612932], [-120.435045, 39.619416], [-120.436486, 39.63297], [-120.434548, 39.635473], [-120.435046, 39.639771], [-120.43008, 39.645378], [-120.432836, 39.649965], [-120.432859, 39.66373], [-120.439922, 39.672246], [-120.44545, 39.673484], [-120.459407, 39.681866], [-120.468408, 39.685015], [-120.477019, 39.68578], [-120.491678, 39.679637], [-120.497462, 39.680051], [-120.50018, 39.685135], [-120.523579, 39.69727], [-120.531789, 39.707302], [-120.533484, 39.715528]], [[-120.368807, 39.574752], [-120.369024, 39.574886]], [[-120.368807, 39.574752], [-120.368827, 39.574767], [-120.369024, 39.574886]], [[-120.305535, 39.53179], [-120.311872, 39.533857], [-120.314993, 39.539672], [-120.315377, 39.543982], [-120.320069, 39.548157], [-120.335573, 39.556723], [-120.340941, 39.555893], [-120.35318, 39.561426], [-120.357601, 39.566894], [-120.368807, 39.574752]], [[-120.304919, 39.531697], [-120.305535, 39.53179]], [[-120.304919, 39.531697], [-120.305454, 39.531778], [-120.305535, 39.53179]], [[-120.232828, 39.478477], [-120.236501, 39.486059], [-120.248774, 39.495193], [-120.26033, 39.499084], [-120.260912, 39.503093], [-120.264203, 39.505877], [-120.270959, 39.507295], [-120.281537, 39.504788], [-120.285015, 39.509533], [-120.280998, 39.514269], [-120.288165, 39.525268], [-120.292364, 39.529455], [-120.304919, 39.531697]], [[-120.232813, 39.478261], [-120.232828, 39.478477]], [[-120.232813, 39.478261], [-120.232827, 39.478467], [-120.232828, 39.478477]], [[-120.182406, 39.367757], [-120.18165, 39.373083], [-120.183235, 39.384359], [-120.187725, 39.397922], [-120.191164, 39.402359], [-120.191523, 39.406811], [-120.198495, 39.413223], [-120.199245, 39.422166], [-120.205817, 39.435158], [-120.210775, 39.438963], [-120.210984, 39.441921], [-120.215319, 39.448282], [-120.221907, 39.453922], [-120.227085, 39.461524], [-120.231852, 39.47114], [-120.232813, 39.478261]], [[-120.206617, 39.318529], [-120.207409, 39.319463], [-120.207824, 39.320565], [-120.207712, 39.325032]], [[-120.206617, 39.318529], [-120.207588, 39.325038]], [[-120.149329, 39.164107], [-120.165399, 39.163169], [-120.178287, 39.165582], [-120.187263, 39.17117], [-120.195159, 39.182494], [-120.196293, 39.193844], [-120.201573, 39.200115], [-120.198278, 39.209918], [-120.201988, 39.215147], [-120.202044, 39.221634], [-120.205643, 39.228186], [-120.205619, 39.234338], [-120.208935, 39.238892], [-120.211015, 39.246088], [-120.211676, 39.259007], [-120.207114, 39.272883], [-120.20865, 39.287955], [-120.205543, 39.29877], [-120.206087, 39.308302], [-120.203938, 39.314401], [-120.206617, 39.318529]], [[-120.182075, 39.367388], [-120.182085, 39.367397], [-120.182406, 39.367757]], [[-120.182075, 39.367388], [-120.182406, 39.367757]], [[-120.172991, 39.3455], [-120.174506, 39.361214], [-120.182075, 39.367388]], [[-120.173019, 39.345114], [-120.172991, 39.3455]], [[-120.172335, 39.341254], [-120.173019, 39.345114]], [[-120.173019, 39.345114], [-120.172944, 39.345114], [-120.172908, 39.345119], [-120.172825, 39.345159], [-120.172744, 39.345305], [-120.172991, 39.3455]], [[-120.172082, 39.34084], [-120.171952, 39.341144], [-120.172123, 39.341255], [-120.172335, 39.341254]], [[-120.172082, 39.34084], [-120.172335, 39.341254]], [[-120.169945, 39.338817], [-120.172082, 39.34084]], [[-120.169558, 39.338561], [-120.169945, 39.338817]], [[-120.169558, 39.338561], [-120.16992, 39.338802], [-120.169945, 39.338817]], [[-120.168647, 39.337953], [-120.169558, 39.338561]], [[-120.149038, 39.164296], [-120.149329, 39.164107]], [[-120.149044, 39.164064], [-120.149329, 39.164107]], [[-120.149038, 39.164296], [-120.149044, 39.164064]], [[-120.14465, 39.162958], [-120.149044, 39.164064]], [[-120.144358, 39.163089], [-120.145205, 39.167751], [-120.149038, 39.164296]], [[-120.14465, 39.162958], [-120.144358, 39.163089]], [[-120.144461, 39.162755], [-120.14465, 39.162958]], [[-120.144461, 39.162755], [-120.144358, 39.163089]], [[-120.123797, 39.015369], [-120.12657, 39.017689], [-120.123012, 39.021282], [-120.121314, 39.02695], [-120.11631, 39.032191], [-120.119171, 39.035179], [-120.124713, 39.03462], [-120.125979, 39.037364], [-120.118415, 39.047047], [-120.117394, 39.053834], [-120.123489, 39.063104], [-120.128873, 39.067786], [-120.13714, 39.069091], [-120.156118, 39.078422], [-120.164067, 39.09428], [-120.163074, 39.103685], [-120.158031, 39.113588], [-120.16274, 39.125815], [-120.154707, 39.136878], [-120.154148, 39.14416], [-120.14576, 39.149179], [-120.144461, 39.162755]], [[-120.123739, 39.015243], [-120.123797, 39.015366], [-120.123797, 39.015369]], [[-120.123739, 39.015243], [-120.123797, 39.015369]], [[-120.116678, 39.010642], [-120.119351, 39.014262], [-120.123739, 39.015243]], [[-120.116584, 39.010336], [-120.116678, 39.010642]], [[-120.116584, 39.010336], [-120.116586, 39.010345], [-120.116678, 39.010642]], [[-120.024478, 38.922457], [-120.029817, 38.925957], [-120.031041, 38.930501], [-120.034859, 38.933062], [-120.042364, 38.934564], [-120.054237, 38.932954], [-120.066798, 38.935005], [-120.077431, 38.933674], [-120.079173, 38.939109], [-120.077596, 38.947499], [-120.078869, 38.949447], [-120.081225, 38.94816], [-120.085319, 38.949854], [-120.088338, 38.94889], [-120.084361, 38.951511], [-120.087901, 38.951454], [-120.097308, 38.946169], [-120.102798, 38.945718], [-120.110283, 38.949643], [-120.111833, 38.953678], [-120.0993, 38.963279], [-120.097561, 38.968206], [-120.098662, 38.973263], [-120.108292, 38.984101], [-120.107856, 38.987226], [-120.110674, 38.990486], [-120.108619, 38.994931], [-120.11344, 39.003468], [-120.117232, 39.006927], [-120.116584, 39.010336]], [[-120.024478, 38.922457], [-120.014457, 38.920133], [-120.00462, 38.913488], [-120.014314, 38.920214], [-120.024478, 38.922457]], [[-119.918937, 38.776376], [-119.920167, 38.790695], [-119.923557, 38.793375], [-119.928887, 38.793285], [-119.943436, 38.787105], [-119.954486, 38.793233], [-119.967665, 38.797142], [-119.984239, 38.796768], [-119.996049, 38.793603], [-120.002428, 38.786623], [-120.008006, 38.786879], [-120.0109, 38.792451], [-120.008893, 38.800913], [-120.010204, 38.806573], [-120.018399, 38.818758], [-120.017302, 38.837541], [-120.019004, 38.846227], [-120.022297, 38.850855]], [[-119.527607, 38.642662], [-119.53288, 38.641937], [-119.537549, 38.643274], [-119.541614, 38.641439], [-119.544068, 38.643027], [-119.548681, 38.641133], [-119.55729, 38.643082], [-119.561091, 38.646826], [-119.566948, 38.648111], [-119.580177, 38.655107], [-119.597048, 38.655403], [-119.585895, 38.660533], [-119.591844, 38.660091], [-119.595947, 38.661697], [-119.594257, 38.664144], [-119.590995, 38.663993], [-119.585783, 38.667277], [-119.584713, 38.670233], [-119.587887, 38.672656], [-119.592562, 38.680361], [-119.595087, 38.681351], [-119.597786, 38.680713], [-119.605647, 38.67397], [-119.614507, 38.674322], [-119.620056, 38.676362], [-119.632734, 38.66722], [-119.638596, 38.666165], [-119.640266, 38.664225], [-119.652016, 38.669615], [-119.656336, 38.673465], [-119.660546, 38.671095], [-119.664216, 38.672155], [-119.667356, 38.667885], [-119.667486, 38.664695], [-119.664366, 38.658075], [-119.665406, 38.656695], [-119.67012, 38.65805], [-119.6737, 38.655477], [-119.676081, 38.655834], [-119.693076, 38.665855], [-119.707843, 38.665151], [-119.722262, 38.659155], [-119.72644, 38.660523], [-119.726716, 38.664325], [-119.728866, 38.666365], [-119.728419, 38.668962], [-119.735277, 38.675755], [-119.743329, 38.679367], [-119.749204, 38.679809], [-119.757177, 38.689467], [-119.766226, 38.69], [-119.77054, 38.698696], [-119.772515, 38.698463], [-119.77502, 38.693741], [-119.778861, 38.693666], [-119.785096, 38.700685], [-119.789376, 38.702545], [-119.790466, 38.711065], [-119.793166, 38.716125], [-119.810556, 38.737525], [-119.811066, 38.743005], [-119.815856, 38.752385], [-119.815486, 38.765775], [-119.818449, 38.77259], [-119.823775, 38.775614]]]}}, {"type": "Feature", "properties": {"route_number": "SR-9"}, "geometry": {"type": "MultiLineString", "coordinates": [[[-122.152973, 37.220118], [-122.153826, 37.22239], [-122.152131, 37.225173], [-122.147286, 37.224752], [-122.149377, 37.227274], [-122.147825, 37.229087], [-122.149022, 37.231358], [-122.145455, 37.23518], [-122.149968, 37.239967], [-122.154088, 37.241675], [-122.15431, 37.243532], [-122.151197, 37.245267], [-122.153767, 37.249062], [-122.142212, 37.244644], [-122.139463, 37.246245], [-122.132913, 37.255292], [-122.126466, 37.25547], [-122.121512, 37.258582], [-122.116015, 37.256311], [-122.112733, 37.260394], [-122.109605, 37.260683], [-122.110848, 37.257698], [-122.109324, 37.255868], [-122.10336, 37.259891], [-122.099144, 37.259516], [-122.10235, 37.262122], [-122.092045, 37.257401], [-122.083063, 37.249945], [-122.074464, 37.247551], [-122.068403, 37.248593], [-122.067105, 37.251668], [-122.062228, 37.251853]], [[-122.152848, 37.220012], [-122.152973, 37.220118]], [[-122.152848, 37.220012], [-122.152852, 37.220016], [-122.152973, 37.220118]], [[-122.145795, 37.195948], [-122.147051, 37.200574], [-122.143427, 37.209951], [-122.147512, 37.214412], [-122.149644, 37.210095], [-122.15667, 37.211596], [-122.155074, 37.215401], [-122.152249, 37.216727], [-122.152848, 37.220012]], [[-122.145751, 37.195826], [-122.145795, 37.195948]], [[-122.145751, 37.195826], [-122.145764, 37.195866], [-122.145795, 37.195948]], [[-122.091928, 37.089416], [-122.096013, 37.091966], [-122.097825, 37.098196], [-122.103863, 37.10177], [-122.107743, 37.107627], [-122.11374, 37.108033], [-122.114768, 37.112378], [-122.120267, 37.115631], [-122.123395, 37.129932], [-122.136652, 37.150464], [-122.133323, 37.155396], [-122.134625, 37.16404], [-122.145751, 37.195826]], [[-122.088988, 37.089514], [-122.091928, 37.089416]], [[-122.088988, 37.089514], [-122.089809, 37.089816], [-122.091928, 37.089416]], [[-122.08962, 37.085589], [-122.088896, 37.086793]], [[-122.08959, 37.085489], [-122.08962, 37.085584], [-122.08962, 37.085589]], [[-122.08959, 37.085489], [-122.08962, 37.085589]], [[-122.079326, 37.05941], [-122.079853, 37.066731], [-122.084233, 37.070079], [-122.083245, 37.078869], [-122.08959, 37.085489]], [[-122.088803, 37.086972], [-122.088988, 37.089514]], [[-122.088896, 37.086793], [-122.088805, 37.086966], [-122.088803, 37.086972]], [[-122.088896, 37.086793], [-122.088803, 37.086972]], [[-122.079115, 37.059121], [-122.07912, 37.059126], [-122.079326, 37.05941]], [[-122.079115, 37.059121], [-122.079326, 37.05941]], [[-122.065174, 37.031812], [-122.062739, 37.033], [-122.07217, 37.04106], [-122.073444, 37.053533], [-122.079115, 37.059121]], [[-122.06522, 37.031742], [-122.065174, 37.031812]], [[-122.06522, 37.031742], [-122.065179, 37.031807], [-122.065174, 37.031812]], [[-122.029815, 36.984497], [-122.030455, 36.988335], [-122.037346, 36.996682], [-122.03945, 37.003357], [-122.043306, 37.006648], [-122.048885, 37.008498], [-122.049984, 37.010985], [-122.062177, 37.014966], [-122.06344, 37.019207], [-122.059469, 37.024512], [-122.058823, 37.029834], [-122.06522, 37.031742]], [[-122.062228, 37.251853], [-122.061994, 37.251878], [-122.061989, 37.251881]], [[-122.062228, 37.251853], [-122.061989, 37.251881]], [[-122.061989, 37.251881], [-122.057666, 37.25245], [-122.053374, 37.250981], [-122.043337, 37.252864], [-122.038403, 37.254355], [-122.031935, 37.259297], [-122.027587, 37.255107]], [[-122.027587, 37.255107], [-122.019063, 37.249542]], [[-122.027587, 37.255107], [-122.022361, 37.252248], [-122.019063, 37.249542]], [[-122.019063, 37.249542], [-122.014811, 37.246507]], [[-122.014811, 37.246507], [-122.013173, 37.245405], [-122.007053, 37.242625], [-121.997073, 37.239975], [-121.990003, 37.234385], [-121.979403, 37.227995], [-121.975098, 37.226566]], [[-122.014811, 37.246507], [-121.997623, 37.240405], [-121.989883, 37.234469], [-121.975067, 37.22665]]]}}, {"type": "Feature", "properties": {"route_number": "SR-905"}, "geometry": {"type": "MultiLineString", "coordinates": [[[-117.079134, 32.564419], [-117.077464, 32.564118]], [[-117.077464, 32.564118], [-117.064781, 32.568492], [-117.023987, 32.568936], [-117.021069, 32.5686], [-117.013226, 32.566239], [-117.003355, 32.566445], [-116.996584, 32.564376], [-116.98923, 32.565114], [-116.951824, 32.564261], [-116.94792, 32.563245], [-116.944581, 32.560951], [-116.939535, 32.555159], [-116.938235, 32.550261]], [[-117.077464, 32.564118], [-117.075431, 32.564115], [-117.064299, 32.568171], [-117.023867, 32.568632], [-117.013814, 32.566021], [-117.003957, 32.566248], [-116.996316, 32.564083], [-116.951884, 32.563975], [-116.944557, 32.560485], [-116.939778, 32.555044], [-116.939008, 32.550195]]]}}, {"type": "Feature", "properties": {"route_number": "SR-91"}, "geometry": {"type": "MultiLineString", "coordinates": [[[-118.290903, 33.872679], [-118.270929, 33.872521], [-118.223847, 33.873917], [-118.201506, 33.872531], [-118.198233, 33.873216], [-118.188405, 33.876737], [-118.173876, 33.876795], [-118.16809, 33.876005], [-118.161177, 33.875961], [-118.135485, 33.87711], [-118.128964, 33.876072], [-118.068554, 33.876419], [-118.062843, 33.87479], [-118.048211, 33.86503], [-118.045132, 33.863323], [-118.030092, 33.857115], [-118.02584, 33.856002], [-117.987272, 33.856071], [-117.976447, 33.856949], [-117.966086, 33.854009], [-117.964087, 33.853766], [-117.913568, 33.853642], [-117.888896, 33.854142], [-117.870469, 33.847263], [-117.864745, 33.846231], [-117.860602, 33.846573], [-117.839714, 33.851389], [-117.836739, 33.850529], [-117.829057, 33.844788], [-117.826709, 33.844071], [-117.819013, 33.84697], [-117.810032, 33.853594], [-117.789124, 33.854539], [-117.758171, 33.868662], [-117.738594, 33.87084], [-117.724806, 33.867126], [-117.714197, 33.866227], [-117.71113, 33.866898], [-117.697632, 33.873025], [-117.693992, 33.873645], [-117.680422, 33.869245], [-117.675252, 33.868785], [-117.672818, 33.869197], [-117.665619, 33.871902], [-117.655073, 33.879793], [-117.634866, 33.884668], [-117.621197, 33.881672], [-117.607329, 33.879913], [-117.604331, 33.87998], [-117.588036, 33.882305], [-117.556853, 33.879183], [-117.541365, 33.883097], [-117.526275, 33.88388], [-117.521675, 33.884644], [-117.495044, 33.896798], [-117.491188, 33.897374], [-117.483698, 33.896654], [-117.4803, 33.897015], [-117.462967, 33.902978], [-117.460511, 33.90415], [-117.397408, 33.940026], [-117.387161, 33.947508], [-117.386338, 33.948555], [-117.384154, 33.953042], [-117.379843, 33.956573], [-117.37867, 33.957866], [-117.377609, 33.960473], [-117.376868, 33.967779], [-117.372335, 33.975063], [-117.370857, 33.978995], [-117.359288, 33.990179], [-117.355832, 33.995337]], [[-118.290901, 33.872877], [-118.224526, 33.874129], [-118.201723, 33.872793], [-118.188422, 33.876886], [-118.173493, 33.876953], [-118.167673, 33.876065], [-118.135318, 33.87731], [-118.068565, 33.876533], [-118.062762, 33.874898], [-118.046571, 33.864172], [-118.026547, 33.856288], [-117.986581, 33.856312], [-117.978768, 33.858144], [-117.964528, 33.853906], [-117.888034, 33.854325], [-117.865147, 33.846476], [-117.839818, 33.851573], [-117.837065, 33.850881], [-117.826873, 33.84456], [-117.819219, 33.847207], [-117.809298, 33.854196], [-117.789359, 33.854782], [-117.76038, 33.868639], [-117.741583, 33.871273], [-117.735942, 33.87111], [-117.72439, 33.867363], [-117.714452, 33.866503], [-117.697009, 33.873635], [-117.692969, 33.874165], [-117.68088, 33.869609], [-117.674147, 33.869183], [-117.665886, 33.871999], [-117.655297, 33.879971], [-117.634413, 33.8849], [-117.607165, 33.880029], [-117.588047, 33.882477], [-117.555879, 33.879536], [-117.543185, 33.882973], [-117.521946, 33.884769], [-117.495843, 33.896741], [-117.490896, 33.897517], [-117.48075, 33.897095], [-117.462591, 33.903323], [-117.398722, 33.939436], [-117.387842, 33.947093], [-117.384228, 33.953225], [-117.379155, 33.957519], [-117.377048, 33.967757], [-117.371069, 33.97892], [-117.359122, 33.990849], [-117.353436, 33.999311]]]}}, {"type": "Feature", "properties": {"route_number": "SR-92"}, "geometry": {"type": "MultiLineString", "coordinates": [[[-122.433431, 37.467983], [-122.423888, 37.469614], [-122.41483, 37.478044], [-122.404486, 37.480911], [-122.39712, 37.486666], [-122.385629, 37.492419], [-122.378396, 37.493135], [-122.370832, 37.485814], [-122.370059, 37.494786], [-122.367499, 37.496328], [-122.363554, 37.495845], [-122.359977, 37.497841], [-122.359923, 37.499964], [-122.356942, 37.500108], [-122.357788, 37.506859], [-122.351302, 37.509882]], [[-122.351302, 37.509882], [-122.349791, 37.511811]], [[-122.351302, 37.509882], [-122.350564, 37.511217], [-122.349791, 37.511811]], [[-122.349791, 37.511811], [-122.346962, 37.511832], [-122.341328, 37.506981]], [[-122.341328, 37.506981], [-122.335912, 37.508089], [-122.329255, 37.513984], [-122.329143, 37.516572], [-122.332129, 37.521551], [-122.332589, 37.523337], [-122.332501, 37.524376], [-122.329215, 37.534769], [-122.329991, 37.540293], [-122.329777, 37.541891], [-122.328607, 37.543572], [-122.324748, 37.546487], [-122.308525, 37.55243], [-122.293, 37.553855], [-122.285273, 37.556504], [-122.273298, 37.563962], [-122.25259, 37.58303], [-122.24532, 37.589454], [-122.243197, 37.59076], [-122.149075, 37.618912], [-122.100261, 37.636265], [-122.09751, 37.638505], [-122.09138, 37.649762]], [[-122.341328, 37.506981], [-122.339726, 37.50688], [-122.338247, 37.507067], [-122.335432, 37.508129], [-122.329115, 37.513956], [-122.329, 37.516644], [-122.332319, 37.524721], [-122.329107, 37.534436], [-122.329728, 37.541659], [-122.324551, 37.546455], [-122.308399, 37.55221], [-122.295929, 37.55297], [-122.289989, 37.55438], [-122.285087, 37.556373], [-122.272169, 37.564597], [-122.242736, 37.590834], [-122.152167, 37.617631], [-122.099852, 37.636283], [-122.09727, 37.638619], [-122.091205, 37.64969]]]}}, {"type": "Feature", "properties": {"route_number": "SR-94"}, "geometry": {"type": "MultiLineString", "coordinates": [[[-117.147679, 32.71369], [-117.131121, 32.713533], [-117.119117, 32.716969], [-117.111532, 32.718226], [-117.106775, 32.718395], [-117.103248, 32.719161], [-117.095723, 32.719141], [-117.091726, 32.717996], [-117.084089, 32.718335], [-117.072052, 32.726886], [-117.060802, 32.73226], [-117.052105, 32.741043], [-117.047269, 32.744562], [-117.027439, 32.747188], [-117.020498, 32.747138], [-117.010735, 32.753973], [-117.007564, 32.753616], [-116.985057, 32.744951], [-116.959045, 32.745777], [-116.957556, 32.745395], [-116.956614, 32.744877], [-116.951364, 32.739955], [-116.942529, 32.739603]], [[-117.147673, 32.712776], [-117.131126, 32.713349], [-117.103156, 32.718926], [-117.092104, 32.717822], [-117.084948, 32.717904], [-117.082454, 32.718923], [-117.071128, 32.727211], [-117.060654, 32.732112], [-117.047249, 32.744176], [-117.020098, 32.746896], [-117.013248, 32.751425]], [[-117.013236, 32.751436], [-117.007973, 32.753353], [-116.984079, 32.744501], [-116.958866, 32.745645], [-116.95176, 32.739923], [-116.942529, 32.739603]], [[-116.942529, 32.739603], [-116.939596, 32.731984], [-116.929196, 32.728662]], [[-116.929196, 32.728662], [-116.925899, 32.72805]], [[-116.929196, 32.728662], [-116.926004, 32.728036], [-116.925899, 32.72805]], [[-116.925899, 32.72805], [-116.925165, 32.727892]], [[-116.925165, 32.727892], [-116.915996, 32.72525], [-116.907195, 32.728511], [-116.905994, 32.72862], [-116.905094, 32.728476], [-116.904096, 32.728193]], [[-116.925165, 32.727892], [-116.916002, 32.725177], [-116.904096, 32.728193]], [[-116.904096, 32.728193], [-116.896135, 32.729191], [-116.891619, 32.723434], [-116.880814, 32.7204]], [[-116.880814, 32.7204], [-116.88021, 32.719834], [-116.879175, 32.719191]], [[-116.880814, 32.7204], [-116.879175, 32.719191]], [[-116.879175, 32.719191], [-116.871021, 32.714278]], [[-116.871021, 32.714278], [-116.871016, 32.707787], [-116.871, 32.707608], [-116.869482, 32.705095], [-116.850019, 32.686109], [-116.841427, 32.682632], [-116.834066, 32.672068], [-116.825998, 32.670356], [-116.820363, 32.664403], [-116.813581, 32.663209], [-116.806588, 32.654577], [-116.800617, 32.652912], [-116.796165, 32.654516], [-116.7893, 32.653139], [-116.785816, 32.646267], [-116.765912, 32.637652], [-116.763904, 32.632378], [-116.764623, 32.621787], [-116.758593, 32.621595], [-116.753033, 32.624345], [-116.737544, 32.61668], [-116.728024, 32.619083], [-116.726611, 32.615976], [-116.718585, 32.615569], [-116.702945, 32.610552], [-116.696453, 32.60495], [-116.682749, 32.600184], [-116.679967, 32.597333], [-116.665978, 32.593337], [-116.659094, 32.596699], [-116.643793, 32.597648], [-116.642259, 32.601062], [-116.633669, 32.60141], [-116.633041, 32.605684], [-116.63113, 32.608375], [-116.62869, 32.608721], [-116.599565, 32.601366], [-116.529189, 32.595276], [-116.526949, 32.591342], [-116.518769, 32.588624], [-116.51196, 32.591031], [-116.504046, 32.598498], [-116.496548, 32.598924], [-116.49188, 32.600379], [-116.486527, 32.604556], [-116.474755, 32.607409], [-116.475996, 32.621399], [-116.473847, 32.62744], [-116.471112, 32.629345], [-116.436848, 32.630576], [-116.433753, 32.632064], [-116.431599, 32.639326], [-116.426415, 32.642776], [-116.41086, 32.642547], [-116.408496, 32.648705], [-116.403999, 32.647426], [-116.40233, 32.649589], [-116.397173, 32.649975], [-116.396751, 32.652434], [-116.385034, 32.651955], [-116.37897, 32.649608], [-116.369018, 32.64945], [-116.359471, 32.646733], [-116.349591, 32.654436], [-116.343895, 32.662204], [-116.33499, 32.663206], [-116.328338, 32.662142], [-116.322621, 32.664902], [-116.290123, 32.669121], [-116.291295, 32.677103]], [[-116.871021, 32.714278], [-116.87102, 32.713924]]]}}, {"type": "Feature", "properties": {"route_number": "SR-99"}, "geometry": {"type": "MultiLineString", "coordinates": [[[-122.124108, 40.132855], [-122.155961, 40.166652], [-122.162291, 40.169661], [-122.175663, 40.183634], [-122.186051, 40.185704]], [[-122.121289, 40.125306], [-122.124108, 40.132855]], [[-122.121289, 40.125306], [-122.123568, 40.131898], [-122.124108, 40.132855]], [[-122.117176, 40.114085], [-122.121289, 40.125306]], [[-122.116982, 40.113842], [-122.116998, 40.11386], [-122.117176, 40.114085]], [[-122.116982, 40.113842], [-122.117176, 40.114085]], [[-122.114153, 40.111452], [-122.116982, 40.113842]], [[-122.106929, 40.104527], [-122.114153, 40.111452]], [[-122.106929, 40.104527], [-122.107968, 40.105782], [-122.114153, 40.111452]], [[-122.100711, 40.049321], [-122.100635, 40.091534], [-122.103145, 40.099464], [-122.106929, 40.104527]], [[-122.100581, 40.047841], [-122.100711, 40.049321]], [[-122.100581, 40.047841], [-122.100565, 40.047897], [-122.100711, 40.049321]], [[-122.100213, 40.043396], [-122.100581, 40.047841]], [[-122.100131, 40.04246], [-122.100213, 40.043396]], [[-122.100131, 40.04246], [-122.100165, 40.043321], [-122.100213, 40.043396]], [[-122.099904, 40.028153], [-122.100131, 40.04246]], [[-122.099641, 40.020153], [-122.099886, 40.021014], [-122.099904, 40.028153]], [[-122.099641, 40.020153], [-122.099904, 40.028153]], [[-121.891444, 39.790347], [-121.900003, 39.794214], [-121.907478, 39.803909], [-121.916034, 39.811306], [-121.955293, 39.858658], [-121.966335, 39.869857], [-121.971657, 39.879599], [-122.037424, 39.935617], [-122.045883, 39.939842], [-122.052516, 39.945964], [-122.060937, 39.958771], [-122.069102, 39.961148], [-122.099641, 40.020153]], [[-121.690847, 39.609274], [-121.693068, 39.620003], [-121.697018, 39.625266], [-121.736752, 39.660123], [-121.759743, 39.677742], [-121.79915, 39.712889], [-121.814804, 39.732702], [-121.838882, 39.750531], [-121.855975, 39.76028], [-121.886884, 39.785298], [-121.889248, 39.787634], [-121.891444, 39.790347]], [[-121.690847, 39.609274], [-121.692632, 39.619961], [-121.695597, 39.625669], [-121.73812, 39.66158], [-121.759101, 39.67749], [-121.798918, 39.712988], [-121.814507, 39.732786], [-121.837669, 39.750011], [-121.855538, 39.760231], [-121.891444, 39.790347]], [[-121.688471, 39.466511], [-121.688817, 39.585667], [-121.690847, 39.609274]], [[-121.688423, 39.463358], [-121.688471, 39.466511]], [[-121.688423, 39.463358], [-121.688382, 39.463538], [-121.688471, 39.466511]], [[-121.688349, 39.451528], [-121.688423, 39.463358]], [[-121.688316, 39.448192], [-121.688349, 39.451528]], [[-121.688316, 39.448192], [-121.688321, 39.451413], [-121.688349, 39.451528]], [[-121.688014, 39.405186], [-121.688316, 39.448192]], [[-121.688047, 39.399446], [-121.68801, 39.402492]], [[-121.688025, 39.396381], [-121.688047, 39.399446]], [[-121.688025, 39.396381], [-121.687967, 39.396491], [-121.688047, 39.399446]], [[-121.688022, 39.393569], [-121.688025, 39.396381]], [[-121.688009, 39.391917], [-121.688022, 39.393569]], [[-121.688009, 39.391917], [-121.687996, 39.393472], [-121.688022, 39.393569]], [[-121.68801, 39.402492], [-121.688014, 39.405186]], [[-121.68801, 39.402492], [-121.68797, 39.402548], [-121.688014, 39.405186]], [[-121.687902, 39.371751], [-121.688009, 39.391917]], [[-121.687937, 39.369634], [-121.687902, 39.371751]], [[-121.687937, 39.369634], [-121.687956, 39.371657], [-121.687902, 39.371751]], [[-121.68793, 39.367193], [-121.687937, 39.369634]], [[-121.687924, 39.366732], [-121.68793, 39.367193]], [[-121.687924, 39.366732], [-121.687894, 39.367131], [-121.68793, 39.367193]], [[-121.687924, 39.363188], [-121.687924, 39.366732]], [[-121.687802, 39.34823], [-121.688008, 39.354371], [-121.687924, 39.363188]], [[-121.687802, 39.34823], [-121.687924, 39.363188]], [[-121.686683, 39.34347], [-121.687802, 39.34823]], [[-121.685159, 39.340107], [-121.686683, 39.34347]], [[-121.685159, 39.340107], [-121.68516, 39.340258], [-121.686683, 39.34347]], [[-121.663288, 39.286284], [-121.668289, 39.293433], [-121.685159, 39.340107]], [[-121.659568, 39.27001], [-121.660352, 39.27195], [-121.66134, 39.276104], [-121.661437, 39.282981], [-121.663288, 39.286284]], [[-121.659568, 39.27001], [-121.661342, 39.282981], [-121.663288, 39.286284]], [[-121.637322, 39.207216], [-121.641978, 39.215467], [-121.641108, 39.220216], [-121.659568, 39.27001]], [[-121.634748, 39.025438], [-121.634792, 39.043084], [-121.633477, 39.047592], [-121.633483, 39.070314], [-121.634771, 39.074099], [-121.634966, 39.075378], [-121.635618, 39.151651], [-121.634945, 39.197797], [-121.637322, 39.207216]], [[-121.634748, 39.025438], [-121.634631, 39.043446], [-121.633355, 39.047607], [-121.633367, 39.070577], [-121.634842, 39.075189], [-121.634616, 39.197867], [-121.637322, 39.207216]], [[-121.634772, 39.009868], [-121.634748, 39.025438]], [[-121.605828, 38.916417], [-121.606368, 38.91733], [-121.60672, 38.918621], [-121.607203, 38.970312], [-121.633948, 39.006843], [-121.634772, 39.009868]], [[-121.605828, 38.916417], [-121.607037, 38.970309], [-121.634772, 39.009868]], [[-121.594077, 38.908357], [-121.605828, 38.916417]], [[-121.54016, 38.667399], [-121.540439, 38.747933], [-121.540751, 38.750515], [-121.543061, 38.75625], [-121.543665, 38.759428], [-121.544085, 38.851085], [-121.546085, 38.855518], [-121.570298, 38.885353], [-121.594077, 38.908357]], [[-121.53921, 38.667409], [-121.540165, 38.748577], [-121.543413, 38.75961], [-121.543774, 38.850882], [-121.545937, 38.85569], [-121.570172, 38.885404], [-121.594077, 38.908357]], [[-118.952681, 35.009281], [-119.004908, 35.174364], [-119.014775, 35.235053], [-119.039537, 35.329964], [-119.039615, 35.361381], [-119.040322, 35.364559], [-119.043689, 35.372287], [-119.044439, 35.375109], [-119.04562, 35.402845], [-119.058995, 35.415845], [-119.063383, 35.424782], [-119.069552, 35.428171], [-119.084697, 35.441596], [-119.094056, 35.446512], [-119.173405, 35.50657], [-119.180052, 35.513276], [-119.185333, 35.52018], [-119.188164, 35.524878], [-119.192673, 35.535318], [-119.196896, 35.55252], [-119.197498, 35.558488], [-119.199656, 35.564088], [-119.204418, 35.584276], [-119.204829, 35.588168], [-119.210037, 35.596146], [-119.21182, 35.603871], [-119.212394, 35.614398], [-119.220768, 35.646688], [-119.221449, 35.652978], [-119.237392, 35.71808], [-119.242375, 35.742887], [-119.248175, 35.757014], [-119.252994, 35.777616], [-119.253388, 35.779938], [-119.25326, 35.781424], [-119.250526, 35.789388], [-119.253586, 35.794662], [-119.25856, 35.816016], [-119.260878, 35.835277], [-119.264891, 35.843534], [-119.270727, 35.868659], [-119.270941, 35.878886], [-119.273768, 35.891025], [-119.277243, 35.897786], [-119.281389, 35.914932], [-119.282189, 35.919182], [-119.282255, 35.928304], [-119.286518, 35.937451], [-119.28748, 35.941285], [-119.291136, 35.957465], [-119.290565, 35.963331], [-119.292204, 35.97087], [-119.295375, 35.976224], [-119.299969, 35.995581], [-119.311307, 36.045484], [-119.311501, 36.04821], [-119.311042, 36.053897], [-119.312941, 36.062459], [-119.317553, 36.073121], [-119.321949, 36.092354], [-119.326042, 36.133801], [-119.333291, 36.158988], [-119.328735, 36.180923], [-119.328671, 36.210458], [-119.330144, 36.217509], [-119.35981, 36.258429], [-119.392517, 36.308764], [-119.396008, 36.316396], [-119.404673, 36.323372], [-119.426209, 36.349194], [-119.427884, 36.352668], [-119.430682, 36.364983], [-119.481742, 36.442425], [-119.490604, 36.452038], [-119.491927, 36.454806], [-119.493781, 36.460589], [-119.506994, 36.480631], [-119.511944, 36.485934], [-119.538711, 36.500377], [-119.550162, 36.508089], [-119.610592, 36.559119], [-119.733013, 36.670791], [-119.763978, 36.69652], [-119.806307, 36.737377], [-119.817095, 36.741728], [-119.8191, 36.743107], [-119.827052, 36.752829], [-119.839604, 36.772865], [-119.857162, 36.789027], [-119.863019, 36.791893], [-119.888507, 36.809077], [-119.92824, 36.840585], [-119.943111, 36.848465], [-119.946137, 36.850531], [-119.951098, 36.856304], [-119.976817, 36.880076], [-120.016234, 36.919106], [-120.021773, 36.923362], [-120.043512, 36.945353], [-120.046225, 36.947573], [-120.055515, 36.952849], [-120.058157, 36.954962], [-120.069812, 36.96622], [-120.07334, 36.971951], [-120.082512, 36.979623], [-120.086518, 36.984335], [-120.102253, 36.996183], [-120.10729, 37.001369], [-120.129125, 37.018244], [-120.146911, 37.033903], [-120.157755, 37.041409], [-120.175426, 37.05721], [-120.183615, 37.063032], [-120.206428, 37.082017], [-120.21163, 37.085381], [-120.213083, 37.087518], [-120.21532, 37.096442], [-120.218595, 37.100819], [-120.252473, 37.126877], [-120.272644, 37.140777], [-120.278909, 37.143276], [-120.281267, 37.144782], [-120.302507, 37.162401], [-120.312055, 37.172618], [-120.330273, 37.187836], [-120.344828, 37.197963], [-120.362507, 37.212296], [-120.366941, 37.216435], [-120.374464, 37.224967], [-120.390262, 37.233956], [-120.430828, 37.266911], [-120.437689, 37.274751], [-120.445303, 37.278753], [-120.452096, 37.283976], [-120.45737, 37.288891], [-120.468926, 37.295152], [-120.471195, 37.295609], [-120.477596, 37.295101], [-120.480112, 37.295541], [-120.507089, 37.305463], [-120.508802, 37.306581], [-120.513458, 37.311527], [-120.51549, 37.31271], [-120.520401, 37.313445], [-120.523049, 37.314271], [-120.56042, 37.327926], [-120.568669, 37.332326], [-120.577051, 37.334019], [-120.583693, 37.336578], [-120.58962, 37.33998], [-120.598612, 37.339893], [-120.6009, 37.340143], [-120.602865, 37.340707], [-120.619613, 37.346962], [-120.621521, 37.348273], [-120.625632, 37.352649], [-120.62786, 37.353847], [-120.636392, 37.35584], [-120.641237, 37.357629], [-120.647157, 37.360997], [-120.659383, 37.364267], [-120.674684, 37.369892], [-120.682036, 37.37382], [-120.689951, 37.375499], [-120.722887, 37.388072], [-120.732505, 37.388731], [-120.736926, 37.39048], [-120.739351, 37.392814], [-120.746156, 37.403115], [-120.752521, 37.409005], [-120.755968, 37.413261], [-120.771368, 37.425663], [-120.790193, 37.44353], [-120.797124, 37.448281], [-120.803444, 37.455166], [-120.858011, 37.47732], [-120.860682, 37.478797], [-120.862878, 37.48055], [-120.86524, 37.483455], [-120.889214, 37.528416], [-120.893433, 37.538203], [-120.911805, 37.551981], [-120.935018, 37.572197], [-120.973553, 37.606009], [-120.978239, 37.610719], [-120.981699, 37.615169], [-120.991536, 37.617531], [-120.994078, 37.61897], [-120.995575, 37.62115], [-120.998714, 37.632033], [-121.008977, 37.640818], [-121.015748, 37.64528], [-121.024903, 37.653102], [-121.026024, 37.655336], [-121.026227, 37.661095], [-121.027671, 37.6633], [-121.036764, 37.668955], [-121.066166, 37.693637], [-121.080845, 37.708705], [-121.091235, 37.714616], [-121.121228, 37.739622], [-121.13666, 37.748487], [-121.142103, 37.752736], [-121.148368, 37.755368], [-121.173518, 37.770205], [-121.186098, 37.779641], [-121.187181, 37.781116], [-121.19311, 37.802097], [-121.214761, 37.820134], [-121.216054, 37.821809], [-121.216639, 37.823225], [-121.217456, 37.826973], [-121.220376, 37.883746], [-121.220702, 37.898884], [-121.2336, 37.931077], [-121.235927, 37.946035], [-121.249703, 37.978997], [-121.250519, 37.986316], [-121.257886, 38.003976], [-121.259617, 38.057405], [-121.260322, 38.104361], [-121.257476, 38.119185], [-121.257623, 38.135549], [-121.258088, 38.138304], [-121.260578, 38.142884], [-121.261386, 38.145803], [-121.26371, 38.206847], [-121.300255, 38.264718], [-121.307381, 38.283004], [-121.313338, 38.292624], [-121.316734, 38.299333], [-121.335825, 38.34348], [-121.344066, 38.358329], [-121.376458, 38.391033], [-121.381383, 38.397675], [-121.388753, 38.409005], [-121.416217, 38.467758], [-121.457089, 38.506346], [-121.459485, 38.509276], [-121.472698, 38.534194], [-121.47355, 38.536423], [-121.473896, 38.538644], [-121.474526, 38.555871], [-121.473662, 38.558843]], [[-118.951661, 35.006875], [-119.004789, 35.174758], [-119.014476, 35.235253], [-119.039306, 35.330095], [-119.039366, 35.360888], [-119.040134, 35.364546], [-119.044218, 35.374884], [-119.045427, 35.402895], [-119.058721, 35.416008], [-119.063271, 35.425087], [-119.069613, 35.428592], [-119.084169, 35.44158], [-119.094045, 35.446805], [-119.17392, 35.507382], [-119.186123, 35.521893], [-119.192822, 35.536774], [-119.197271, 35.558728], [-119.20391, 35.583066], [-119.204125, 35.58978], [-119.209961, 35.59712], [-119.212132, 35.614518], [-119.242268, 35.743383], [-119.247833, 35.756706], [-119.250927, 35.769653], [-119.253175, 35.780368], [-119.250292, 35.789344], [-119.253334, 35.794801], [-119.258273, 35.816238], [-119.25956, 35.830691], [-119.261253, 35.837397], [-119.264652, 35.843686], [-119.270364, 35.868354], [-119.270317, 35.876925], [-119.273393, 35.89061], [-119.276863, 35.897613], [-119.281567, 35.916894], [-119.281934, 35.928046], [-119.286394, 35.937949], [-119.290021, 35.953617], [-119.290365, 35.963673], [-119.291684, 35.969657], [-119.292502, 35.972112], [-119.295239, 35.976554], [-119.299267, 35.99365], [-119.31116, 36.045926], [-119.310892, 36.054015], [-119.312624, 36.062062], [-119.317354, 36.073204], [-119.321772, 36.092604], [-119.325535, 36.132362], [-119.332419, 36.157687], [-119.32848, 36.18201], [-119.328396, 36.209251], [-119.32994, 36.217583], [-119.369458, 36.27403], [-119.391621, 36.307747], [-119.3953, 36.316022], [-119.404702, 36.323942], [-119.426062, 36.349376], [-119.430389, 36.365011], [-119.481397, 36.442355], [-119.490007, 36.451625], [-119.493475, 36.460722], [-119.506626, 36.4807], [-119.511485, 36.485927], [-119.549717, 36.507999], [-119.608852, 36.557849], [-119.729759, 36.668183], [-119.763692, 36.696546], [-119.80513, 36.736564], [-119.808276, 36.738743], [-119.818798, 36.743092], [-119.826986, 36.753067], [-119.838947, 36.772366], [-119.857256, 36.789351], [-119.88979, 36.810348], [-119.927854, 36.84062], [-119.946092, 36.850754], [-119.951273, 36.856773], [-120.044559, 36.946556], [-120.046201, 36.947783], [-120.056087, 36.953451], [-120.061864, 36.958777], [-120.069527, 36.966189], [-120.073213, 36.972086], [-120.086727, 36.984788], [-120.102076, 36.996477], [-120.107252, 37.001683], [-120.135134, 37.024576], [-120.151644, 37.037813], [-120.157347, 37.04155], [-120.168951, 37.05221], [-120.177766, 37.059384], [-120.183503, 37.063366], [-120.208301, 37.083848], [-120.211495, 37.08603], [-120.214603, 37.095585], [-120.218071, 37.100617], [-120.253567, 37.127889], [-120.272179, 37.140722], [-120.28204, 37.145622], [-120.302168, 37.162542], [-120.310543, 37.171634], [-120.330149, 37.188175], [-120.362896, 37.213072], [-120.374691, 37.225604], [-120.392767, 37.236346], [-120.430979, 37.267482], [-120.436875, 37.274525], [-120.445441, 37.279267], [-120.457284, 37.289073], [-120.46894, 37.295347], [-120.471224, 37.29574], [-120.479966, 37.295662], [-120.506964, 37.305631], [-120.513212, 37.311584], [-120.514921, 37.31268], [-120.559807, 37.327903], [-120.56838, 37.332563], [-120.577321, 37.334334], [-120.589857, 37.340243], [-120.602433, 37.340755], [-120.61935, 37.347036], [-120.625376, 37.352704], [-120.627284, 37.353829], [-120.640402, 37.357618], [-120.648714, 37.361844], [-120.659328, 37.36453], [-120.682405, 37.374208], [-120.69025, 37.375878], [-120.722633, 37.388339], [-120.736726, 37.390764], [-120.745022, 37.402271], [-120.755692, 37.413506], [-120.80362, 37.455712], [-120.857419, 37.477305], [-120.862689, 37.480707], [-120.893043, 37.538281], [-120.934865, 37.572295], [-120.972879, 37.605729], [-120.981589, 37.615389], [-120.994009, 37.619255], [-120.998448, 37.632117], [-121.009301, 37.641408], [-121.024804, 37.653279], [-121.025998, 37.661071], [-121.02738, 37.66329], [-121.035754, 37.668569], [-121.065826, 37.693696], [-121.080427, 37.708667], [-121.091685, 37.715276], [-121.12108, 37.739749], [-121.142139, 37.752938], [-121.173858, 37.770622], [-121.185535, 37.779704], [-121.192831, 37.802077], [-121.214564, 37.820243], [-121.216422, 37.823263], [-121.220424, 37.898747], [-121.233556, 37.931678], [-121.235648, 37.945831], [-121.249511, 37.979059], [-121.250323, 37.986223], [-121.257666, 38.005316], [-121.260117, 38.103918], [-121.257294, 38.118726], [-121.257383, 38.135601], [-121.257797, 38.138234], [-121.2611, 38.145722], [-121.263559, 38.20713], [-121.300189, 38.265062], [-121.306867, 38.282465], [-121.316536, 38.299473], [-121.328128, 38.327388], [-121.336452, 38.345337], [-121.343703, 38.358168], [-121.376226, 38.391105], [-121.388197, 38.408361], [-121.416115, 38.467855], [-121.459097, 38.509113], [-121.473216, 38.536056], [-121.473401, 38.558827]]]}}, {"type": "Feature", "properties": {"route_number": "US-101"}, "geometry": {"type": "MultiLineString", "coordinates": [[[-124.208057, 41.995029], [-124.208316, 41.998475]], [[-124.20333, 41.983384], [-124.203819, 41.984739], [-124.206716, 41.988638], [-124.207639, 41.990197], [-124.207871, 41.991422], [-124.208057, 41.995029]], [[-124.20333, 41.983384], [-124.203757, 41.984808], [-124.207572, 41.990254], [-124.208057, 41.995029]], [[-124.203274, 41.981326], [-124.20333, 41.983384]], [[-124.189569, 41.943199], [-124.194768, 41.946398], [-124.202778, 41.951591], [-124.203773, 41.95245], [-124.204631, 41.953955], [-124.204723, 41.955594], [-124.202689, 41.963653], [-124.203274, 41.981326]], [[-124.189569, 41.943199], [-124.204496, 41.953954], [-124.202558, 41.964122], [-124.203274, 41.981326]], [[-124.137577, 41.877565], [-124.137384, 41.921786], [-124.146748, 41.930406], [-124.170977, 41.935137], [-124.189569, 41.943199]], [[-124.178934, 40.790481], [-124.17864, 40.790993]], [[-124.065627, 40.455291], [-124.069527, 40.458394], [-124.074126, 40.459086], [-124.08836, 40.462267], [-124.090276, 40.462934], [-124.091304, 40.463569], [-124.092114, 40.464307], [-124.097925, 40.470783], [-124.099501, 40.47304], [-124.099953, 40.474197], [-124.100427, 40.478572], [-124.097997, 40.494184], [-124.101356, 40.50338], [-124.120857, 40.508489], [-124.126678, 40.513181], [-124.145916, 40.520679], [-124.147338, 40.521791], [-124.150686, 40.525434], [-124.151364, 40.526807], [-124.151565, 40.528185], [-124.150506, 40.532884], [-124.145281, 40.540694], [-124.14468, 40.544096], [-124.148434, 40.56583], [-124.14969, 40.577638], [-124.152401, 40.584387], [-124.1562, 40.588846], [-124.158601, 40.593877], [-124.166304, 40.597784], [-124.169917, 40.600974], [-124.184459, 40.607101], [-124.19781, 40.616268], [-124.201606, 40.617531], [-124.205928, 40.620217], [-124.210617, 40.621183], [-124.212627, 40.622037], [-124.215479, 40.624237], [-124.216358, 40.625619], [-124.21658, 40.626883], [-124.216218, 40.62831], [-124.208493, 40.644078], [-124.211465, 40.650695], [-124.211679, 40.652807], [-124.210859, 40.654389], [-124.204818, 40.660554], [-124.200883, 40.681141], [-124.204231, 40.698152], [-124.209283, 40.703118], [-124.209717, 40.704076], [-124.210257, 40.708033], [-124.214876, 40.714245], [-124.215621, 40.71575], [-124.215663, 40.719959], [-124.214407, 40.731187], [-124.213387, 40.733334], [-124.208773, 40.737965], [-124.192902, 40.751686], [-124.189595, 40.758304], [-124.189672, 40.759659], [-124.191103, 40.763616], [-124.191711, 40.767122], [-124.191584, 40.769593], [-124.190111, 40.776792], [-124.18904, 40.778273], [-124.185267, 40.780807], [-124.178934, 40.790481]], [[-124.065535, 40.455329], [-124.069441, 40.458467], [-124.090379, 40.463079], [-124.09832, 40.471517], [-124.100288, 40.478989], [-124.097805, 40.494183], [-124.100936, 40.503333], [-124.117758, 40.507827], [-124.122938, 40.511978], [-124.145563, 40.520663], [-124.150482, 40.52547], [-124.150293, 40.532814], [-124.145036, 40.54084], [-124.144482, 40.544084], [-124.149575, 40.577984], [-124.152117, 40.584255], [-124.158452, 40.593897], [-124.169811, 40.601078], [-124.184477, 40.607269], [-124.197688, 40.616342], [-124.205772, 40.620307], [-124.211966, 40.621844], [-124.216161, 40.625653], [-124.208268, 40.644045], [-124.211457, 40.652773], [-124.204477, 40.660833], [-124.200668, 40.681045], [-124.203957, 40.698051], [-124.209047, 40.703088], [-124.210042, 40.708023], [-124.215422, 40.715782], [-124.214206, 40.731139], [-124.19286, 40.7512], [-124.189435, 40.757924], [-124.189536, 40.759778], [-124.19155, 40.767103], [-124.190036, 40.776488], [-124.18518, 40.780741], [-124.178934, 40.790481]], [[-124.17864, 40.790993], [-124.175135, 40.797013], [-124.174784, 40.800705], [-124.146539, 40.803967], [-124.138273, 40.805688], [-124.127734, 40.804611], [-124.124849, 40.804908], [-124.121186, 40.805994], [-124.0888, 40.822642], [-124.084451, 40.826445], [-124.082005, 40.831697], [-124.081685, 40.849293], [-124.083011, 40.868896], [-124.082148, 40.873043], [-124.082468, 40.877407], [-124.079552, 40.886658], [-124.079713, 40.890171], [-124.091138, 40.913185], [-124.094377, 40.918441], [-124.095503, 40.919512], [-124.096623, 40.92022], [-124.111426, 40.927068], [-124.116087, 40.93785], [-124.115865, 40.969869], [-124.117443, 40.979454], [-124.113138, 40.994711], [-124.111529, 41.005249], [-124.110173, 41.00955], [-124.108073, 41.012945], [-124.106734, 41.016835], [-124.107004, 41.027245], [-124.115756, 41.043242], [-124.126589, 41.055307], [-124.128192, 41.056502], [-124.139163, 41.062159], [-124.141114, 41.063963], [-124.141786, 41.065778], [-124.141276, 41.072369], [-124.141755, 41.075005], [-124.153478, 41.099001], [-124.154787, 41.106803], [-124.151019, 41.119915], [-124.148851, 41.134322], [-124.146598, 41.136138], [-124.140884, 41.138251], [-124.139545, 41.138987], [-124.137976, 41.140196], [-124.136871, 41.141613], [-124.136145, 41.143299], [-124.135562, 41.149411], [-124.133713, 41.151905], [-124.122094, 41.158633], [-124.116188, 41.160169], [-124.110536, 41.162848]], [[-124.17864, 40.790993], [-124.175209, 40.797156], [-124.174943, 40.80157], [-124.154712, 40.804715], [-124.137123, 40.805933], [-124.127439, 40.804826], [-124.122558, 40.805772], [-124.089057, 40.822835], [-124.084787, 40.826589], [-124.082423, 40.831532], [-124.083267, 40.868889], [-124.082765, 40.877589], [-124.079879, 40.886549], [-124.080256, 40.890886], [-124.094463, 40.918308], [-124.111894, 40.92722], [-124.116397, 40.938177], [-124.116116, 40.969724], [-124.117686, 40.979666], [-124.111735, 41.005287], [-124.11028, 41.009853], [-124.106943, 41.016886], [-124.107082, 41.026875], [-124.115902, 41.043259], [-124.126167, 41.054677], [-124.139309, 41.062119], [-124.141401, 41.064124], [-124.141988, 41.065801], [-124.141896, 41.074782], [-124.153694, 41.09902], [-124.154991, 41.106801], [-124.149233, 41.134153], [-124.146756, 41.136247], [-124.138054, 41.140315], [-124.135723, 41.149463], [-124.133828, 41.151979], [-124.121713, 41.15892], [-124.110536, 41.162848]], [[-124.175969, 41.745751], [-124.184517, 41.751974], [-124.190122, 41.753232], [-124.192036, 41.753187], [-124.19751, 41.758979], [-124.197175, 41.762534], [-124.18865, 41.770137], [-124.184652, 41.776142], [-124.151146, 41.799204], [-124.148259, 41.803469], [-124.147132, 41.81015]], [[-124.175969, 41.745751], [-124.184824, 41.751986], [-124.192869, 41.752636], [-124.198113, 41.758134], [-124.197438, 41.762422], [-124.188975, 41.770227], [-124.184747, 41.776499], [-124.151472, 41.799388], [-124.148741, 41.803271], [-124.147132, 41.81015]], [[-124.11507, 41.639873], [-124.115443, 41.642367], [-124.112308, 41.647046], [-124.115745, 41.653241], [-124.116256, 41.659779], [-124.112921, 41.666093], [-124.113808, 41.682673], [-124.107097, 41.685617], [-124.106415, 41.690295], [-124.117804, 41.695684], [-124.126114, 41.705345], [-124.130418, 41.706306], [-124.131376, 41.70857], [-124.127116, 41.710978], [-124.135374, 41.714436], [-124.139474, 41.723727], [-124.146688, 41.732201], [-124.175969, 41.745751]], [[-124.147132, 41.81015], [-124.142311, 41.854735], [-124.138425, 41.873891]], [[-124.138425, 41.873891], [-124.137577, 41.877565]], [[-124.138425, 41.873891], [-124.137808, 41.876775], [-124.137577, 41.877565]], [[-124.105626, 41.61229], [-124.106336, 41.615399], [-124.109289, 41.61781], [-124.112584, 41.63026], [-124.115632, 41.634046], [-124.11507, 41.639858]], [[-124.110536, 41.162848], [-124.103021, 41.167569], [-124.101884, 41.171345], [-124.102571, 41.175616], [-124.105788, 41.179133], [-124.107799, 41.188358], [-124.110465, 41.192109], [-124.109639, 41.209174]], [[-124.109639, 41.209174], [-124.106507, 41.217664], [-124.104264, 41.218772], [-124.099888, 41.219422], [-124.098344, 41.22]], [[-124.109639, 41.209174], [-124.106881, 41.217428], [-124.105699, 41.218296], [-124.104303, 41.218842], [-124.098344, 41.22]], [[-124.100125, 41.601358], [-124.100347, 41.603717], [-124.102785, 41.606037], [-124.105134, 41.610709], [-124.105626, 41.61229]], [[-124.100125, 41.601358], [-124.100207, 41.603691], [-124.105626, 41.61229]], [[-124.087637, 41.584342], [-124.091735, 41.585744], [-124.100717, 41.595673], [-124.100125, 41.601358]], [[-124.098344, 41.22], [-124.085532, 41.22718], [-124.08314, 41.233764], [-124.084772, 41.242639], [-124.088119, 41.246074], [-124.087172, 41.249727], [-124.09576, 41.258792], [-124.097782, 41.26501], [-124.093115, 41.28116], [-124.083758, 41.287182], [-124.076143, 41.284802], [-124.065579, 41.284611]], [[-124.082859, 41.58314], [-124.083502, 41.583269], [-124.087637, 41.584342]], [[-124.082859, 41.58314], [-124.087637, 41.584342]], [[-124.077397, 41.579874], [-124.082859, 41.58314]], [[-124.071182, 41.572182], [-124.077397, 41.579874]], [[-124.071182, 41.572182], [-124.074094, 41.577284], [-124.077397, 41.579874]], [[-124.059115, 41.558213], [-124.066888, 41.564653], [-124.071182, 41.572182]], [[-124.036905, 40.440323], [-124.03958, 40.443004], [-124.040044, 40.44772], [-124.047648, 40.453052], [-124.062948, 40.454126], [-124.064564, 40.454613], [-124.065615, 40.455279]], [[-124.065579, 41.284611], [-124.061771, 41.284902], [-124.058941, 41.287831]], [[-124.065579, 41.284611], [-124.062694, 41.284555], [-124.061717, 41.284827], [-124.058941, 41.287831]], [[-124.0369, 40.44083], [-124.038723, 40.442954], [-124.039491, 40.448225], [-124.045765, 40.452936], [-124.065525, 40.455317]], [[-124.058983, 41.558079], [-124.058997, 41.558091], [-124.059115, 41.558213]], [[-124.058983, 41.558079], [-124.059115, 41.558213]], [[-124.052438, 41.547967], [-124.055324, 41.554465], [-124.058983, 41.558079]], [[-124.058941, 41.287831], [-124.058789, 41.288623]], [[-124.058789, 41.288623], [-124.055246, 41.294839]], [[-124.058789, 41.288623], [-124.058318, 41.290359], [-124.055246, 41.294839]], [[-124.055246, 41.294839], [-124.049756, 41.30081], [-124.044476, 41.303288], [-124.044625, 41.312416], [-124.041761, 41.315066], [-124.038442, 41.322831], [-124.030062, 41.328535], [-124.030725, 41.337364], [-124.033866, 41.340546], [-124.02981, 41.345653]], [[-124.046244, 41.535742], [-124.048448, 41.537883], [-124.049103, 41.53891], [-124.050965, 41.543039], [-124.052438, 41.547967]], [[-124.046244, 41.535742], [-124.049054, 41.539037], [-124.052438, 41.547967]], [[-124.028589, 41.51145], [-124.0287, 41.51403], [-124.03511, 41.524614], [-124.046244, 41.535742]], [[-123.781301, 40.169285], [-123.781558, 40.173017], [-123.781286, 40.17709], [-123.780763, 40.178128], [-123.780073, 40.178913], [-123.775823, 40.18236], [-123.771349, 40.190072], [-123.771879, 40.194007], [-123.775204, 40.196431], [-123.77801, 40.199924], [-123.784632, 40.202001], [-123.78599, 40.20271], [-123.788763, 40.204524], [-123.790028, 40.20555], [-123.791223, 40.20701], [-123.792147, 40.209109], [-123.793068, 40.21617], [-123.795512, 40.218647], [-123.803287, 40.220545], [-123.809416, 40.217753], [-123.81334, 40.216459], [-123.81434, 40.216314], [-123.815125, 40.21632], [-123.816099, 40.216483], [-123.817261, 40.216943], [-123.824037, 40.220944], [-123.828341, 40.225445], [-123.833117, 40.233741], [-123.833302, 40.234616], [-123.8332, 40.23584], [-123.831657, 40.240635], [-123.83166, 40.248811], [-123.83345, 40.253589], [-123.836009, 40.255518], [-123.84359, 40.259099], [-123.844811, 40.259918], [-123.846797, 40.26196], [-123.848054, 40.264859], [-123.851456, 40.267405], [-123.854536, 40.271888], [-123.859899, 40.270777], [-123.863229, 40.268973], [-123.865668, 40.266967], [-123.867116, 40.266313], [-123.868357, 40.266134], [-123.869937, 40.266308], [-123.871836, 40.26696], [-123.87308, 40.267681], [-123.873903, 40.268508], [-123.875644, 40.271382], [-123.87976, 40.27352], [-123.881727, 40.274768], [-123.88304, 40.275887], [-123.885244, 40.278171], [-123.886887, 40.280185], [-123.888316, 40.284017], [-123.893378, 40.28602], [-123.895002, 40.28702], [-123.895903, 40.287951], [-123.896305, 40.289097], [-123.896076, 40.290572], [-123.892118, 40.298357], [-123.893588, 40.303454], [-123.895609, 40.304613], [-123.900478, 40.305378], [-123.901799, 40.305834], [-123.905564, 40.308773], [-123.909295, 40.312312], [-123.915918, 40.314692], [-123.919715, 40.316849], [-123.920635, 40.317772], [-123.921046, 40.318816], [-123.921673, 40.325358], [-123.92239, 40.327067], [-123.926511, 40.330621], [-123.929248, 40.333787], [-123.933424, 40.337283], [-123.933969, 40.338021], [-123.934235, 40.338792], [-123.93425, 40.33965], [-123.933911, 40.340529], [-123.93198, 40.343068], [-123.931375, 40.34559], [-123.929198, 40.35181], [-123.928751, 40.352366], [-123.926604, 40.354268], [-123.921327, 40.358558], [-123.919889, 40.361746], [-123.926798, 40.37012], [-123.927066, 40.371368], [-123.926337, 40.375162], [-123.927646, 40.377551], [-123.929865, 40.38561], [-123.932271, 40.389444], [-123.933028, 40.392231], [-123.93456, 40.394424], [-123.945868, 40.396753], [-123.947924, 40.397538], [-123.949446, 40.398422], [-123.950641, 40.399399], [-123.9517, 40.40055], [-123.961773, 40.411975], [-123.963372, 40.413181], [-123.973002, 40.413879], [-123.976845, 40.415005], [-123.978352, 40.415723], [-123.979901, 40.417421], [-123.981802, 40.420598], [-123.983111, 40.427576], [-123.986475, 40.43381], [-123.988898, 40.435216], [-123.995866, 40.436313], [-123.997926, 40.436972], [-124.00598, 40.443333], [-124.014579, 40.443805], [-124.016866, 40.443411], [-124.023441, 40.441014], [-124.026908, 40.44015], [-124.028642, 40.439951], [-124.034377, 40.439804], [-124.036885, 40.440314]], [[-123.781192, 40.16914], [-123.780974, 40.177471], [-123.776495, 40.181265], [-123.775705, 40.182365], [-123.771244, 40.190067], [-123.771768, 40.194032], [-123.777901, 40.199956], [-123.790128, 40.205803], [-123.792949, 40.216151], [-123.795281, 40.21862], [-123.802998, 40.220665], [-123.815334, 40.216402], [-123.823978, 40.221022], [-123.832995, 40.233715], [-123.831523, 40.240736], [-123.831553, 40.248953], [-123.833536, 40.253853], [-123.83565, 40.255413], [-123.844376, 40.25967], [-123.848081, 40.265097], [-123.851553, 40.267639], [-123.854289, 40.271901], [-123.856755, 40.27211], [-123.859942, 40.270868], [-123.863269, 40.269049], [-123.866036, 40.266838], [-123.867269, 40.266351], [-123.872837, 40.267613], [-123.875468, 40.271382], [-123.885928, 40.279056], [-123.887601, 40.283141], [-123.888444, 40.284241], [-123.895876, 40.288122], [-123.892038, 40.298276], [-123.893373, 40.303362], [-123.89535, 40.304617], [-123.901589, 40.30581], [-123.909155, 40.312332], [-123.920454, 40.317729], [-123.921627, 40.325661], [-123.922268, 40.327059], [-123.934107, 40.338756], [-123.931847, 40.34308], [-123.929179, 40.351638], [-123.921175, 40.358584], [-123.919796, 40.361741], [-123.926662, 40.370112], [-123.926121, 40.37486], [-123.929937, 40.386009], [-123.932139, 40.389446], [-123.932884, 40.39219], [-123.934367, 40.394378], [-123.948998, 40.398229], [-123.961653, 40.411999], [-123.963406, 40.413288], [-123.978232, 40.415765], [-123.98154, 40.420369], [-123.982971, 40.427555], [-123.986381, 40.433864], [-123.98898, 40.435312], [-123.997674, 40.436998], [-124.005835, 40.443411], [-124.015277, 40.443839], [-124.017259, 40.443408], [-124.024381, 40.440817], [-124.028558, 40.440076], [-124.036884, 40.440821]], [[-124.030017, 41.509631], [-124.028664, 41.511293]], [[-124.02981, 41.345653], [-124.028329, 41.347611], [-124.02603, 41.349525], [-124.020166, 41.352852], [-124.015345, 41.354342], [-124.012846, 41.357177], [-124.011904, 41.357862], [-124.009896, 41.358456], [-124.004394, 41.359598], [-124.0027, 41.359776], [-123.993284, 41.358652], [-123.99084, 41.360068], [-123.989554, 41.363585], [-123.991703, 41.367507], [-123.99085, 41.371881], [-123.994305, 41.375998], [-123.995062, 41.378144], [-123.994943, 41.388031], [-123.993068, 41.40188], [-124.002145, 41.407202], [-124.002922, 41.408456], [-124.003554, 41.411795], [-124.003442, 41.41293], [-124.002875, 41.41382], [-123.997997, 41.417322], [-123.997507, 41.422237], [-124.007165, 41.425387], [-124.010623, 41.427842], [-124.013852, 41.428128], [-124.01495, 41.428373], [-124.017587, 41.429974], [-124.022134, 41.433819], [-124.022729, 41.434795], [-124.022817, 41.435392], [-124.020656, 41.445608], [-124.024582, 41.448432], [-124.027081, 41.45199], [-124.029988, 41.45364], [-124.031141, 41.454729], [-124.031468, 41.455459], [-124.031781, 41.458605], [-124.034621, 41.461012], [-124.040317, 41.468318], [-124.047071, 41.4773], [-124.050895, 41.483607], [-124.051011, 41.485471], [-124.050693, 41.486889], [-124.04788, 41.490494], [-124.042821, 41.496415], [-124.033745, 41.501992], [-124.031941, 41.507301], [-124.030017, 41.509631]], [[-124.02981, 41.345653], [-124.025899, 41.349505], [-124.01528, 41.35427], [-124.011804, 41.357807], [-124.003021, 41.359682], [-123.993157, 41.358591], [-123.990729, 41.36003], [-123.989447, 41.363655], [-123.991536, 41.367493], [-123.990653, 41.371839], [-123.994877, 41.378085], [-123.992927, 41.401864], [-124.001991, 41.407255], [-124.00341, 41.411741], [-123.997853, 41.417268], [-123.997321, 41.422196], [-124.010157, 41.427748], [-124.011293, 41.428036], [-124.014787, 41.428428], [-124.021767, 41.43358], [-124.022666, 41.435371], [-124.020451, 41.445604], [-124.026919, 41.452011], [-124.030798, 41.454494], [-124.031637, 41.458583], [-124.050778, 41.483764], [-124.050423, 41.487067], [-124.043087, 41.496059], [-124.034465, 41.501272], [-124.033323, 41.502306], [-124.030017, 41.509631]], [[-124.028664, 41.511293], [-124.028655, 41.51131], [-124.028589, 41.51145]], [[-124.028664, 41.511293], [-124.028589, 41.51145]], [[-123.784272, 40.000657], [-123.783322, 40.003815], [-123.789953, 40.008816], [-123.791231, 40.018577], [-123.794092, 40.023736], [-123.793094, 40.03409], [-123.790186, 40.035525], [-123.786657, 40.034848]], [[-123.786641, 40.034841], [-123.782002, 40.032137]], [[-123.762816, 39.930511], [-123.770603, 39.934309], [-123.77705, 39.939651], [-123.777786, 39.940508], [-123.780774, 39.947372], [-123.781151, 39.948715], [-123.781216, 39.949456], [-123.781079, 39.950754], [-123.779993, 39.954326], [-123.780712, 39.957224], [-123.786604, 39.961628], [-123.792459, 39.963866], [-123.793552, 39.964501], [-123.794922, 39.965672], [-123.795923, 39.967029], [-123.800558, 39.97542], [-123.802198, 39.979295], [-123.802455, 39.980425], [-123.802391, 39.981337], [-123.801898, 39.982533], [-123.801214, 39.983375], [-123.793711, 39.98861], [-123.789339, 39.990778], [-123.788594, 39.992229], [-123.788627, 39.995872], [-123.788121, 39.997065], [-123.787137, 39.998232], [-123.784272, 40.000657]], [[-123.762816, 39.930511], [-123.770512, 39.934366], [-123.777277, 39.94007], [-123.781038, 39.948687], [-123.779866, 39.954546], [-123.780695, 39.957373], [-123.786469, 39.961669], [-123.794695, 39.965613], [-123.802236, 39.979754], [-123.800806, 39.983631], [-123.789086, 39.990932], [-123.788471, 39.992289], [-123.788355, 39.996407], [-123.784272, 40.000657]], [[-123.782002, 40.032137], [-123.781572, 40.031961], [-123.780846, 40.031806], [-123.779355, 40.031887], [-123.777968, 40.032248], [-123.776611, 40.033056], [-123.775811, 40.034054], [-123.77554, 40.034975], [-123.77558, 40.036013], [-123.776018, 40.037091], [-123.783141, 40.045829], [-123.784173, 40.046626], [-123.785291, 40.047259], [-123.790759, 40.049294], [-123.792763, 40.052212], [-123.791763, 40.055448], [-123.784519, 40.059702], [-123.783483, 40.060923], [-123.783213, 40.062156], [-123.78338, 40.062948], [-123.784, 40.063875], [-123.788179, 40.066987], [-123.790455, 40.071238], [-123.789355, 40.07816], [-123.790561, 40.081734], [-123.789782, 40.086307], [-123.789812, 40.087496], [-123.790718, 40.090981], [-123.791147, 40.091832], [-123.796698, 40.09875], [-123.792796, 40.111081], [-123.792582, 40.112638], [-123.792838, 40.114041], [-123.798696, 40.127458], [-123.799696, 40.128679], [-123.806603, 40.134024], [-123.809015, 40.138814], [-123.80767, 40.141866], [-123.801383, 40.147363], [-123.796526, 40.150441], [-123.795785, 40.151162], [-123.795443, 40.151712], [-123.795213, 40.152502], [-123.79534, 40.155734], [-123.794666, 40.156857], [-123.786917, 40.162924], [-123.782077, 40.167338], [-123.781645, 40.167905], [-123.781194, 40.169126]], [[-123.782002, 40.032137], [-123.77942, 40.031963], [-123.77678, 40.033106], [-123.776203, 40.03721], [-123.783246, 40.045798], [-123.790876, 40.04925], [-123.792257, 40.050687], [-123.792916, 40.052614], [-123.79262, 40.054231], [-123.791521, 40.055805], [-123.784426, 40.059901], [-123.783321, 40.062176], [-123.788333, 40.066979], [-123.790623, 40.071312], [-123.789532, 40.078171], [-123.790712, 40.081752], [-123.789949, 40.087572], [-123.791102, 40.091452], [-123.796867, 40.098676], [-123.792972, 40.113995], [-123.799006, 40.12766], [-123.806786, 40.134009], [-123.808846, 40.137633], [-123.80911, 40.139118], [-123.807899, 40.141769], [-123.801445, 40.147427], [-123.796067, 40.150972], [-123.795372, 40.152158], [-123.795551, 40.155416], [-123.794835, 40.156869], [-123.781303, 40.169271]], [[-123.767355, 39.918387], [-123.766709, 39.919024], [-123.765259, 39.919532], [-123.764696, 39.919938]], [[-123.767355, 39.918387], [-123.766858, 39.919027], [-123.764696, 39.919938]], [[-123.713058, 39.869333], [-123.710376, 39.874632], [-123.71501, 39.878713], [-123.720487, 39.877047], [-123.731229, 39.878218], [-123.737353, 39.886578], [-123.746767, 39.887121], [-123.748465, 39.890789], [-123.75371, 39.892357], [-123.753789, 39.895127], [-123.750502, 39.89764], [-123.754754, 39.9016], [-123.749943, 39.903624], [-123.749549, 39.906076], [-123.75377, 39.907335], [-123.758493, 39.906512], [-123.757516, 39.910084], [-123.758648, 39.913065], [-123.766485, 39.91657], [-123.767355, 39.918387]], [[-123.764696, 39.919938], [-123.761088, 39.923625], [-123.761342, 39.929014]], [[-123.761342, 39.929014], [-123.762816, 39.930511]], [[-123.760035, 39.920307], [-123.757837, 39.926554], [-123.758777, 39.928103], [-123.760862, 39.929105], [-123.761342, 39.929014]], [[-123.575329, 39.828027], [-123.582471, 39.82647], [-123.583389, 39.826559], [-123.584022, 39.826765], [-123.586273, 39.827986], [-123.58768, 39.828117], [-123.589761, 39.827667], [-123.591757, 39.826315], [-123.592673, 39.825998], [-123.593597, 39.825921], [-123.59438, 39.82603], [-123.59514, 39.826321], [-123.60023, 39.829186], [-123.606816, 39.827661], [-123.609867, 39.827556], [-123.610798, 39.82782], [-123.611527, 39.828224], [-123.613692, 39.830159], [-123.616963, 39.830848], [-123.620344, 39.832506], [-123.626162, 39.832948], [-123.632435, 39.834638], [-123.641098, 39.833536], [-123.646933, 39.832961], [-123.650073, 39.831641], [-123.652562, 39.829243], [-123.654032, 39.828521], [-123.655247, 39.828333], [-123.656209, 39.82838], [-123.660657, 39.829221], [-123.669311, 39.826007], [-123.670293, 39.825873], [-123.671608, 39.826027], [-123.672474, 39.826354], [-123.673519, 39.82724], [-123.675591, 39.831189], [-123.688849, 39.839108], [-123.694664, 39.843553], [-123.714497, 39.85084], [-123.716114, 39.851907], [-123.716807, 39.853231], [-123.716842, 39.854307], [-123.716558, 39.855152], [-123.715031, 39.85737], [-123.71473, 39.860772], [-123.712976, 39.864426], [-123.71364, 39.86789], [-123.713504, 39.868563], [-123.713058, 39.869333]], [[-123.575329, 39.828027], [-123.582461, 39.826551], [-123.586442, 39.828122], [-123.587688, 39.828187], [-123.589671, 39.827788], [-123.593546, 39.825996], [-123.600193, 39.829268], [-123.609857, 39.827634], [-123.613565, 39.830206], [-123.620312, 39.832589], [-123.632336, 39.834732], [-123.646951, 39.83304], [-123.649734, 39.83198], [-123.653874, 39.828652], [-123.660606, 39.8293], [-123.67165, 39.826138], [-123.674985, 39.830878], [-123.694694, 39.843691], [-123.715977, 39.851982], [-123.716648, 39.854267], [-123.71479, 39.857558], [-123.712875, 39.864585], [-123.713058, 39.869333]], [[-123.48311, 39.688417], [-123.489227, 39.70744], [-123.499072, 39.716058], [-123.504892, 39.727407], [-123.513064, 39.734116], [-123.515953, 39.740815], [-123.534597, 39.75099], [-123.537438, 39.757973], [-123.543136, 39.76379], [-123.546439, 39.772165], [-123.542686, 39.781961], [-123.544605, 39.785978], [-123.542135, 39.796666], [-123.543861, 39.803724], [-123.549688, 39.80892], [-123.555008, 39.810145], [-123.563188, 39.817014], [-123.564608, 39.821901], [-123.569692, 39.826601], [-123.575329, 39.828027]], [[-123.476035, 39.679786], [-123.477903, 39.683598], [-123.482841, 39.687307], [-123.483158, 39.687738], [-123.48311, 39.688417]], [[-123.476035, 39.679786], [-123.477816, 39.68364], [-123.48311, 39.688417]], [[-123.46391, 39.624883], [-123.462329, 39.6277], [-123.462977, 39.63028], [-123.468067, 39.634076], [-123.476327, 39.647964], [-123.477752, 39.659191], [-123.476301, 39.662656], [-123.476035, 39.679786]], [[-123.38776, 39.512913], [-123.389719, 39.514734], [-123.390274, 39.515473], [-123.393368, 39.521925], [-123.394558, 39.52261], [-123.396839, 39.522949], [-123.398008, 39.523422], [-123.403288, 39.528891], [-123.404539, 39.530911], [-123.40535, 39.535653], [-123.407771, 39.536196], [-123.41138, 39.534625], [-123.412806, 39.534603], [-123.414026, 39.534999], [-123.416523, 39.536516], [-123.417135, 39.5371], [-123.418717, 39.541002], [-123.422191, 39.542974], [-123.42399, 39.544556], [-123.424932, 39.547633], [-123.425211, 39.551081], [-123.430156, 39.555038], [-123.432428, 39.557209], [-123.432708, 39.557645], [-123.432925, 39.558378], [-123.433224, 39.562274], [-123.434894, 39.565192], [-123.435868, 39.570018], [-123.438135, 39.572647], [-123.43916, 39.575785], [-123.444064, 39.580799], [-123.445316, 39.583764], [-123.451506, 39.589168], [-123.454113, 39.593404], [-123.454341, 39.594162], [-123.45421, 39.596348], [-123.454676, 39.598802], [-123.453933, 39.602313], [-123.458964, 39.610203], [-123.459147, 39.611005], [-123.458765, 39.613319], [-123.459194, 39.614614], [-123.464366, 39.618717], [-123.464998, 39.619598], [-123.465193, 39.620637], [-123.464899, 39.622901], [-123.464627, 39.62374], [-123.46391, 39.624883]], [[-123.38776, 39.512913], [-123.393234, 39.521903], [-123.394527, 39.522675], [-123.397942, 39.523473], [-123.403265, 39.529069], [-123.405187, 39.535642], [-123.407411, 39.536289], [-123.414098, 39.535119], [-123.417051, 39.537146], [-123.418598, 39.541051], [-123.423818, 39.54447], [-123.425116, 39.551093], [-123.432625, 39.557666], [-123.433117, 39.562275], [-123.435782, 39.570044], [-123.439064, 39.575817], [-123.445131, 39.583708], [-123.451428, 39.589199], [-123.454025, 39.593427], [-123.45382, 39.602338], [-123.458863, 39.610169], [-123.45869, 39.613415], [-123.459198, 39.614778], [-123.464906, 39.619623], [-123.46391, 39.624883]], [[-123.335022, 39.38935], [-123.336432, 39.39346], [-123.34213, 39.398195], [-123.343908, 39.401726], [-123.343429, 39.405502], [-123.338843, 39.413016], [-123.339657, 39.41881], [-123.342422, 39.421465], [-123.353133, 39.425907], [-123.357283, 39.432324], [-123.355705, 39.440159], [-123.348051, 39.450294], [-123.350784, 39.464359], [-123.35574, 39.468951], [-123.363352, 39.472322], [-123.363627, 39.477417], [-123.360517, 39.485582], [-123.363992, 39.49286], [-123.37676, 39.50117], [-123.38776, 39.512913]], [[-123.354922, 39.420183], [-123.353728, 39.423899], [-123.357666, 39.428075], [-123.357638, 39.43592]], [[-123.158885, 39.05669], [-123.167805, 39.067121], [-123.169812, 39.070332], [-123.178984, 39.078093], [-123.194158, 39.104316], [-123.194895, 39.106582], [-123.196123, 39.114823], [-123.196, 39.116639], [-123.194795, 39.121367], [-123.198487, 39.159793], [-123.201731, 39.164928], [-123.211516, 39.171089], [-123.212926, 39.173112], [-123.212084, 39.183561], [-123.209568, 39.198171], [-123.204668, 39.211269], [-123.20691, 39.218484], [-123.208419, 39.233883], [-123.208105, 39.245033], [-123.213899, 39.254697], [-123.219962, 39.259058], [-123.224368, 39.262931], [-123.230308, 39.265467], [-123.235974, 39.268721], [-123.248719, 39.272773], [-123.256669, 39.277117], [-123.257579, 39.27786], [-123.25824, 39.278832], [-123.259295, 39.282302], [-123.261882, 39.28506], [-123.264446, 39.288289], [-123.269136, 39.291083], [-123.27154, 39.292803], [-123.272761, 39.293303], [-123.275551, 39.293699], [-123.276722, 39.29407], [-123.277619, 39.294621], [-123.279283, 39.296207], [-123.282645, 39.297171], [-123.286579, 39.299503], [-123.292518, 39.299909], [-123.295007, 39.300687], [-123.296505, 39.301625], [-123.299479, 39.304383], [-123.300589, 39.306179], [-123.300701, 39.307611], [-123.297739, 39.313053], [-123.298435, 39.314467], [-123.300584, 39.316101], [-123.301065, 39.316599], [-123.301441, 39.31732], [-123.301407, 39.325112], [-123.304499, 39.331102], [-123.304176, 39.334501], [-123.304921, 39.335204], [-123.311388, 39.338176], [-123.312456, 39.338853], [-123.321303, 39.34717], [-123.321755, 39.347734], [-123.32231, 39.349], [-123.322374, 39.350711], [-123.321836, 39.352095], [-123.315739, 39.361761], [-123.315772, 39.365568], [-123.331863, 39.381917], [-123.333409, 39.384307], [-123.334319, 39.386303], [-123.334764, 39.387731], [-123.335022, 39.38935]], [[-123.158885, 39.05669], [-123.169791, 39.070634], [-123.178778, 39.078196], [-123.193764, 39.104034], [-123.195878, 39.11468], [-123.194555, 39.12157], [-123.198276, 39.159927], [-123.201135, 39.16466], [-123.212699, 39.173178], [-123.209394, 39.197777], [-123.20443, 39.211252], [-123.206699, 39.218785], [-123.208174, 39.233856], [-123.207161, 39.242358], [-123.208146, 39.245458], [-123.213907, 39.254906], [-123.224061, 39.262892], [-123.235894, 39.268827], [-123.248334, 39.272754], [-123.256661, 39.277207], [-123.259407, 39.28262], [-123.264422, 39.288388], [-123.271485, 39.292867], [-123.28665, 39.299618], [-123.294952, 39.300755], [-123.299422, 39.304468], [-123.300615, 39.30742], [-123.297644, 39.313147], [-123.298201, 39.314358], [-123.301372, 39.317467], [-123.301263, 39.325104], [-123.304394, 39.331113], [-123.303978, 39.334331], [-123.304743, 39.33522], [-123.312432, 39.338934], [-123.322151, 39.348771], [-123.321834, 39.351912], [-123.315438, 39.362175], [-123.315569, 39.365832], [-123.331655, 39.38206], [-123.335022, 39.38935]], [[-123.115465, 38.975002], [-123.114796, 38.977663], [-123.118588, 38.990939], [-123.117645, 38.998365], [-123.118867, 39.00251], [-123.139369, 39.028215], [-123.158885, 39.05669]], [[-123.116499, 38.970061], [-123.115465, 38.975002]], [[-123.116499, 38.970061], [-123.116665, 38.972625], [-123.115465, 38.975002]], [[-123.116374, 38.969489], [-123.116499, 38.970061]], [[-123.115746, 38.96772], [-123.116374, 38.969489]], [[-123.115746, 38.96772], [-123.116264, 38.969287], [-123.116374, 38.969489]], [[-123.096927, 38.952414], [-123.108102, 38.956589], [-123.113602, 38.962472], [-123.115746, 38.96772]], [[-123.014418, 38.827919], [-123.015332, 38.831585], [-123.01933, 38.834045], [-123.020361, 38.835173], [-123.021378, 38.83943], [-123.025703, 38.841651], [-123.026736, 38.842731], [-123.027122, 38.843906], [-123.027002, 38.846369], [-123.027504, 38.847561], [-123.030029, 38.849789], [-123.03191, 38.852586], [-123.035616, 38.854912], [-123.03699, 38.856129], [-123.037706, 38.857048], [-123.040331, 38.861571], [-123.04397, 38.869071], [-123.045718, 38.877465], [-123.0487, 38.879866], [-123.052874, 38.881004], [-123.053877, 38.88172], [-123.054415, 38.882521], [-123.054579, 38.883515], [-123.053298, 38.890015], [-123.057194, 38.896398], [-123.05723, 38.897418], [-123.055916, 38.901075], [-123.057462, 38.904119], [-123.057629, 38.905318], [-123.056807, 38.906907], [-123.054367, 38.908754], [-123.053336, 38.911716], [-123.053948, 38.913497], [-123.057523, 38.916147], [-123.058387, 38.917414], [-123.058628, 38.918223], [-123.058628, 38.919657], [-123.057967, 38.921902], [-123.056296, 38.925524], [-123.057042, 38.928423], [-123.061587, 38.932533], [-123.063445, 38.935008], [-123.066646, 38.937779], [-123.070895, 38.939955], [-123.076044, 38.940242], [-123.077564, 38.940755], [-123.078672, 38.94143], [-123.079773, 38.94256], [-123.081395, 38.945762], [-123.083848, 38.948366], [-123.096927, 38.952414]], [[-123.014282, 38.828], [-123.015298, 38.831742], [-123.020207, 38.835176], [-123.020753, 38.83858], [-123.021521, 38.839777], [-123.026663, 38.842805], [-123.026867, 38.846387], [-123.02736, 38.847586], [-123.031601, 38.85246], [-123.037575, 38.857105], [-123.043851, 38.869091], [-123.045602, 38.877512], [-123.048672, 38.879973], [-123.053279, 38.881355], [-123.054348, 38.882718], [-123.053186, 38.890039], [-123.057054, 38.896404], [-123.055761, 38.900714], [-123.057499, 38.905242], [-123.054229, 38.908732], [-123.053218, 38.911937], [-123.054041, 38.913768], [-123.057814, 38.916674], [-123.058547, 38.918443], [-123.056165, 38.925487], [-123.056888, 38.928462], [-123.06347, 38.935212], [-123.06649, 38.937812], [-123.070465, 38.93992], [-123.078514, 38.941463], [-123.081234, 38.945789], [-123.083777, 38.948464], [-123.096927, 38.952414]], [[-122.727289, 38.465332], [-122.73407, 38.480071], [-122.760359, 38.498969], [-122.780299, 38.515033], [-122.804469, 38.541357], [-122.808948, 38.547786], [-122.815687, 38.553932], [-122.830956, 38.570023], [-122.846854, 38.591047], [-122.861795, 38.59939], [-122.869587, 38.604643], [-122.873353, 38.607474], [-122.877472, 38.612136], [-122.878508, 38.613904], [-122.878882, 38.615837], [-122.877652, 38.635778], [-122.877279, 38.637323], [-122.872097, 38.649637], [-122.871688, 38.65247], [-122.880081, 38.67198], [-122.882836, 38.691195], [-122.896812, 38.701224], [-122.905185, 38.7044], [-122.915865, 38.709945], [-122.925856, 38.7206], [-122.937402, 38.726042], [-122.940863, 38.728443], [-122.943161, 38.731276], [-122.946931, 38.738875], [-122.948598, 38.740678], [-122.965318, 38.749624], [-122.974595, 38.758374], [-122.985463, 38.762135], [-122.992828, 38.766031], [-122.996061, 38.768733], [-123.001096, 38.774632], [-123.007151, 38.779429], [-123.008887, 38.781739], [-123.009851, 38.784012], [-123.013085, 38.797714], [-123.013221, 38.800999], [-123.011886, 38.809791], [-123.015125, 38.821077], [-123.015207, 38.823714], [-123.01442, 38.827905]], [[-122.727045, 38.465339], [-122.73407, 38.480389], [-122.779852, 38.514887], [-122.809611, 38.54882], [-122.831216, 38.570649], [-122.846534, 38.591018], [-122.870935, 38.605771], [-122.877526, 38.612414], [-122.878737, 38.615882], [-122.877493, 38.635829], [-122.871887, 38.649738], [-122.871459, 38.652332], [-122.879884, 38.672209], [-122.88252, 38.691231], [-122.897467, 38.701952], [-122.915449, 38.71014], [-122.926064, 38.721036], [-122.940839, 38.728721], [-122.946728, 38.738969], [-122.948664, 38.740966], [-122.965069, 38.749699], [-122.974859, 38.758751], [-122.992447, 38.766028], [-123.000709, 38.774554], [-123.006754, 38.779362], [-123.009305, 38.783234], [-123.012855, 38.798125], [-123.011586, 38.809317], [-123.014992, 38.821769], [-123.014284, 38.827987]], [[-122.727284, 38.465318], [-122.726557, 38.4627], [-122.726244, 38.450933], [-122.725827, 38.448753], [-122.724855, 38.446926], [-122.717913, 38.436838], [-122.715244, 38.429869], [-122.716127, 38.417382], [-122.716358, 38.376418], [-122.715583, 38.373596], [-122.712972, 38.369687], [-122.712439, 38.366896], [-122.713247, 38.360189], [-122.712895, 38.325732], [-122.715206, 38.315594], [-122.714737, 38.312004], [-122.713331, 38.309607], [-122.700978, 38.295009], [-122.662787, 38.265907], [-122.623902, 38.244112], [-122.614363, 38.226176], [-122.612475, 38.224092], [-122.60454, 38.218178], [-122.599456, 38.207495], [-122.598652, 38.201986], [-122.601901, 38.187971], [-122.601582, 38.184959], [-122.600163, 38.181872], [-122.598476, 38.179826], [-122.596742, 38.178434], [-122.585908, 38.170396], [-122.579271, 38.166172], [-122.571288, 38.160051], [-122.56914, 38.157369], [-122.56462, 38.144104], [-122.563916, 38.132043], [-122.56624, 38.124129], [-122.561553, 38.095621], [-122.559281, 38.092167], [-122.542974, 38.076735], [-122.537939, 38.066756], [-122.530839, 38.056873], [-122.532048, 38.049032], [-122.537155, 38.040578], [-122.537997, 38.026987], [-122.542013, 38.013987], [-122.54188, 38.007772], [-122.54068, 38.005505], [-122.531958, 37.993588], [-122.521696, 37.981051], [-122.520714, 37.977347], [-122.52197, 37.971132], [-122.521769, 37.969878], [-122.521327, 37.969145], [-122.519768, 37.967857], [-122.51124, 37.963062], [-122.509754, 37.960709], [-122.508691, 37.953483], [-122.511864, 37.95008], [-122.514489, 37.945724], [-122.514987, 37.94455], [-122.516934, 37.936763], [-122.515342, 37.92762], [-122.511291, 37.918494], [-122.515657, 37.904811], [-122.516867, 37.889618], [-122.516696, 37.880994], [-122.516012, 37.879564], [-122.515146, 37.878657], [-122.507977, 37.873324], [-122.507201, 37.865029], [-122.506134, 37.86283], [-122.498778, 37.857415], [-122.494498, 37.855935], [-122.49277, 37.853064], [-122.490334, 37.851144], [-122.489239, 37.848608], [-122.486887, 37.846653], [-122.485807, 37.842259], [-122.486879, 37.840196], [-122.486896, 37.838833], [-122.48374, 37.834038], [-122.480948, 37.832458], [-122.486677, 37.838807], [-122.485469, 37.84289], [-122.486741, 37.84688], [-122.494335, 37.856015], [-122.505819, 37.862797], [-122.507754, 37.873281], [-122.516451, 37.880943], [-122.51543, 37.904794], [-122.511035, 37.917847], [-122.511544, 37.920387], [-122.515129, 37.927616], [-122.516637, 37.937569], [-122.514408, 37.945537], [-122.508649, 37.952909], [-122.508425, 37.955118], [-122.509663, 37.961448], [-122.510604, 37.962861], [-122.521392, 37.969548], [-122.520394, 37.977014], [-122.521265, 37.980747], [-122.541634, 38.007764], [-122.541825, 38.013815], [-122.538006, 38.025642], [-122.536763, 38.040727], [-122.531667, 38.049282], [-122.530603, 38.056905], [-122.54253, 38.076539], [-122.561127, 38.095291], [-122.565896, 38.123704], [-122.56361, 38.132061], [-122.564408, 38.14398], [-122.56875, 38.157106], [-122.571342, 38.160317], [-122.600235, 38.182254], [-122.601708, 38.187869], [-122.598545, 38.201217], [-122.599338, 38.20783], [-122.603994, 38.217842], [-122.614176, 38.226296], [-122.623886, 38.244378], [-122.662384, 38.26584], [-122.700696, 38.295006], [-122.71448, 38.311973], [-122.712643, 38.326238], [-122.712231, 38.367049], [-122.712658, 38.369453], [-122.716117, 38.376378], [-122.715028, 38.429904], [-122.717693, 38.4369], [-122.72574, 38.449122], [-122.726293, 38.462157], [-122.72704, 38.465325]], [[-122.417859, 37.769769], [-122.421007, 37.770086], [-122.421712, 37.77027], [-122.422898, 37.771027], [-122.423459, 37.771865]], [[-122.41784, 37.769884], [-122.421675, 37.77035], [-122.423358, 37.771941]], [[-122.420731, 37.781969], [-122.424687, 37.801261], [-122.444525, 37.79873], [-122.445141, 37.798924], [-122.451266, 37.803162], [-122.462273, 37.801489], [-122.469869, 37.803068], [-122.471899, 37.804018], [-122.473394, 37.80519], [-122.462106, 37.801748], [-122.451268, 37.80333], [-122.444523, 37.798845], [-122.424577, 37.80136], [-122.420567, 37.781985]], [[-122.418625, 37.773018], [-122.419341, 37.775139], [-122.420728, 37.781954]], [[-122.418625, 37.773018], [-122.420563, 37.781968]], [[-122.419884, 37.770392], [-122.418625, 37.773018]], [[-122.41784, 37.769884], [-122.418625, 37.773018]], [[-122.417922, 37.769246], [-122.417859, 37.769769]], [[-122.417859, 37.769769], [-122.41784, 37.769884]], [[-120.914512, 36.002194], [-120.928215, 36.019467], [-120.97633, 36.058331], [-120.991206, 36.071851], [-121.023855, 36.095618], [-121.025298, 36.098011], [-121.025652, 36.101242], [-121.024974, 36.103465], [-121.020096, 36.112612], [-121.020877, 36.118164], [-121.046877, 36.155798], [-121.059605, 36.170525], [-121.065053, 36.180458], [-121.070492, 36.185874], [-121.077785, 36.19019], [-121.113737, 36.201421], [-121.136948, 36.204113], [-121.146298, 36.197687], [-121.149743, 36.19741], [-121.152906, 36.198835], [-121.166663, 36.216854], [-121.173704, 36.22924], [-121.174243, 36.231291], [-121.176455, 36.251449], [-121.178227, 36.256161], [-121.181138, 36.26893], [-121.189099, 36.281265], [-121.199883, 36.292779], [-121.216837, 36.299234], [-121.232216, 36.310885], [-121.234404, 36.314334], [-121.235897, 36.320575], [-121.240414, 36.326155], [-121.25156, 36.335744], [-121.279953, 36.365518], [-121.305385, 36.387411], [-121.31726, 36.404141], [-121.318552, 36.406784], [-121.322001, 36.416855], [-121.326708, 36.422525], [-121.33571, 36.428781], [-121.339572, 36.434691], [-121.345576, 36.437195], [-121.347205, 36.438114], [-121.360221, 36.446617], [-121.366048, 36.451053], [-121.394535, 36.46859], [-121.413281, 36.480687], [-121.420416, 36.485928], [-121.424423, 36.48925], [-121.426348, 36.491402], [-121.441034, 36.517729], [-121.447798, 36.52127], [-121.463675, 36.523329], [-121.466015, 36.524118], [-121.467623, 36.525015], [-121.502874, 36.55416], [-121.551802, 36.601373], [-121.615003, 36.647716], [-121.616469, 36.649479], [-121.625653, 36.664772], [-121.629104, 36.666999], [-121.636536, 36.66919], [-121.638616, 36.670252], [-121.640377, 36.67246], [-121.643569, 36.681942], [-121.654419, 36.687844], [-121.661685, 36.693144], [-121.663182, 36.694765], [-121.66635, 36.701685], [-121.666506, 36.703865], [-121.666076, 36.705461], [-121.662063, 36.714279], [-121.657211, 36.734769], [-121.664151, 36.753008], [-121.668394, 36.766511], [-121.669097, 36.769649], [-121.669642, 36.77751], [-121.669446, 36.780918], [-121.666537, 36.794925], [-121.665609, 36.797571], [-121.664189, 36.799549], [-121.6618, 36.80115], [-121.650086, 36.805456], [-121.640225, 36.814576], [-121.630961, 36.819929], [-121.6283, 36.827544], [-121.630001, 36.831052], [-121.63049, 36.836129], [-121.635619, 36.847091], [-121.636163, 36.849091], [-121.635946, 36.850761], [-121.635178, 36.852387], [-121.633981, 36.853993], [-121.631976, 36.855857], [-121.629144, 36.857524], [-121.624001, 36.859551], [-121.617775, 36.863432], [-121.614677, 36.863219], [-121.611811, 36.861995], [-121.609772, 36.86073], [-121.60873, 36.860401], [-121.597168, 36.85928], [-121.585738, 36.86146], [-121.58059, 36.861889], [-121.577119, 36.863817], [-121.57071, 36.874575], [-121.568609, 36.8765], [-121.564615, 36.878966], [-121.562818, 36.880716], [-121.556898, 36.890989], [-121.556441, 36.892877], [-121.556836, 36.906085], [-121.556595, 36.907957], [-121.555978, 36.90941], [-121.554562, 36.911182], [-121.548848, 36.915992], [-121.547482, 36.921225], [-121.547593, 36.927918], [-121.551751, 36.933783], [-121.552701, 36.93704], [-121.553002, 36.948776], [-121.551222, 36.961676], [-121.558912, 36.984096], [-121.556282, 36.999176], [-121.557242, 37.004606], [-121.575612, 37.038576], [-121.589862, 37.071006], [-121.604582, 37.097796], [-121.623232, 37.114086], [-121.637502, 37.137246], [-121.657343, 37.157716], [-121.664337, 37.163304], [-121.687494, 37.186489], [-121.722274, 37.208842], [-121.743496, 37.227159], [-121.794281, 37.255713], [-121.797494, 37.258069], [-121.800485, 37.262159], [-121.805167, 37.276201], [-121.809193, 37.283118], [-121.811298, 37.297165], [-121.871783, 37.358624], [-121.879999, 37.361629], [-121.901504, 37.363929], [-121.904987, 37.365438], [-121.910455, 37.369564], [-121.915866, 37.371405], [-121.92359, 37.372655], [-121.953772, 37.379026], [-122.008652, 37.394656], [-122.049792, 37.403656], [-122.068502, 37.408056], [-122.081662, 37.413346], [-122.085732, 37.415946], [-122.098112, 37.425086], [-122.126452, 37.451756], [-122.178446, 37.482288], [-122.187456, 37.485111], [-122.207906, 37.487741], [-122.211674, 37.488539], [-122.215049, 37.489556], [-122.225124, 37.493909], [-122.235637, 37.497019], [-122.23864, 37.498487], [-122.274821, 37.530313], [-122.302901, 37.560523], [-122.330209, 37.585507], [-122.333641, 37.586608], [-122.353524, 37.58716], [-122.355674, 37.587481], [-122.358107, 37.588224], [-122.360622, 37.589533], [-122.395277, 37.612122], [-122.398415, 37.615974], [-122.402216, 37.627322], [-122.406024, 37.640975], [-122.407098, 37.654163], [-122.406635, 37.656241], [-122.404982, 37.659432], [-122.404372, 37.660219], [-122.39133, 37.671717], [-122.388582, 37.67932], [-122.39582, 37.711389], [-122.398778, 37.716058], [-122.403029, 37.727914], [-122.407664, 37.736673], [-122.408077, 37.738098], [-122.408166, 37.739641], [-122.407859, 37.74103], [-122.40299, 37.752756], [-122.403556, 37.75681], [-122.405915, 37.75894], [-122.406504, 37.760261], [-122.405537, 37.767536], [-122.417859, 37.769769]], [[-120.914265, 36.002297], [-120.928161, 36.019774], [-120.990635, 36.071775], [-121.02332, 36.095457], [-121.025302, 36.101214], [-121.019763, 36.112618], [-121.020439, 36.117982], [-121.046856, 36.156288], [-121.059152, 36.17038], [-121.064205, 36.179872], [-121.069995, 36.185796], [-121.077152, 36.190287], [-121.113238, 36.201533], [-121.13783, 36.204514], [-121.141169, 36.203451], [-121.147184, 36.198009], [-121.15286, 36.199083], [-121.166465, 36.216979], [-121.173374, 36.229046], [-121.176186, 36.251453], [-121.180892, 36.269021], [-121.189139, 36.281649], [-121.200259, 36.293279], [-121.216869, 36.299493], [-121.23204, 36.311034], [-121.235994, 36.321147], [-121.240552, 36.326629], [-121.2512, 36.33573], [-121.280537, 36.366404], [-121.305654, 36.388172], [-121.317214, 36.404545], [-121.321687, 36.416767], [-121.326388, 36.42255], [-121.335764, 36.429122], [-121.339428, 36.434841], [-121.346254, 36.437794], [-121.365362, 36.450832], [-121.418275, 36.48455], [-121.426253, 36.491691], [-121.440522, 36.517606], [-121.447763, 36.521487], [-121.467507, 36.52523], [-121.502538, 36.554305], [-121.55251, 36.602261], [-121.614579, 36.64765], [-121.625155, 36.664595], [-121.628398, 36.666872], [-121.638912, 36.670763], [-121.643066, 36.681731], [-121.662897, 36.694823], [-121.666184, 36.704296], [-121.661726, 36.714483], [-121.65683, 36.733813], [-121.668933, 36.769229], [-121.669394, 36.780244], [-121.665502, 36.79742], [-121.662081, 36.800849], [-121.650071, 36.805298], [-121.64052, 36.814147], [-121.630824, 36.819886], [-121.628134, 36.827494], [-121.63044, 36.836318], [-121.636029, 36.848956], [-121.632091, 36.855577], [-121.616774, 36.862751], [-121.608183, 36.860031], [-121.597066, 36.859054], [-121.580518, 36.861465], [-121.577129, 36.86331], [-121.570442, 36.874597], [-121.564346, 36.878885], [-121.562486, 36.880808], [-121.556533, 36.891375], [-121.556242, 36.892978], [-121.55643, 36.907811], [-121.55438, 36.911083], [-121.550281, 36.914154], [-121.549138, 36.915398], [-121.548126, 36.917037], [-121.547538, 36.919034], [-121.546938, 36.926724], [-121.547268, 36.928734], [-121.552358, 36.936274], [-121.552808, 36.948074], [-121.550994, 36.961558], [-121.558498, 36.983544], [-121.555908, 36.999514], [-121.556908, 37.004734], [-121.575348, 37.038834], [-121.589656, 37.071464], [-121.604058, 37.097624], [-121.623198, 37.114594], [-121.637248, 37.137424], [-121.655636, 37.156441], [-121.687264, 37.186709], [-121.721359, 37.208505], [-121.743823, 37.227664], [-121.797214, 37.258175], [-121.800205, 37.262236], [-121.804888, 37.276249], [-121.808885, 37.283045], [-121.81134, 37.29772], [-121.862838, 37.351299], [-121.871696, 37.358794], [-121.879192, 37.361678], [-121.901413, 37.364148], [-121.91024, 37.369705], [-121.916065, 37.371675], [-121.953538, 37.379184], [-122.008848, 37.394893], [-122.068048, 37.408144], [-122.081978, 37.413704], [-122.097905, 37.425182], [-122.125918, 37.451654], [-122.177885, 37.482249], [-122.186797, 37.485147], [-122.212358, 37.488873], [-122.225236, 37.494112], [-122.235543, 37.497151], [-122.23873, 37.498772], [-122.275306, 37.53105], [-122.301962, 37.5599], [-122.32985, 37.585503], [-122.333906, 37.586815], [-122.357371, 37.588131], [-122.39531, 37.612498], [-122.398025, 37.61589], [-122.401994, 37.627293], [-122.405934, 37.642113], [-122.406911, 37.653949], [-122.404166, 37.660207], [-122.39126, 37.671437], [-122.388337, 37.679051], [-122.395569, 37.711433], [-122.398811, 37.716641], [-122.402884, 37.728444], [-122.407908, 37.73794], [-122.402879, 37.751855], [-122.403211, 37.756518], [-122.4063, 37.760273], [-122.405269, 37.76751], [-122.408287, 37.76989], [-122.410063, 37.769414], [-122.41784, 37.769884]], [[-120.824369, 35.867719], [-120.834198, 35.872712], [-120.836251, 35.874371], [-120.838112, 35.876844], [-120.841884, 35.884443], [-120.841877, 35.898279], [-120.84368, 35.904006], [-120.848701, 35.910584], [-120.859995, 35.917565], [-120.868706, 35.925806], [-120.869671, 35.927473], [-120.87648, 35.947612], [-120.884664, 35.960507], [-120.895102, 35.969352], [-120.90076, 35.977153], [-120.901949, 35.979616], [-120.903921, 35.986708], [-120.914503, 36.002182]], [[-120.824137, 35.867836], [-120.837094, 35.875751], [-120.84151, 35.884227], [-120.841549, 35.898653], [-120.84335, 35.904072], [-120.848385, 35.910679], [-120.859263, 35.917407], [-120.868758, 35.926459], [-120.875934, 35.947068], [-120.884441, 35.960593], [-120.894855, 35.969428], [-120.900179, 35.976708], [-120.903822, 35.987046], [-120.914256, 36.002284]], [[-120.706135, 35.528402], [-120.709078, 35.530982], [-120.710171, 35.532596], [-120.715771, 35.546513], [-120.716007, 35.549213], [-120.714477, 35.551936], [-120.702902, 35.564683], [-120.698109, 35.573723], [-120.695477, 35.595713], [-120.692788, 35.601795], [-120.69173, 35.610379], [-120.68622, 35.61983], [-120.686825, 35.630993], [-120.68428, 35.638699], [-120.690024, 35.650927], [-120.696799, 35.655056], [-120.697891, 35.656653], [-120.698229, 35.658085], [-120.696196, 35.667635], [-120.697005, 35.679909], [-120.696727, 35.699861], [-120.694297, 35.712802], [-120.701176, 35.729479], [-120.701663, 35.732667], [-120.69933, 35.762023], [-120.707294, 35.771723], [-120.724409, 35.781959], [-120.725723, 35.783196], [-120.732963, 35.792614], [-120.744152, 35.800054], [-120.745943, 35.801806], [-120.751601, 35.810064], [-120.759379, 35.82332], [-120.75977, 35.826212], [-120.757863, 35.838461], [-120.758513, 35.841462], [-120.766345, 35.849358], [-120.792498, 35.855452], [-120.7997, 35.854954], [-120.802341, 35.855253], [-120.804978, 35.856631], [-120.809422, 35.861155], [-120.815736, 35.863458], [-120.824353, 35.867712]], [[-120.705983, 35.528531], [-120.710036, 35.532876], [-120.715775, 35.549163], [-120.702719, 35.56456], [-120.697831, 35.573773], [-120.695143, 35.59601], [-120.69259, 35.601562], [-120.691317, 35.610429], [-120.68611, 35.619261], [-120.686531, 35.631301], [-120.684026, 35.638631], [-120.68978, 35.65097], [-120.69639, 35.655019], [-120.698045, 35.658373], [-120.695952, 35.668087], [-120.696449, 35.700779], [-120.694061, 35.712571], [-120.701405, 35.733407], [-120.699505, 35.741197], [-120.699101, 35.762073], [-120.7056, 35.770855], [-120.724147, 35.781978], [-120.733028, 35.792934], [-120.745711, 35.801869], [-120.7592, 35.823567], [-120.757625, 35.838289], [-120.758097, 35.841118], [-120.766042, 35.849343], [-120.770548, 35.851543], [-120.79244, 35.855619], [-120.802265, 35.855447], [-120.809061, 35.861179], [-120.824122, 35.867828]], [[-120.704352, 35.52289], [-120.706122, 35.528392]], [[-120.704126, 35.522966], [-120.705971, 35.528521]], [[-120.51954, 35.074413], [-120.526172, 35.079373], [-120.53212, 35.085297], [-120.541873, 35.091485], [-120.548946, 35.101623], [-120.556346, 35.107939], [-120.568098, 35.112681], [-120.58084, 35.12035], [-120.593854, 35.124358], [-120.603347, 35.129142], [-120.611423, 35.131159], [-120.622599, 35.136297], [-120.635695, 35.139255], [-120.637545, 35.140315], [-120.646194, 35.147609], [-120.658332, 35.152084], [-120.686254, 35.163474], [-120.688514, 35.165109], [-120.696687, 35.173887], [-120.701177, 35.181891], [-120.701589, 35.184103], [-120.700984, 35.19153], [-120.697456, 35.201916], [-120.696611, 35.215215], [-120.692117, 35.222129], [-120.691207, 35.229799], [-120.690753, 35.231079], [-120.689273, 35.232874], [-120.684429, 35.236582], [-120.683199, 35.243159], [-120.673971, 35.258707], [-120.67382, 35.264272], [-120.673026, 35.269693], [-120.669801, 35.279353], [-120.66832, 35.282562], [-120.665766, 35.285205], [-120.657066, 35.291551], [-120.655029, 35.291983], [-120.645604, 35.292021], [-120.64164, 35.294225], [-120.640014, 35.294854], [-120.638077, 35.295212], [-120.633412, 35.295467], [-120.632016, 35.29578], [-120.627204, 35.298411], [-120.625974, 35.300521], [-120.625807, 35.305539], [-120.624121, 35.312633], [-120.623304, 35.314198], [-120.621896, 35.316], [-120.621338, 35.317303], [-120.621587, 35.322245], [-120.620287, 35.326301], [-120.627393, 35.338473], [-120.630132, 35.3478], [-120.633312, 35.35101], [-120.636411, 35.354815], [-120.638448, 35.361361], [-120.638723, 35.364216], [-120.640889, 35.367308], [-120.641445, 35.368827], [-120.641352, 35.370663], [-120.640505, 35.372246], [-120.626107, 35.389859], [-120.622701, 35.398982], [-120.625967, 35.408364], [-120.627185, 35.414339], [-120.636811, 35.433704], [-120.639732, 35.450349], [-120.655745, 35.471466], [-120.662179, 35.483081], [-120.673134, 35.489892], [-120.68759, 35.500063], [-120.691755, 35.503475], [-120.69604, 35.508202], [-120.703245, 35.518502], [-120.704168, 35.520644], [-120.704353, 35.522876]], [[-120.519111, 35.074641], [-120.531916, 35.085701], [-120.542275, 35.092817], [-120.548925, 35.10238], [-120.555499, 35.107778], [-120.567627, 35.112704], [-120.580915, 35.120592], [-120.622584, 35.13651], [-120.635909, 35.139625], [-120.646752, 35.148218], [-120.685698, 35.163407], [-120.696223, 35.173964], [-120.70099, 35.182043], [-120.700703, 35.19202], [-120.69699, 35.202214], [-120.696354, 35.215138], [-120.691877, 35.222118], [-120.690445, 35.23117], [-120.684359, 35.236287], [-120.683035, 35.242995], [-120.673762, 35.258628], [-120.672976, 35.269177], [-120.668308, 35.282161], [-120.656795, 35.291494], [-120.645952, 35.291802], [-120.640681, 35.294517], [-120.632473, 35.295532], [-120.627335, 35.298139], [-120.625833, 35.30062], [-120.623888, 35.31298], [-120.621569, 35.316113], [-120.62115, 35.317252], [-120.620121, 35.326277], [-120.627275, 35.338537], [-120.630054, 35.34797], [-120.636436, 35.355616], [-120.638279, 35.364227], [-120.641011, 35.368396], [-120.640595, 35.37154], [-120.628855, 35.385019], [-120.623489, 35.393891], [-120.622473, 35.39779], [-120.622727, 35.401047], [-120.626931, 35.414271], [-120.636589, 35.433751], [-120.639638, 35.450654], [-120.655772, 35.471888], [-120.661827, 35.482993], [-120.691596, 35.503591], [-120.702933, 35.518478], [-120.704126, 35.522951]], [[-120.21102, 34.473325], [-120.223446, 34.473227], [-120.225703, 34.473825], [-120.227183, 34.474996], [-120.23027, 34.481596], [-120.230523, 34.482893], [-120.230345, 34.483756], [-120.2299, 34.484567], [-120.226732, 34.487853], [-120.226271, 34.489587], [-120.227128, 34.492787], [-120.23083, 34.49497], [-120.231177, 34.497781], [-120.230346, 34.4995], [-120.22683, 34.503467], [-120.226536, 34.507562], [-120.225845, 34.509502], [-120.224679, 34.510853], [-120.219225, 34.515127], [-120.216872, 34.518499], [-120.210154, 34.523404], [-120.208523, 34.52384], [-120.204084, 34.523707], [-120.200532, 34.524932], [-120.196974, 34.52868], [-120.197225, 34.539427], [-120.196191, 34.542577], [-120.191991, 34.549406], [-120.192303, 34.558384], [-120.18995, 34.563467], [-120.190909, 34.569223], [-120.193248, 34.572062], [-120.193763, 34.573543], [-120.194023, 34.576614], [-120.193612, 34.579448], [-120.193954, 34.582552], [-120.191367, 34.587891], [-120.194248, 34.592375], [-120.194572, 34.594427], [-120.192146, 34.60197], [-120.189314, 34.62268], [-120.18506, 34.644497], [-120.18212, 34.655198], [-120.176442, 34.663624], [-120.174241, 34.665716], [-120.170402, 34.668644], [-120.162705, 34.671063], [-120.158416, 34.675641], [-120.156737, 34.684438], [-120.159632, 34.692147], [-120.168162, 34.701471], [-120.171166, 34.706091], [-120.175362, 34.709077], [-120.183801, 34.71147], [-120.191882, 34.715551], [-120.204335, 34.718803], [-120.211873, 34.72296], [-120.226999, 34.72742], [-120.244457, 34.734862], [-120.261885, 34.737497], [-120.26591, 34.739017], [-120.297393, 34.758466], [-120.317608, 34.782847], [-120.335097, 34.792722], [-120.337391, 34.794644], [-120.342049, 34.800677], [-120.348605, 34.816172], [-120.365973, 34.831068], [-120.383466, 34.850461], [-120.416165, 34.888211], [-120.41742, 34.890171], [-120.418049, 34.891963], [-120.418293, 34.89532], [-120.417862, 34.944042], [-120.417478, 34.956498], [-120.432267, 34.982748], [-120.433167, 34.985391], [-120.434869, 34.996241], [-120.43633, 34.999494], [-120.441075, 35.004468], [-120.459919, 35.01457], [-120.462801, 35.016552], [-120.484679, 35.036778], [-120.519527, 35.074403]], [[-120.211018, 34.473502], [-120.223398, 34.473407], [-120.227031, 34.475029], [-120.230399, 34.482878], [-120.226218, 34.488059], [-120.226044, 34.491723], [-120.226775, 34.493129], [-120.230196, 34.495178], [-120.230863, 34.498183], [-120.226697, 34.503427], [-120.225644, 34.509552], [-120.219085, 34.515027], [-120.216936, 34.518175], [-120.209924, 34.523294], [-120.204073, 34.523523], [-120.200418, 34.524777], [-120.196723, 34.528671], [-120.196922, 34.540035], [-120.191995, 34.548614], [-120.191304, 34.552519], [-120.192078, 34.558339], [-120.189727, 34.563306], [-120.190757, 34.569489], [-120.193508, 34.573561], [-120.193452, 34.579434], [-120.193828, 34.582485], [-120.191168, 34.587908], [-120.194287, 34.594741], [-120.192776, 34.598824], [-120.191244, 34.605377], [-120.185171, 34.642986], [-120.181911, 34.655091], [-120.176287, 34.663469], [-120.170354, 34.668443], [-120.162593, 34.670855], [-120.158229, 34.675512], [-120.156515, 34.684456], [-120.159647, 34.692652], [-120.170586, 34.706424], [-120.173959, 34.708906], [-120.19379, 34.716616], [-120.204379, 34.719123], [-120.212438, 34.723405], [-120.226905, 34.727597], [-120.244521, 34.735084], [-120.265682, 34.739119], [-120.297113, 34.758577], [-120.317385, 34.783022], [-120.337116, 34.794801], [-120.341751, 34.800751], [-120.348451, 34.816415], [-120.36574, 34.831248], [-120.417284, 34.890614], [-120.417289, 34.956691], [-120.432202, 34.983037], [-120.434461, 34.99557], [-120.435749, 34.99902], [-120.440867, 35.004574], [-120.462595, 35.016641], [-120.484878, 35.037299], [-120.519098, 35.074631]], [[-118.377342, 34.153112], [-118.397697, 34.154384], [-118.40488, 34.156602], [-118.421057, 34.156666], [-118.427816, 34.155538], [-118.44394, 34.155155], [-118.460035, 34.159145], [-118.468515, 34.159574], [-118.475277, 34.165093], [-118.490533, 34.165092], [-118.492549, 34.165378], [-118.503091, 34.170944], [-118.52883, 34.171118], [-118.53086, 34.171449], [-118.536215, 34.173181], [-118.559102, 34.173547], [-118.569337, 34.172548], [-118.580148, 34.168688], [-118.584963, 34.167846], [-118.588726, 34.168017], [-118.606033, 34.17068], [-118.609222, 34.170485], [-118.616295, 34.166681], [-118.65399, 34.152555], [-118.663524, 34.149838], [-118.666391, 34.149403], [-118.671853, 34.149098], [-118.67385, 34.149272], [-118.679799, 34.151008], [-118.687509, 34.150463], [-118.694507, 34.150766], [-118.700841, 34.145431], [-118.706745, 34.142001], [-118.71072, 34.140403], [-118.716228, 34.138812], [-118.727572, 34.137875], [-118.729894, 34.138571], [-118.73758, 34.142945], [-118.7448, 34.143183], [-118.771688, 34.147263], [-118.79078, 34.14605], [-118.795645, 34.146428], [-118.819582, 34.153884], [-118.852664, 34.175245], [-118.879154, 34.177616], [-118.881262, 34.178343], [-118.892115, 34.18367], [-118.894944, 34.184487], [-118.923758, 34.1842], [-118.926638, 34.184524], [-118.937506, 34.188907], [-118.947316, 34.193307], [-118.957545, 34.199886], [-118.977164, 34.201245], [-118.979541, 34.20231], [-118.982968, 34.204971], [-118.989172, 34.205497], [-118.990706, 34.206277], [-118.993463, 34.208601], [-118.995534, 34.209625], [-119.013612, 34.215446], [-119.029229, 34.215688], [-119.103365, 34.221784], [-119.132663, 34.222051], [-119.142649, 34.222542], [-119.153665, 34.223726], [-119.167229, 34.227307], [-119.171222, 34.229334], [-119.180133, 34.238853], [-119.195336, 34.244419], [-119.235249, 34.264266], [-119.241954, 34.264668], [-119.250422, 34.259479], [-119.252904, 34.258963], [-119.255257, 34.259201], [-119.267888, 34.263888], [-119.270249, 34.265884], [-119.272724, 34.269396], [-119.275372, 34.271172], [-119.283226, 34.272457], [-119.291207, 34.277021], [-119.301319, 34.277514], [-119.314028, 34.281349], [-119.334117, 34.289742], [-119.336164, 34.290966], [-119.337928, 34.292618], [-119.349176, 34.306365], [-119.363854, 34.317111], [-119.373766, 34.321993], [-119.385223, 34.32077], [-119.388516, 34.321296], [-119.391107, 34.322464], [-119.402028, 34.333844], [-119.412282, 34.34144], [-119.418682, 34.343804], [-119.420657, 34.344944], [-119.428691, 34.3538], [-119.433157, 34.355726], [-119.440594, 34.356218], [-119.443249, 34.357286], [-119.45987, 34.37385], [-119.46819, 34.376093], [-119.475034, 34.375727], [-119.478748, 34.376613], [-119.480779, 34.378336], [-119.483487, 34.382755], [-119.485107, 34.383939], [-119.505905, 34.390754], [-119.507635, 34.391646], [-119.516532, 34.401069], [-119.546501, 34.406351], [-119.548124, 34.407179], [-119.551657, 34.409721], [-119.558613, 34.415071], [-119.560487, 34.415994], [-119.577537, 34.415463], [-119.588284, 34.417411], [-119.600582, 34.421083], [-119.607075, 34.420675], [-119.615516, 34.421465], [-119.622495, 34.420823], [-119.625639, 34.42085], [-119.63375, 34.422613], [-119.636613, 34.422211], [-119.641373, 34.420045], [-119.643909, 34.419669], [-119.658484, 34.422994], [-119.671476, 34.419781], [-119.687586, 34.419251], [-119.695514, 34.413126], [-119.697858, 34.412293], [-119.700373, 34.412155], [-119.702181, 34.412541], [-119.703661, 34.413276], [-119.720103, 34.425216], [-119.73783, 34.428357], [-119.741641, 34.429627], [-119.747159, 34.432818], [-119.755261, 34.439897], [-119.758478, 34.441119], [-119.769099, 34.440804], [-119.778345, 34.44208], [-119.801776, 34.441452], [-119.809786, 34.441856], [-119.820474, 34.44053], [-119.848189, 34.437818], [-119.853604, 34.437533], [-119.878309, 34.432562], [-119.907119, 34.43228], [-119.911359, 34.432745], [-119.927402, 34.438283], [-119.939099, 34.439671], [-119.952061, 34.442875], [-119.956072, 34.44494], [-119.967102, 34.453298], [-119.972955, 34.456066], [-120.006408, 34.461267], [-120.038363, 34.464221], [-120.056994, 34.462188], [-120.060445, 34.462708], [-120.069071, 34.465487], [-120.079327, 34.461658], [-120.090089, 34.461135], [-120.097706, 34.462896], [-120.101082, 34.464776], [-120.110052, 34.468042], [-120.117998, 34.471748], [-120.128445, 34.472754], [-120.140709, 34.474628], [-120.168483, 34.471409], [-120.186841, 34.471452], [-120.211002, 34.473325]], [[-118.221153, 34.034108], [-118.221136, 34.046251], [-118.221827, 34.048535], [-118.223214, 34.051282], [-118.223877, 34.052019], [-118.225381, 34.052647], [-118.234656, 34.053911], [-118.23654, 34.053873], [-118.237611, 34.054148], [-118.244862, 34.058709], [-118.249716, 34.063779], [-118.255295, 34.067618], [-118.273805, 34.075096], [-118.279685, 34.076804], [-118.28921, 34.079035], [-118.298789, 34.083753], [-118.30417, 34.08762], [-118.308032, 34.092983], [-118.31334, 34.096716], [-118.316619, 34.10186], [-118.317848, 34.103122], [-118.320124, 34.104181], [-118.32546, 34.104937], [-118.334084, 34.11021], [-118.338316, 34.11984], [-118.345347, 34.127333], [-118.351164, 34.132738], [-118.359237, 34.135378], [-118.364872, 34.13934], [-118.368542, 34.14555], [-118.377971, 34.154515], [-118.397561, 34.154561], [-118.404881, 34.156793], [-118.421245, 34.156851], [-118.443609, 34.155317], [-118.450244, 34.157486], [-118.460359, 34.159391], [-118.467194, 34.159912], [-118.475427, 34.165324], [-118.492647, 34.165604], [-118.503049, 34.17113], [-118.528821, 34.171291], [-118.536186, 34.173353], [-118.559983, 34.173707], [-118.569683, 34.172668], [-118.584698, 34.168052], [-118.606099, 34.17085], [-118.609281, 34.170642], [-118.616378, 34.166825], [-118.662937, 34.15017], [-118.672797, 34.149308], [-118.679408, 34.151175], [-118.693703, 34.151177], [-118.696475, 34.149975], [-118.701262, 34.145355], [-118.708594, 34.141349], [-118.715892, 34.139037], [-118.727262, 34.138034], [-118.737918, 34.143262], [-118.772455, 34.147559], [-118.7961, 34.146781], [-118.819227, 34.153968], [-118.85299, 34.175578], [-118.878621, 34.177654], [-118.892034, 34.183861], [-118.894918, 34.184692], [-118.926968, 34.184802], [-118.947202, 34.193471], [-118.957449, 34.200058], [-118.977399, 34.20151], [-118.982906, 34.205141], [-118.989416, 34.205769], [-118.993343, 34.208733], [-118.995065, 34.209652], [-119.013281, 34.215569], [-119.104227, 34.222048], [-119.143237, 34.222725], [-119.16645, 34.227221], [-119.171207, 34.229829], [-119.179949, 34.239021], [-119.194877, 34.244441], [-119.235197, 34.264393], [-119.242025, 34.264793], [-119.250518, 34.259659], [-119.255186, 34.259352], [-119.26762, 34.264004], [-119.272799, 34.269811], [-119.27543, 34.271433], [-119.282805, 34.272561], [-119.291113, 34.27726], [-119.3011, 34.277686], [-119.313851, 34.281533], [-119.333876, 34.289872], [-119.348663, 34.306389], [-119.363534, 34.317193], [-119.374018, 34.322326], [-119.385243, 34.321103], [-119.391156, 34.32292], [-119.402144, 34.334367], [-119.412526, 34.341953], [-119.420581, 34.345215], [-119.428216, 34.353808], [-119.432635, 34.355877], [-119.443005, 34.35735], [-119.459318, 34.373807], [-119.468143, 34.376287], [-119.478116, 34.376577], [-119.479915, 34.377739], [-119.482844, 34.382373], [-119.485151, 34.384231], [-119.507125, 34.391579], [-119.516476, 34.401263], [-119.546426, 34.406511], [-119.558474, 34.415218], [-119.560618, 34.416205], [-119.577469, 34.415687], [-119.600569, 34.421244], [-119.614191, 34.421872], [-119.625222, 34.420967], [-119.633741, 34.422768], [-119.637651, 34.422087], [-119.642175, 34.42], [-119.644223, 34.419872], [-119.658435, 34.423231], [-119.671525, 34.419947], [-119.687846, 34.419349], [-119.695365, 34.413412], [-119.700157, 34.412273], [-119.703741, 34.413496], [-119.706791, 34.416106], [-119.719091, 34.424715], [-119.720828, 34.425667], [-119.742105, 34.430031], [-119.75523, 34.440058], [-119.758297, 34.441263], [-119.769149, 34.440983], [-119.777022, 34.442178], [-119.788557, 34.442416], [-119.809807, 34.441983], [-119.853443, 34.437729], [-119.87778, 34.432816], [-119.907693, 34.432539], [-119.926597, 34.438314], [-119.951965, 34.443083], [-119.967747, 34.454046], [-119.972288, 34.456099], [-120.005625, 34.461365], [-120.038035, 34.464507], [-120.057615, 34.462563], [-120.069085, 34.465745], [-120.079754, 34.461842], [-120.091037, 34.461762], [-120.118479, 34.472279], [-120.14019, 34.474742], [-120.17443, 34.471718], [-120.211, 34.473502]], [[-118.221257, 34.034048], [-118.221297, 34.046378], [-118.223947, 34.051697], [-118.237597, 34.053975], [-118.244649, 34.058376], [-118.255363, 34.067471], [-118.274016, 34.074998], [-118.289954, 34.078529], [-118.296655, 34.081966], [-118.304214, 34.087416], [-118.307867, 34.092589], [-118.3137, 34.096846], [-118.31787, 34.102922], [-118.32573, 34.104873], [-118.33426, 34.110086], [-118.338683, 34.119911], [-118.345635, 34.127261], [-118.351137, 34.132433], [-118.359168, 34.135077], [-118.364851, 34.139011], [-118.368877, 34.145614], [-118.377329, 34.153105]]]}}, {"type": "Feature", "properties": {"route_number": "US-199"}, "geometry": {"type": "MultiLineString", "coordinates": [[[-124.148531, 41.80338], [-124.144907, 41.804451], [-124.13935, 41.804373], [-124.137368, 41.80524]], [[-124.147903, 41.80271], [-124.145458, 41.804036], [-124.139494, 41.80423], [-124.137368, 41.80524]], [[-124.137368, 41.80524], [-124.1318, 41.808856], [-124.127153, 41.80772], [-124.127952, 41.810274], [-124.124365, 41.811296], [-124.121937, 41.810317], [-124.115543, 41.811605], [-124.112334, 41.809863], [-124.10973, 41.81138], [-124.094649, 41.811592], [-124.081253, 41.805652], [-124.084296, 41.80048]], [[-124.084296, 41.80048], [-124.084331, 41.800448], [-124.084403, 41.800049], [-124.084436, 41.799429], [-124.084367, 41.798832], [-124.084206, 41.798324], [-124.083832, 41.797845]], [[-124.084296, 41.80048], [-124.083832, 41.797845]], [[-124.083832, 41.797845], [-124.075476, 41.793498]], [[-124.075476, 41.793498], [-124.062766, 41.791396]], [[-124.075476, 41.793498], [-124.072947, 41.793034], [-124.062766, 41.791396]], [[-124.062766, 41.791396], [-124.058544, 41.791919], [-124.058429, 41.797469], [-124.05268, 41.803536], [-124.051815, 41.808226], [-124.045424, 41.809827], [-124.043983, 41.814307], [-124.039036, 41.816481], [-124.034378, 41.822246]], [[-124.034378, 41.822246], [-124.034047, 41.822322]], [[-124.034378, 41.822246], [-124.034371, 41.822249], [-124.034047, 41.822322]], [[-124.034047, 41.822322], [-124.031687, 41.823063], [-124.031939, 41.829529], [-124.034685, 41.830923], [-124.036188, 41.834231], [-124.035187, 41.83935], [-124.024685, 41.839169], [-124.022032, 41.843329], [-124.018772, 41.843955], [-124.010528, 41.84223], [-124.005378, 41.843619], [-123.992862, 41.842349]], [[-123.992862, 41.842349], [-123.991429, 41.842422], [-123.989774, 41.842684], [-123.981136, 41.84516], [-123.969044, 41.845401], [-123.953578, 41.840737], [-123.949595, 41.838162], [-123.947977, 41.837398], [-123.942886, 41.836252], [-123.941214, 41.836208], [-123.940307, 41.836296], [-123.939174, 41.836526], [-123.937743, 41.837046], [-123.933863, 41.839057], [-123.926157, 41.844035], [-123.917184, 41.845811], [-123.916071, 41.846303], [-123.913116, 41.848452], [-123.911927, 41.84873], [-123.909259, 41.848904], [-123.908236, 41.849121], [-123.9026, 41.851772], [-123.894287, 41.853173], [-123.892784, 41.853927], [-123.890098, 41.856294], [-123.888744, 41.856939], [-123.875548, 41.858966], [-123.874984, 41.859146], [-123.874095, 41.859666]], [[-123.992862, 41.842349], [-123.989758, 41.842727], [-123.98397, 41.844552], [-123.981741, 41.845095], [-123.980263, 41.845316], [-123.969039, 41.845474], [-123.953676, 41.84087], [-123.947934, 41.837494], [-123.940772, 41.83631], [-123.925854, 41.844241], [-123.917225, 41.845878], [-123.91316, 41.848516], [-123.902632, 41.851841], [-123.894333, 41.853238], [-123.89018, 41.856366], [-123.888778, 41.857012], [-123.874095, 41.859666]], [[-123.874095, 41.859666], [-123.863719, 41.864999], [-123.857104, 41.863604], [-123.853244, 41.871275], [-123.845716, 41.872641], [-123.842898, 41.875072], [-123.840295, 41.873864], [-123.838398, 41.86887], [-123.833729, 41.867714], [-123.83163, 41.86936], [-123.831547, 41.878078], [-123.827323, 41.878484], [-123.826395, 41.883735], [-123.819957, 41.882135], [-123.808758, 41.884733], [-123.802896, 41.889149], [-123.792378, 41.889665], [-123.792878, 41.892011], [-123.789558, 41.894624], [-123.786185, 41.895912], [-123.783966, 41.894369], [-123.778982, 41.895108], [-123.770794, 41.898625], [-123.768503, 41.900838], [-123.768204, 41.906503]], [[-123.768204, 41.906503], [-123.76812, 41.907363], [-123.768298, 41.908321], [-123.770098, 41.912404], [-123.768677, 41.91483], [-123.7683, 41.917569], [-123.76521, 41.920007]], [[-123.768204, 41.906503], [-123.770194, 41.912417], [-123.768327, 41.917644], [-123.76521, 41.920007]], [[-123.76521, 41.920007], [-123.757257, 41.928746], [-123.755326, 41.937146], [-123.749956, 41.941087], [-123.743384, 41.95114], [-123.743113, 41.955018], [-123.746051, 41.960999], [-123.74698, 41.967884], [-123.74041, 41.974524], [-123.731326, 41.97555], [-123.72003, 41.980503], [-123.717815, 41.990626], [-123.721445, 41.996884]]]}}, {"type": "Feature", "properties": {"route_number": "US-395"}, "geometry": {"type": "MultiLineString", "coordinates": [[[-120.575784, 40.371255], [-120.576472, 40.371947], [-120.577579, 40.372832], [-120.582589, 40.376127]], [[-120.582589, 40.376127], [-120.591879, 40.38055], [-120.589646, 40.38313], [-120.586425, 40.383946], [-120.529697, 40.375696], [-120.502051, 40.377362], [-120.484793, 40.375422], [-120.442616, 40.364958]], [[-120.575784, 40.371255], [-120.582589, 40.376127]], [[-120.560393, 40.343162], [-120.557979, 40.348098], [-120.55839, 40.35139], [-120.575784, 40.371255]], [[-120.557169, 40.336713], [-120.558587, 40.337172], [-120.559593, 40.337786], [-120.560376, 40.33851], [-120.560942, 40.339404], [-120.561192, 40.340228], [-120.561161, 40.341396], [-120.560393, 40.343162]], [[-120.557169, 40.336713], [-120.560869, 40.339416], [-120.560393, 40.343162]], [[-120.546229, 40.330834], [-120.557169, 40.336713]], [[-120.544758, 40.325982], [-120.546229, 40.330834]], [[-120.544758, 40.325982], [-120.544936, 40.328639], [-120.546229, 40.330834]], [[-120.54147, 40.316617], [-120.544011, 40.320361], [-120.544758, 40.325982]], [[-120.519976, 40.300744], [-120.525491, 40.303733], [-120.5277, 40.305199], [-120.54147, 40.316617]], [[-120.519976, 40.300744], [-120.54147, 40.316617]], [[-120.510837, 40.295677], [-120.519976, 40.300744]], [[-120.505775, 40.292866], [-120.510837, 40.295677]], [[-120.505775, 40.292866], [-120.506918, 40.293549], [-120.510837, 40.295677]], [[-120.503712, 40.291739], [-120.505775, 40.292866]], [[-120.504747, 41.184193], [-120.504746, 41.18422], [-120.504743, 41.184962]], [[-120.504747, 41.184193], [-120.504743, 41.184962]], [[-120.397588, 40.376828], [-120.388638, 40.37957], [-120.385717, 40.381982], [-120.360084, 40.376574], [-120.314426, 40.377485], [-120.31034, 40.380234], [-120.30968, 40.387652], [-120.307928, 40.390733], [-120.290304, 40.399965], [-120.287586, 40.406124], [-120.287701, 40.410225], [-120.279101, 40.442929], [-120.279253, 40.455457], [-120.247766, 40.596328], [-120.245423, 40.617306], [-120.255613, 40.642522], [-120.273912, 40.657028], [-120.281524, 40.66512], [-120.308735, 40.724939], [-120.356979, 40.791553], [-120.390849, 40.818717], [-120.41044, 40.829239], [-120.468075, 40.87105], [-120.510058, 40.929698], [-120.510857, 40.935841], [-120.502367, 40.960716], [-120.486683, 41.025766], [-120.473544, 41.055446], [-120.472072, 41.069868], [-120.469326, 41.077619], [-120.471077, 41.088786], [-120.47553, 41.101273], [-120.49452, 41.125803], [-120.500621, 41.129121], [-120.504803, 41.133979], [-120.510216, 41.143515], [-120.504747, 41.184193]], [[-120.504743, 41.184962], [-120.507132, 41.197897], [-120.503748, 41.221744], [-120.504437, 41.252069], [-120.503135, 41.280971], [-120.50665, 41.31465], [-120.513901, 41.345965], [-120.519999, 41.353488], [-120.536991, 41.367602], [-120.539073, 41.371276], [-120.54274, 41.384369], [-120.541607, 41.393249], [-120.550101, 41.460296], [-120.542466, 41.478657], [-120.542604, 41.494503], [-120.535845, 41.498323], [-120.486225, 41.514139], [-120.48104, 41.517029], [-120.453903, 41.54587], [-120.436636, 41.569323], [-120.435342, 41.580563], [-120.432022, 41.587883], [-120.425138, 41.590908], [-120.423012, 41.59381]], [[-120.498292, 40.288727], [-120.503712, 40.291739]], [[-120.498292, 40.288727], [-120.503625, 40.291736], [-120.503712, 40.291739]], [[-120.492495, 40.285494], [-120.498292, 40.288727]], [[-120.488875, 40.282199], [-120.492495, 40.285494]], [[-120.488875, 40.282199], [-120.4909, 40.284384], [-120.492495, 40.285494]], [[-120.475662, 40.267466], [-120.488875, 40.282199]], [[-120.471668, 40.263199], [-120.475662, 40.267466]], [[-120.471668, 40.263199], [-120.473314, 40.265097], [-120.475662, 40.267466]], [[-120.467055, 40.257173], [-120.471668, 40.263199]], [[-120.457718, 40.245754], [-120.460624, 40.248735], [-120.467055, 40.257173]], [[-120.457718, 40.245754], [-120.467055, 40.257173]], [[-120.357583, 40.167489], [-120.370525, 40.170406], [-120.390918, 40.183709], [-120.457718, 40.245754]], [[-120.442616, 40.364958], [-120.442599, 40.364957], [-120.441879, 40.364956]], [[-120.442616, 40.364958], [-120.441879, 40.364956]], [[-120.441879, 40.364956], [-120.404936, 40.365527], [-120.402384, 40.367253], [-120.398634, 40.376055]], [[-120.423012, 41.59381], [-120.42301, 41.593819], [-120.422981, 41.594179]], [[-120.423012, 41.59381], [-120.422981, 41.594179]], [[-120.422981, 41.594179], [-120.422738, 41.601196], [-120.418038, 41.607214], [-120.417983, 41.612477], [-120.412759, 41.618103], [-120.400572, 41.641197]], [[-120.400572, 41.641197], [-120.400051, 41.642202]], [[-120.400572, 41.641197], [-120.40055, 41.64124], [-120.400051, 41.642202]], [[-120.400051, 41.642202], [-120.375398, 41.690095], [-120.375255, 41.7705], [-120.372491, 41.782803], [-120.365117, 41.800492], [-120.355083, 41.812827], [-120.351056, 41.820612], [-120.358163, 41.835876], [-120.358588, 41.84881], [-120.348712, 41.867455], [-120.341895, 41.886161], [-120.29874, 41.979906], [-120.298088, 41.993003]], [[-120.398634, 40.376055], [-120.398324, 40.376354]], [[-120.398634, 40.376055], [-120.398626, 40.376063], [-120.398324, 40.376354]], [[-120.398324, 40.376354], [-120.397923, 40.376655]], [[-120.397923, 40.376655], [-120.397588, 40.376828]], [[-120.397923, 40.376655], [-120.397912, 40.376663], [-120.397588, 40.376828]], [[-120.341443, 40.162973], [-120.351721, 40.165933], [-120.357553, 40.167511], [-120.357583, 40.167489]], [[-120.341443, 40.162973], [-120.357583, 40.167489]], [[-120.27566, 40.139607], [-120.305197, 40.152687], [-120.341443, 40.162973]], [[-120.241886, 40.12188], [-120.27566, 40.139607]], [[-120.241886, 40.12188], [-120.263347, 40.133952], [-120.27566, 40.139607]], [[-120.032086, 39.874012], [-120.019498, 39.889247], [-120.012768, 39.906823], [-120.019897, 39.924993], [-120.020387, 39.937071], [-120.026259, 39.945947], [-120.086931, 40.002323], [-120.0928, 40.010479], [-120.103207, 40.015625], [-120.109344, 40.033584], [-120.154488, 40.080958], [-120.165594, 40.087913], [-120.241886, 40.12188]], [[-120.04173, 39.852721], [-120.041034, 39.856694], [-120.040472, 39.861939], [-120.040013, 39.863654], [-120.039118, 39.865152], [-120.036906, 39.867458], [-120.032086, 39.874012]], [[-120.04173, 39.852721], [-120.040561, 39.861906], [-120.040102, 39.863678], [-120.039208, 39.865176], [-120.036754, 39.8678], [-120.035267, 39.870268], [-120.032086, 39.874012]], [[-120.040222, 39.841445], [-120.04173, 39.852721]], [[-120.035758, 39.821824], [-120.040222, 39.841445]], [[-120.035758, 39.821824], [-120.039554, 39.838782], [-120.040222, 39.841445]], [[-120.038671, 39.785657], [-120.033178, 39.807824], [-120.035758, 39.821824]], [[-120.001163, 39.673262], [-120.010172, 39.681952], [-120.015595, 39.689671], [-120.029602, 39.698497], [-120.034023, 39.704804], [-120.038094, 39.7181], [-120.03974, 39.741734], [-120.038671, 39.785657]], [[-120.001168, 39.673949], [-120.014012, 39.688961], [-120.029131, 39.698816], [-120.033411, 39.704919], [-120.037338, 39.717805], [-120.038452, 39.731805], [-120.038671, 39.785657]], [[-119.367945, 38.348789], [-119.386536, 38.349448], [-119.421343, 38.355263], [-119.437843, 38.343633], [-119.448193, 38.342518], [-119.452913, 38.345415], [-119.452661, 38.348072], [-119.443518, 38.360173], [-119.444402, 38.36862], [-119.454662, 38.387788], [-119.452774, 38.393679], [-119.453338, 38.403901], [-119.44752, 38.420775], [-119.452723, 38.43372], [-119.453738, 38.443532], [-119.460675, 38.454957], [-119.45936, 38.461025], [-119.463307, 38.46584], [-119.460178, 38.479725], [-119.462232, 38.483984], [-119.456711, 38.487382], [-119.456579, 38.497829], [-119.451346, 38.503505], [-119.449941, 38.51198], [-119.455021, 38.514436], [-119.470042, 38.513032], [-119.481176, 38.517028], [-119.486724, 38.522372], [-119.488608, 38.529301], [-119.498627, 38.542015], [-119.502452, 38.555753], [-119.505891, 38.560493], [-119.511025, 38.574437], [-119.512601, 38.583719], [-119.518834, 38.596921], [-119.519476, 38.618592], [-119.523602, 38.625152], [-119.523623, 38.634235], [-119.529285, 38.646707], [-119.536253, 38.653463], [-119.540531, 38.662494], [-119.54892, 38.671275], [-119.548585, 38.687742]], [[-119.338951, 38.348135], [-119.342541, 38.348731], [-119.345035, 38.348964], [-119.367945, 38.348789]], [[-119.338951, 38.348135], [-119.367945, 38.348789]], [[-119.223719, 38.255848], [-119.271844, 38.258104], [-119.290604, 38.277523], [-119.302097, 38.284055], [-119.309193, 38.292713], [-119.31408, 38.306402], [-119.315222, 38.324049], [-119.324156, 38.344185], [-119.327556, 38.346308], [-119.338951, 38.348135]], [[-119.223464, 38.25566], [-119.223719, 38.255848]], [[-119.223464, 38.25566], [-119.223467, 38.255664], [-119.223719, 38.255848]], [[-119.188591, 38.159988], [-119.193105, 38.1672], [-119.194947, 38.177154], [-119.198062, 38.183638], [-119.219627, 38.197382], [-119.231269, 38.21179], [-119.22096, 38.245535], [-119.223464, 38.25566]], [[-119.185632, 38.149358], [-119.188591, 38.159988]], [[-119.185632, 38.149358], [-119.187095, 38.157274], [-119.188591, 38.159988]], [[-119.181596, 38.123623], [-119.181592, 38.132768], [-119.184723, 38.140123], [-119.185632, 38.149358]], [[-119.169655, 38.067948], [-119.169943, 38.068962], [-119.169691, 38.070122], [-119.165898, 38.076442], [-119.164768, 38.07744], [-119.159093, 38.080662], [-119.158365, 38.082586], [-119.161107, 38.084642], [-119.165652, 38.083457], [-119.171062, 38.076648], [-119.173926, 38.074696], [-119.175215, 38.074256], [-119.176359, 38.074261], [-119.177347, 38.074557], [-119.178376, 38.075392], [-119.178663, 38.075994], [-119.178737, 38.076569], [-119.17825, 38.083372], [-119.181451, 38.086229], [-119.182102, 38.087206], [-119.182289, 38.088111], [-119.182212, 38.088835], [-119.181819, 38.089717], [-119.179286, 38.092291], [-119.178317, 38.095978], [-119.178305, 38.101282], [-119.177283, 38.104134], [-119.177875, 38.112369], [-119.177687, 38.114673], [-119.178172, 38.116226], [-119.181257, 38.122453], [-119.181596, 38.123623]], [[-119.169655, 38.067948], [-119.165742, 38.076478], [-119.159213, 38.08044], [-119.158446, 38.081315], [-119.158263, 38.08258], [-119.160842, 38.084684], [-119.162165, 38.084666], [-119.16609, 38.083379], [-119.173945, 38.07478], [-119.178343, 38.075507], [-119.178145, 38.083352], [-119.182186, 38.088103], [-119.179186, 38.092314], [-119.178237, 38.095897], [-119.1772, 38.104062], [-119.177596, 38.114739], [-119.178715, 38.117649], [-119.181596, 38.123623]], [[-119.159197, 38.042157], [-119.16478, 38.05199], [-119.169655, 38.067948]], [[-119.154737, 38.008703], [-119.157581, 38.020439], [-119.157378, 38.021723], [-119.155749, 38.025838], [-119.155671, 38.027453], [-119.159197, 38.042157]], [[-119.154737, 38.008703], [-119.157431, 38.020435], [-119.155615, 38.025819], [-119.155537, 38.027471], [-119.159197, 38.042157]], [[-119.13081, 37.968341], [-119.138455, 37.980782], [-119.139638, 37.986167], [-119.144798, 37.99351], [-119.145573, 37.997161], [-119.153019, 38.003628], [-119.154737, 38.008703]], [[-118.395323, 37.364646], [-118.395435, 37.373511], [-118.39755, 37.375598], [-118.460436, 37.375766], [-118.463136, 37.376007], [-118.464951, 37.376307], [-118.467452, 37.376986], [-118.470116, 37.377947], [-118.50089, 37.389423], [-118.543779, 37.405792], [-118.548127, 37.408197], [-118.551573, 37.411814], [-118.558567, 37.424381], [-118.570099, 37.438368], [-118.571819, 37.441658], [-118.573281, 37.450863], [-118.581042, 37.469332], [-118.583621, 37.506015], [-118.585806, 37.511689], [-118.594529, 37.517723], [-118.612846, 37.520241], [-118.62087, 37.523673], [-118.637278, 37.535767], [-118.638689, 37.537245], [-118.639621, 37.538915], [-118.639978, 37.540388], [-118.640361, 37.550429], [-118.652652, 37.557368], [-118.659365, 37.557666], [-118.660719, 37.558029], [-118.664846, 37.559992], [-118.67382, 37.560976], [-118.676716, 37.561617], [-118.687779, 37.565446], [-118.698636, 37.571725], [-118.710774, 37.571481], [-118.721029, 37.57504], [-118.739584, 37.573192], [-118.756596, 37.576084], [-118.768403, 37.580592], [-118.791248, 37.590918], [-118.804455, 37.603707], [-118.810011, 37.612817], [-118.813264, 37.615437], [-118.886522, 37.635348], [-118.912065, 37.638967], [-118.915644, 37.640384], [-118.921923, 37.644402], [-118.924275, 37.64811], [-118.925778, 37.657373], [-118.936728, 37.670498], [-118.939481, 37.676707], [-118.943036, 37.690115], [-118.949254, 37.697961], [-118.954281, 37.712755], [-118.976269, 37.742551], [-118.982791, 37.749069], [-118.986393, 37.756258], [-118.998815, 37.763691], [-119.018645, 37.77766], [-119.020536, 37.779965], [-119.023381, 37.786322], [-119.037665, 37.793792], [-119.038724, 37.794525], [-119.040047, 37.795942], [-119.040768, 37.79743], [-119.041838, 37.804242], [-119.048083, 37.808345], [-119.059431, 37.817335], [-119.065238, 37.826997], [-119.072228, 37.831483], [-119.085743, 37.858029], [-119.102192, 37.941655], [-119.108312, 37.94896], [-119.116074, 37.950899], [-119.116773, 37.951202], [-119.117505, 37.9518], [-119.12452, 37.963622], [-119.129616, 37.966874], [-119.13081, 37.968341]], [[-118.395323, 37.364646], [-118.395362, 37.373689], [-118.397518, 37.375686], [-118.464933, 37.376378], [-118.547907, 37.408504], [-118.558188, 37.424552], [-118.57141, 37.441761], [-118.572699, 37.451261], [-118.580549, 37.472574], [-118.583924, 37.513686], [-118.593611, 37.51856], [-118.603153, 37.52087], [-118.610209, 37.520543], [-118.619804, 37.523872], [-118.63775, 37.536289], [-118.63982, 37.539958], [-118.639842, 37.549874], [-118.640712, 37.55088], [-118.641573, 37.551487], [-118.652159, 37.557203], [-118.653595, 37.557823], [-118.654735, 37.558037], [-118.659475, 37.55778], [-118.664802, 37.56006], [-118.676649, 37.561793], [-118.687652, 37.5656], [-118.698557, 37.57191], [-118.710722, 37.571665], [-118.721245, 37.575254], [-118.740389, 37.573442], [-118.756974, 37.576875], [-118.791173, 37.591269], [-118.804378, 37.604104], [-118.810138, 37.613426], [-118.813163, 37.615631], [-118.885465, 37.635455], [-118.912147, 37.639356], [-118.921167, 37.644319], [-118.923792, 37.648148], [-118.925021, 37.656803], [-118.938797, 37.676017], [-118.942798, 37.69039], [-118.948003, 37.696761], [-118.953603, 37.713029], [-118.976652, 37.743632], [-118.982287, 37.74896], [-118.985177, 37.755431], [-118.988333, 37.758415], [-119.018317, 37.777602], [-119.023502, 37.78718], [-119.039059, 37.79495], [-119.041815, 37.804371], [-119.058766, 37.817051], [-119.064008, 37.825987], [-119.068233, 37.831146], [-119.071356, 37.841235], [-119.080087, 37.850909], [-119.085894, 37.861452], [-119.101794, 37.941798], [-119.108122, 37.949179], [-119.117079, 37.951534], [-119.124429, 37.96367], [-119.13081, 37.968341]], [[-118.39526, 37.360506], [-118.395323, 37.364646]], [[-118.206607, 36.813425], [-118.228371, 36.836219], [-118.241726, 36.890777], [-118.239815, 36.960001], [-118.23383, 36.989141], [-118.230689, 37.025082], [-118.234225, 37.055063], [-118.238066, 37.060692], [-118.254134, 37.109132], [-118.281826, 37.147353], [-118.289082, 37.15603], [-118.289559, 37.171589], [-118.290251, 37.17345], [-118.291075, 37.174489], [-118.307613, 37.191275], [-118.344966, 37.228873], [-118.346619, 37.230967], [-118.372072, 37.279922], [-118.373073, 37.28283], [-118.374265, 37.291352], [-118.375159, 37.294361], [-118.394687, 37.332272], [-118.39526, 37.360506]], [[-118.206607, 36.813425], [-118.228412, 36.835875], [-118.242131, 36.890503], [-118.240275, 36.95996], [-118.23435, 36.98862], [-118.231197, 37.024247], [-118.234284, 37.05449], [-118.237937, 37.059659], [-118.254712, 37.109396], [-118.289206, 37.155987], [-118.290508, 37.173642], [-118.345099, 37.228788], [-118.346785, 37.230907], [-118.372243, 37.279871], [-118.373265, 37.282811], [-118.375332, 37.294313], [-118.394823, 37.332272], [-118.39526, 37.360506]], [[-118.193767, 36.793636], [-118.206607, 36.813425]], [[-118.064947, 36.609076], [-118.067342, 36.617137], [-118.075453, 36.630723], [-118.083085, 36.642113], [-118.093942, 36.653772], [-118.096818, 36.673274], [-118.130462, 36.707764], [-118.193767, 36.793636]], [[-118.064947, 36.609076], [-118.067239, 36.617219], [-118.082072, 36.641851], [-118.094271, 36.66553], [-118.096738, 36.673598], [-118.130157, 36.7081], [-118.193767, 36.793636]], [[-118.057657, 36.592698], [-118.064947, 36.609076]], [[-118.057576, 36.578852], [-118.057657, 36.592698]], [[-118.057576, 36.578852], [-118.05749, 36.584779], [-118.057657, 36.592698]], [[-118.057579, 36.578324], [-118.057576, 36.578852]], [[-118.023875, 36.374287], [-118.024279, 36.39126], [-118.031958, 36.431892], [-118.034896, 36.440835], [-118.034785, 36.452236], [-118.036752, 36.464246], [-118.036157, 36.475038], [-118.032253, 36.506764], [-118.03364, 36.51059], [-118.043234, 36.524336], [-118.044335, 36.526829], [-118.051447, 36.563004], [-118.05734, 36.5763], [-118.057579, 36.578324]], [[-118.023875, 36.374287], [-118.0238, 36.390901], [-118.031545, 36.431883], [-118.034454, 36.440864], [-118.034349, 36.451629], [-118.036379, 36.464265], [-118.032073, 36.506426], [-118.033634, 36.510831], [-118.044174, 36.526672], [-118.050792, 36.562012], [-118.057579, 36.578324]], [[-118.023585, 36.358133], [-118.023875, 36.374287]], [[-118.022879, 36.349928], [-118.023387, 36.352376], [-118.023585, 36.358133]], [[-118.022879, 36.349928], [-118.023585, 36.358133]], [[-117.982709, 36.23349], [-118.005948, 36.28188], [-118.017705, 36.293608], [-118.02673, 36.313749], [-118.026705, 36.322336], [-118.020595, 36.336956], [-118.022879, 36.349928]], [[-117.868041, 35.698557], [-117.876633, 35.857733], [-117.880321, 35.86505], [-117.887483, 35.871831], [-117.898016, 35.89441], [-117.907806, 35.923073], [-117.908247, 35.929428], [-117.907681, 35.932005], [-117.90608, 35.93593], [-117.905983, 35.937503], [-117.910972, 35.956186], [-117.919245, 35.966751], [-117.9332, 35.999048], [-117.961446, 36.088013], [-117.971297, 36.110861], [-117.97783, 36.165041], [-117.980543, 36.226839], [-117.982709, 36.23349]], [[-117.867375, 35.698671], [-117.875936, 35.858452], [-117.898411, 35.896907], [-117.907628, 35.923093], [-117.908019, 35.929873], [-117.90591, 35.935907], [-117.905826, 35.937526], [-117.910876, 35.956458], [-117.918732, 35.967564], [-117.932069, 35.998392], [-117.960493, 36.087546], [-117.970343, 36.11061], [-117.977381, 36.164698], [-117.980164, 36.227407], [-117.982709, 36.23349]], [[-117.863321, 35.692109], [-117.866108, 35.693486], [-117.867232, 35.694392], [-117.868041, 35.698542]], [[-117.863321, 35.692109], [-117.866401, 35.694367], [-117.867371, 35.698656]], [[-117.648502, 35.380756], [-117.672521, 35.424747], [-117.670679, 35.436007], [-117.654576, 35.453012], [-117.655424, 35.460938], [-117.653624, 35.476952], [-117.67429, 35.522213], [-117.69025, 35.543634], [-117.712898, 35.550116], [-117.814392, 35.667065], [-117.863321, 35.692109]], [[-117.645684, 35.379292], [-117.648502, 35.380756]], [[-117.645684, 35.379292], [-117.645732, 35.379353], [-117.648502, 35.380756]], [[-117.637309, 35.373638], [-117.645684, 35.379292]], [[-117.632266, 35.371777], [-117.637309, 35.373638]], [[-117.632266, 35.371777], [-117.63453, 35.372675], [-117.637309, 35.373638]], [[-117.500938, 34.845757], [-117.515262, 34.898715], [-117.516292, 34.918185], [-117.528412, 34.945035], [-117.560192, 35.059195], [-117.559352, 35.071425], [-117.568532, 35.089165], [-117.609122, 35.234525], [-117.616272, 35.286655], [-117.608495, 35.317369], [-117.610942, 35.323225], [-117.618632, 35.331095], [-117.621152, 35.344995], [-117.616672, 35.357515], [-117.616612, 35.361745], [-117.619582, 35.366655], [-117.632266, 35.371777]], [[-117.42572, 34.618839], [-117.492274, 34.814275], [-117.500601, 34.844276], [-117.500938, 34.845757]], [[-117.42572, 34.618839], [-117.492284, 34.814389], [-117.500938, 34.845757]], [[-117.399405, 34.515326], [-117.399554, 34.542292], [-117.42572, 34.618839]], [[-117.400848, 34.404576], [-117.399192, 34.410229], [-117.400403, 34.423215], [-117.399504, 34.490226]], [[-117.399504, 34.490226], [-117.399503, 34.510464]], [[-117.399504, 34.490226], [-117.399627, 34.508649], [-117.399503, 34.510464]], [[-117.399503, 34.510464], [-117.399427, 34.512154]], [[-117.399427, 34.512154], [-117.399405, 34.515326]], [[-117.399427, 34.512154], [-117.399475, 34.512249], [-117.399405, 34.515326]]]}}, {"type": "Feature", "properties": {"route_number": "US-50"}, "geometry": {"type": "MultiLineString", "coordinates": [[[-121.571644, 38.574982], [-121.537258, 38.574949], [-121.532608, 38.575469], [-121.526712, 38.576988], [-121.523756, 38.576868], [-121.514658, 38.569998], [-121.511018, 38.56825], [-121.475368, 38.558858], [-121.471624, 38.558805], [-121.462542, 38.560766], [-121.458838, 38.560515], [-121.44312, 38.556175], [-121.43729, 38.553333], [-121.430542, 38.551016], [-121.427058, 38.550412], [-121.421755, 38.550751], [-121.393819, 38.557024], [-121.34556, 38.562251], [-121.340938, 38.563599], [-121.309126, 38.577811], [-121.281619, 38.594348], [-121.279241, 38.596384], [-121.277983, 38.59821], [-121.275425, 38.605368], [-121.272428, 38.608021], [-121.228089, 38.624898], [-121.200207, 38.639342], [-121.174061, 38.642607], [-121.152189, 38.641727], [-121.145869, 38.641746], [-121.098011, 38.643913], [-121.052939, 38.658119], [-121.04739, 38.65798], [-121.041982, 38.654767], [-121.038471, 38.65412], [-121.032608, 38.655264], [-121.015109, 38.655046], [-120.986264, 38.657045], [-120.978015, 38.659253], [-120.953265, 38.659555], [-120.939985, 38.66188], [-120.934813, 38.663521], [-120.927697, 38.667673], [-120.902356, 38.69125], [-120.891765, 38.695217], [-120.883077, 38.695961], [-120.879039, 38.696815], [-120.84096, 38.709825], [-120.838528, 38.71214], [-120.834445, 38.720698], [-120.828869, 38.723133], [-120.819872, 38.730251], [-120.811474, 38.72967], [-120.808604, 38.72831], [-120.806809, 38.728058], [-120.805203, 38.728112], [-120.803921, 38.728415], [-120.799806, 38.730331], [-120.796706, 38.729809], [-120.795964, 38.729838], [-120.791085, 38.731666], [-120.788248, 38.731339], [-120.786922, 38.731423], [-120.783148, 38.732733], [-120.779179, 38.733016], [-120.775145, 38.73415], [-120.771156, 38.733425], [-120.768091, 38.731002], [-120.766096, 38.730289], [-120.762337, 38.730464], [-120.757064, 38.732093], [-120.750053, 38.731018], [-120.748812, 38.730993], [-120.74741, 38.731277], [-120.746248, 38.731998], [-120.74314, 38.736248], [-120.737882, 38.738438], [-120.736576, 38.738479], [-120.734068, 38.737807], [-120.732505, 38.737661], [-120.723663, 38.738778], [-120.716562, 38.736924], [-120.707647, 38.736934], [-120.705483, 38.737131], [-120.703065, 38.737659], [-120.69676, 38.739984], [-120.682092, 38.735215], [-120.680137, 38.734908], [-120.671911, 38.734246], [-120.670291, 38.734237], [-120.66851, 38.734714], [-120.66724, 38.735475], [-120.658785, 38.743799], [-120.648828, 38.74358], [-120.644037, 38.744588], [-120.636339, 38.743489], [-120.634648, 38.743475], [-120.633006, 38.743675], [-120.625567, 38.745134], [-120.620276, 38.748021], [-120.611346, 38.749006], [-120.605808, 38.750725], [-120.604538, 38.751176], [-120.600447, 38.753299], [-120.595298, 38.754503], [-120.579779, 38.761038], [-120.567706, 38.761047]], [[-121.567831, 38.575785], [-121.537254, 38.575114], [-121.527182, 38.577097], [-121.523973, 38.577093], [-121.510895, 38.568492], [-121.475392, 38.559089], [-121.472017, 38.558975], [-121.463481, 38.560926], [-121.459549, 38.56089], [-121.443399, 38.556505], [-121.426953, 38.550638], [-121.393911, 38.557253], [-121.345265, 38.562548], [-121.309624, 38.577814], [-121.281703, 38.594541], [-121.278207, 38.598273], [-121.275571, 38.605579], [-121.272145, 38.608457], [-121.228422, 38.625008], [-121.200396, 38.639447], [-121.174123, 38.642769], [-121.149559, 38.641882], [-121.098395, 38.644132], [-121.057225, 38.657509], [-121.050444, 38.658687], [-121.046355, 38.658172], [-121.038322, 38.654534], [-121.032683, 38.655462], [-121.013517, 38.6554], [-120.992549, 38.657628], [-120.986369, 38.657287], [-120.977909, 38.659519], [-120.953284, 38.659818], [-120.939801, 38.66219], [-120.928212, 38.667624], [-120.902495, 38.691463], [-120.891713, 38.695496], [-120.879926, 38.696828], [-120.841413, 38.709874], [-120.838677, 38.712382], [-120.834783, 38.720551], [-120.820132, 38.730322], [-120.811406, 38.729783], [-120.805444, 38.728225], [-120.799794, 38.730454], [-120.795909, 38.729928], [-120.791121, 38.731739], [-120.774785, 38.734273], [-120.770864, 38.73343], [-120.766172, 38.730433], [-120.757055, 38.732221], [-120.748388, 38.731115], [-120.743123, 38.736369], [-120.73802, 38.738495], [-120.72393, 38.738881], [-120.707667, 38.737046], [-120.696907, 38.740101], [-120.681869, 38.735271], [-120.67038, 38.734333], [-120.667325, 38.735535], [-120.659071, 38.74382], [-120.643691, 38.744691], [-120.633283, 38.743737], [-120.625698, 38.745204], [-120.620046, 38.748193], [-120.60954, 38.749638], [-120.600261, 38.753504], [-120.5953, 38.754631], [-120.579509, 38.761239], [-120.567706, 38.761047]], [[-120.567706, 38.761047], [-120.559206, 38.76212], [-120.554108, 38.767506], [-120.546773, 38.762869], [-120.535431, 38.762015]], [[-120.535431, 38.762015], [-120.531492, 38.760771], [-120.527587, 38.760085], [-120.523243, 38.760758], [-120.519439, 38.759421], [-120.517975, 38.759295], [-120.516998, 38.759468], [-120.513673, 38.760697], [-120.510453, 38.759778], [-120.509469, 38.759691], [-120.505862, 38.760378], [-120.501136, 38.762363], [-120.500398, 38.762792], [-120.499842, 38.763302], [-120.497686, 38.766013], [-120.496273, 38.766716], [-120.483925, 38.764993], [-120.481089, 38.765276], [-120.480141, 38.765588], [-120.479371, 38.766052], [-120.477272, 38.767816], [-120.476879, 38.76858], [-120.476801, 38.770737], [-120.475933, 38.771881], [-120.464105, 38.776433], [-120.46114, 38.775833], [-120.45972, 38.77311], [-120.458443, 38.772124], [-120.457299, 38.771609], [-120.456069, 38.771297], [-120.454046, 38.771344]], [[-120.535431, 38.762015], [-120.527645, 38.760204], [-120.523079, 38.76086], [-120.518516, 38.759418], [-120.513649, 38.760827], [-120.509247, 38.75984], [-120.500943, 38.762558], [-120.497829, 38.765979], [-120.496263, 38.766802], [-120.480902, 38.765402], [-120.477429, 38.767801], [-120.476851, 38.770862], [-120.476, 38.771935], [-120.463912, 38.776542], [-120.461006, 38.775862], [-120.458479, 38.77225], [-120.454046, 38.771344]], [[-120.454046, 38.771344], [-120.450314, 38.77153], [-120.446465, 38.76878], [-120.440273, 38.768702], [-120.421725, 38.775421], [-120.405977, 38.776284], [-120.39878, 38.773714], [-120.388458, 38.772532], [-120.379813, 38.767036], [-120.374434, 38.767526], [-120.360591, 38.76363], [-120.355931, 38.766836], [-120.347952, 38.763648], [-120.34095, 38.765323], [-120.332475, 38.763488], [-120.32459, 38.764076], [-120.300263, 38.774286], [-120.294635, 38.774491], [-120.289251, 38.77234], [-120.280259, 38.776944], [-120.264831, 38.776685], [-120.250747, 38.780901], [-120.242747, 38.780687], [-120.236364, 38.784189], [-120.21853, 38.782173], [-120.213885, 38.785213], [-120.193687, 38.790999], [-120.176274, 38.788308], [-120.166731, 38.789039], [-120.157634, 38.786986], [-120.144925, 38.797423], [-120.139241, 38.806294], [-120.135138, 38.808791], [-120.126712, 38.810597]], [[-120.126712, 38.810597], [-120.120905, 38.811469]], [[-120.126712, 38.810597], [-120.122482, 38.811457], [-120.120905, 38.811469]], [[-120.120905, 38.811469], [-120.120152, 38.810012], [-120.123525, 38.806102], [-120.121297, 38.80502], [-120.120954, 38.801784], [-120.117655, 38.803594]], [[-120.117655, 38.803594], [-120.117462, 38.803629]], [[-120.117655, 38.803594], [-120.11747, 38.803629], [-120.117462, 38.803629]], [[-120.117462, 38.803629], [-120.11206, 38.802399], [-120.108602, 38.80518], [-120.099851, 38.805438], [-120.090222, 38.812256], [-120.07372, 38.820645], [-120.053761, 38.825969], [-120.039948, 38.823039], [-120.034938, 38.818701], [-120.032834, 38.813627], [-120.02938, 38.813232], [-120.027281, 38.819106], [-120.028356, 38.825172], [-120.03219, 38.830833], [-120.035339, 38.831847], [-120.034776, 38.835638], [-120.040997, 38.838802], [-120.042806, 38.84149], [-120.032205, 38.844382], [-120.022604, 38.850911]], [[-120.022604, 38.850911], [-120.022238, 38.851071]], [[-120.022604, 38.850911], [-120.022297, 38.850855], [-120.022238, 38.851071]], [[-120.022238, 38.851071], [-120.018608, 38.85278]], [[-120.018608, 38.85278], [-120.014687, 38.854579], [-120.013545, 38.855348], [-120.012099, 38.857675], [-120.011971, 38.858448], [-120.012149, 38.859549]], [[-120.018608, 38.85278], [-120.013713, 38.855281], [-120.012149, 38.859549]], [[-120.012149, 38.859549], [-120.011999, 38.863705], [-120.006766, 38.869102], [-120.004928, 38.878641], [-119.999826, 38.890357], [-119.998801, 38.903843]], [[-120.00462, 38.913488], [-119.980688, 38.929607], [-119.977936, 38.934081], [-119.977287, 38.94274], [-119.976887, 38.943643], [-119.976149, 38.944424], [-119.974581, 38.945126], [-119.971042, 38.945824], [-119.966066, 38.945725], [-119.95963, 38.947717], [-119.946469, 38.953738], [-119.942149, 38.959231]], [[-119.998801, 38.903843], [-120.003249, 38.910764], [-120.00462, 38.913488]], [[-119.998801, 38.903843], [-120.00462, 38.913488]], [[-120.00462, 38.913488], [-120.004499, 38.913433], [-120.003581, 38.913823], [-120.002742, 38.914305], [-119.983927, 38.926815], [-119.980602, 38.929525], [-119.977715, 38.934335], [-119.976074, 38.944321], [-119.966034, 38.945646], [-119.959584, 38.947622], [-119.946373, 38.95367], [-119.942039, 38.959157]]]}}, {"type": "Feature", "properties": {"route_number": "US-95"}, "geometry": {"type": "MultiLineString", "coordinates": [[[-114.755272, 34.877535], [-114.759842, 34.890655], [-114.765499, 34.896066], [-114.776492, 34.921245], [-114.788092, 34.929215], [-114.812302, 34.939815], [-114.823622, 34.940845], [-114.833029, 34.967359], [-114.831372, 35.025645], [-114.824332, 35.037697], [-114.827591, 35.046677], [-114.829927, 35.140306], [-114.846576, 35.166455], [-114.849322, 35.175957]], [[-114.57074, 33.608127], [-114.572676, 33.700838], [-114.570523, 33.702749], [-114.560907, 33.704517], [-114.554374, 33.709413], [-114.548096, 33.711539], [-114.533558, 33.712169], [-114.519433, 33.722451], [-114.516617, 33.727059], [-114.515277, 33.737574], [-114.516855, 33.754677], [-114.523304, 33.784892], [-114.536504, 33.831194], [-114.53284, 33.858225], [-114.525136, 33.877286], [-114.524972, 33.887402], [-114.531499, 33.900641], [-114.534171, 33.921527], [-114.540155, 33.927289], [-114.541147, 33.930487], [-114.538796, 33.943945], [-114.532888, 33.952516], [-114.518432, 33.966625], [-114.513136, 33.974887], [-114.494613, 33.988514], [-114.48422, 34.003081], [-114.486844, 34.030337], [-114.481246, 34.044181], [-114.481262, 34.087995], [-114.483592, 34.092415], [-114.508672, 34.107335], [-114.511062, 34.124595], [-114.532719, 34.141077], [-114.574729, 34.189066], [-114.604402, 34.195165], [-114.640642, 34.233165], [-114.651202, 34.281385], [-114.655218, 34.372617], [-114.653267, 34.380981], [-114.649067, 34.519926], [-114.642822, 34.580965], [-114.631072, 34.596415], [-114.641282, 34.617193], [-114.636232, 34.627245], [-114.636932, 34.630507], [-114.634982, 34.635045], [-114.627442, 34.647465], [-114.629532, 34.669095], [-114.622719, 34.674537], [-114.620972, 34.680405], [-114.616572, 34.683405], [-114.612899, 34.697474], [-114.614172, 34.711195], [-114.607328, 34.724434], [-114.60274, 34.729607], [-114.602201, 34.745583], [-114.597046, 34.757445], [-114.596002, 34.770139], [-114.609007, 34.793858], [-114.60616, 34.803831], [-114.600216, 34.810929], [-114.601616, 34.816598], [-114.596922, 34.824084]], [[-114.570714, 33.606708], [-114.57074, 33.608127]], [[-114.570714, 33.606708], [-114.570663, 33.606779], [-114.57074, 33.608127]], [[-114.570689, 33.605159], [-114.570714, 33.606708]]]}}, {"type": "Feature", "properties": {"route_number": "US-97"}, "geometry": {"type": "MultiLineString", "coordinates": [[[-122.387194, 41.434577], [-122.387025, 41.436097], [-122.38727, 41.43806], [-122.386981, 41.439106], [-122.384007, 41.441095]], [[-122.387194, 41.434577], [-122.387358, 41.438065], [-122.387081, 41.43914], [-122.384007, 41.441095]], [[-122.38355, 41.418268], [-122.383012, 41.419743], [-122.387192, 41.422731], [-122.389155, 41.427263], [-122.387194, 41.434577]], [[-122.384007, 41.441095], [-122.365611, 41.447011]], [[-122.365611, 41.447011], [-122.364874, 41.447474], [-122.363625, 41.448608], [-122.361619, 41.451522]], [[-122.365611, 41.447011], [-122.361619, 41.451522]], [[-122.361619, 41.451522], [-122.357207, 41.45806], [-122.34973, 41.477249], [-122.34295, 41.482286], [-122.324061, 41.504259], [-122.306456, 41.519757], [-122.285494, 41.523999], [-122.270469, 41.534058], [-122.248668, 41.533733], [-122.235779, 41.536552], [-122.196895, 41.571353], [-122.192963, 41.581237], [-122.200744, 41.603768], [-122.200841, 41.617381], [-122.194646, 41.630354]], [[-122.194646, 41.630354], [-122.192723, 41.633661]], [[-122.194646, 41.630354], [-122.192963, 41.633352], [-122.192723, 41.633661]], [[-122.192723, 41.633661], [-122.189731, 41.63771], [-122.18532, 41.639577], [-122.151707, 41.643377], [-122.13025, 41.644002], [-122.125985, 41.646522], [-122.120615, 41.652763], [-122.086431, 41.669884], [-122.0762, 41.673134], [-122.054216, 41.686967]], [[-122.054216, 41.686967], [-122.05344, 41.687056], [-122.053439, 41.687057]], [[-122.054216, 41.686967], [-122.053439, 41.687057]], [[-122.053439, 41.687057], [-122.042844, 41.688985], [-122.039219, 41.695595], [-122.058321, 41.726943], [-122.059355, 41.734628], [-122.063626, 41.743879], [-122.066417, 41.756055], [-122.005296, 41.829247], [-122.001407, 41.838706], [-121.921469, 41.957488], [-121.921278, 41.962549], [-121.918336, 41.96286], [-121.918143, 41.967036], [-121.910711, 41.968006], [-121.908896, 41.971946], [-121.909196, 41.977173], [-121.903333, 41.981153], [-121.889135, 42.00335]]]}}]}